Rk,Player,Position,Squad,90s,Assists,xA,Assists-xA,KeyPasses,Total Completed Passes,Total Attempted Passes,Total Pass Completion %,Short Completed Passes,Short Attempted Passes,Short Pass Completion %,Medium Completed Passes,Medium Attempted Passes,Medium Pass Completion %,Long Completed Passes,Long Attempted Passes,Long Pass Completion %,Through Ball Passes,Corner Kicks,Passes into final third,Passes Into Penalty Box,Crosses into Penalty Box,Goals,PK,PK Attempts,Shots Total,Shots on Target,FK Shots,Shots on Target %,Shots per 90,SOT per 90,Goals per Shot,Goals per SOT,xG,npxG,npxG per Shot,Goals minus xG,np Goals minus xG 
1,Suleiman Abdullahi,FWD,Union Berlin,1.1,0,0.0,0.0,0,11,25,44.0,0,2,0.0,10,20,50.0,1,3,33.3,0,0,1,0,0,0,0,0,3,1,0,33.3,2.78,0.93,0.00,0.00,0.3,0.3,0.11,-0.3,-0.3
2,David Abraham,DEF,Eint Frankfurt,12.0,0,0.1,-0.1,2,421,518,81.3,4,10,40.0,260,300,86.7,157,208,75.5,0,0,43,4,0,1,0,0,4,2,0,50.0,0.33,0.17,0.25,0.50,0.8,0.8,0.21,+0.2,+0.2
3,Amir Abrashi,MID,Freiburg,5.9,0,0.1,-0.1,3,192,220,87.3,9,14,64.3,169,185,91.4,14,21,66.7,0,0,10,3,2,0,0,0,5,2,0,40.0,0.85,0.34,0.00,0.00,0.1,0.1,0.02,-0.1,-0.1
4,Tyler Adams,DEF,RB Leipzig,4.5,0,0.3,-0.3,3,247,302,81.8,6,14,42.9,206,239,86.2,35,49,71.4,1,0,13,3,1,0,0,0,3,1,0,33.3,0.67,0.22,0.00,0.00,0.2,0.2,0.08,-0.2,-0.2
5,Sargis Adamyan,FWD,Hoffenheim,8.3,1,0.6,+0.4,7,140,191,73.3,4,16,25.0,119,150,79.3,17,25,68.0,0,0,5,2,1,5,0,0,20,10,0,50.0,2.42,1.21,0.25,0.50,4.2,4.2,0.21,+0.8,+0.8
6,Manuel Akanji,DEF,Dortmund,19.1,0,0.5,-0.5,1,1291,1411,91.5,7,18,38.9,884,934,94.6,400,459,87.1,2,0,85,1,0,0,0,0,8,2,0,25.0,0.42,0.10,0.00,0.00,0.6,0.6,0.08,-0.6,-0.6
7,Kevin Akpoguma,DEF,Hoffenheim,9.7,0,0.0,0.0,1,487,550,88.5,2,3,66.7,393,419,93.8,92,128,71.9,1,0,12,0,0,0,0,0,2,0,0,0.0,0.21,0.00,0.00,0,0.1,0.1,0.06,-0.1,-0.1
8,David Alaba,DEF,Bayern Munich,16.9,1,1.5,-0.5,13,1397,1539,90.8,10,21,47.6,1024,1079,94.9,363,439,82.7,5,4,179,15,5,1,0,0,12,6,6,50.0,0.71,0.36,0.08,0.17,0.5,0.5,0.05,+0.5,+0.5
9,Lucas Alario,FWD,Bayer,8.1,1,2.2,-1.2,14,162,216,75.0,14,25,56.0,127,164,77.4,21,27,77.8,3,0,5,5,0,6,1,1,31,13,0,41.9,3.83,1.61,0.16,0.38,5.3,4.5,0.15,+0.7,+0.5
10,Paco Alcácer,FWD,Dortmund,5.9,1,1.0,0.0,5,84,112,75.0,4,8,50.0,75,92,81.5,5,12,41.7,0,1,2,2,0,5,0,0,15,7,0,46.7,2.56,1.19,0.33,0.71,3.7,3.7,0.25,+1.3,+1.3
11,Thiago Alcántara,MID,Bayern Munich,15.6,0,1.0,-1.0,21,1274,1412,90.2,25,40,62.5,891,959,92.9,358,413,86.7,2,3,141,16,0,3,0,0,18,8,0,44.4,1.16,0.51,0.17,0.38,2.3,2.3,0.13,+0.7,+0.7
12,Nadiem Amiri,MID,Bayer,13.8,2,4.1,-2.1,39,574,733,78.3,23,40,57.5,428,487,87.9,123,206,59.7,5,52,53,11,2,0,0,0,32,12,0,37.5,2.31,0.87,0.00,0.00,1.9,1.9,0.06,-1.9,-1.9
13,Ethan Ampadu,DEF,RB Leipzig,0.9,0,0.0,0.0,0,74,78,94.9,3,3,100.0,51,53,96.2,20,22,90.9,1,0,5,0,0,0,0,0,1,0,0,0.0,1.15,0.00,0.00,0,0.2,0.2,0.15,-0.2,-0.2
14,Opoku Ampomah,FWD,Düsseldorf,5.2,0,0.3,-0.3,8,61,100,61.0,0,7,0.0,48,70,68.6,13,23,56.5,0,1,6,3,0,0,0,0,14,4,0,28.6,2.68,0.76,0.00,0.00,0.6,0.6,0.05,-0.6,-0.6
15,Sebastian Andersson,FWD,Union Berlin,20.3,1,0.9,+0.1,11,341,556,61.3,14,35,40.0,295,462,63.9,32,59,54.2,0,0,33,8,2,8,1,2,44,26,0,59.1,2.17,1.28,0.16,0.27,9.5,8.0,0.18,-1.5,-1.0
16,Robert Andrich,MID,Union Berlin,20.8,2,1.5,+0.5,23,638,910,70.1,20,49,40.8,489,628,77.9,129,233,55.4,3,4,76,21,3,0,0,0,38,5,2,13.2,1.82,0.24,0.00,0.00,1.4,1.4,0.04,-1.4,-1.4
17,Angeliño,DEF,RB Leipzig,2.0,0,0.2,-0.2,3,63,94,67.0,2,4,50.0,42,52,80.8,19,38,50.0,0,5,2,2,0,0,0,0,0,0,0,0,0.00,0.00,0,0,0.0,0.0,0,0.0,0.0
18,Christopher Antwi-Adjei,MID,Paderborn 07,16.7,2,2.6,-0.6,30,385,528,72.9,11,32,34.4,309,388,79.6,65,108,60.2,3,18,17,22,4,1,0,0,33,9,0,27.3,1.98,0.54,0.03,0.11,3.4,3.4,0.10,-2.4,-2.4
19,Charles Aránguiz,MID,Bayer,14.7,3,1.5,+1.5,18,868,1005,86.4,6,24,25.0,699,757,92.3,163,224,72.8,0,2,86,4,0,1,0,0,10,2,0,20.0,0.68,0.14,0.10,0.50,1.0,1.0,0.10,0.0,0.0
20,Maximilian Arnold,MID,Wolfsburg,20.8,4,4.9,-0.9,49,738,1005,73.4,19,39,48.7,481,552,87.1,238,414,57.5,8,65,69,16,5,3,0,0,41,13,4,31.7,1.98,0.63,0.07,0.23,2.1,2.1,0.05,+0.9,+0.9
21,Santiago Ascacíbar,MID,Hertha BSC,5.0,1,0.1,+0.9,2,172,209,82.3,8,15,53.3,121,141,85.8,43,53,81.1,0,1,4,1,1,0,0,0,0,0,0,0,0.00,0.00,0,0,0.0,0.0,0,0.0,0.0
22,Ludwig Augustinsson,DEF,Werder Bremen,5.7,1,0.6,+0.4,11,207,290,71.4,1,14,7.1,178,205,86.8,28,71,39.4,0,9,7,5,3,0,0,0,1,0,0,0.0,0.17,0.00,0.00,0,0.1,0.1,0.08,-0.1,-0.1
23,Taiwo Awoniyi,FWD,Mainz 05,1.7,0,0.1,-0.1,1,15,26,57.7,0,5,0.0,15,20,75.0,0,1,0.0,0,0,2,0,0,0,0,0,5,1,0,20.0,3.00,0.60,0.00,0.00,0.7,0.7,0.13,-0.7,-0.7
24,Kaan Ayhan,DEF,Düsseldorf,20.4,3,2.2,+0.8,13,840,998,84.2,6,20,30.0,528,572,92.3,306,406,75.4,5,0,73,8,2,2,0,0,20,4,5,20.0,0.98,0.20,0.10,0.50,2.0,2.0,0.10,0.0,0.0
25,Matthias Bader,DEF,Köln,0.1,0,0.0,0.0,0,4,7,57.1,0,0,0,4,4,100.0,0,3,0.0,0,0,0,0,0,0,0,0,0,0,0,0,0.00,0.00,0,0,0.0,0.0,0,0.0,0.0
26,Daniel Baier,MID,Augsburg,16.6,0,0.4,-0.4,7,517,669,77.3,7,21,33.3,360,427,84.3,150,221,67.9,2,0,45,7,0,1,0,0,14,1,0,7.1,0.84,0.06,0.07,1.00,0.5,0.5,0.03,+0.5,+0.5
27,Leon Bailey,FWD,Bayer,6.6,1,1.6,-0.6,11,176,269,65.4,6,19,31.6,134,181,74.0,36,69,52.2,3,8,7,14,5,4,0,0,22,9,1,40.9,3.36,1.37,0.18,0.44,2.8,2.8,0.13,+1.2,+1.2
28,Lewis Baker,MID,Düsseldorf,6.1,0,0.3,-0.3,6,184,230,80.0,6,11,54.5,128,152,84.2,50,67,74.6,0,2,21,3,0,0,0,0,12,5,2,41.7,1.97,0.82,0.00,0.00,0.5,0.5,0.04,-0.5,-0.5
29,Ridle Baku,MID,Mainz 05,15.6,0,1.6,-1.6,16,477,656,72.7,9,25,36.0,346,444,77.9,122,187,65.2,0,0,39,10,3,0,0,0,13,3,0,23.1,0.83,0.19,0.00,0.00,0.5,0.5,0.04,-0.5,-0.5
30,Leonardo Balerdi,DEF,Dortmund,0.1,0,0.0,0.0,0,17,17,100.0,0,0,0,16,16,100.0,1,1,100.0,0,0,1,0,0,0,0,0,0,0,0,0,0.00,0.00,0,0,0.0,0.0,0,0.0,0.0
31,Philipp Bargfrede,MID,Werder Bremen,4.0,0,0.0,0.0,1,138,180,76.7,1,3,33.3,106,130,81.5,31,47,66.0,1,0,24,2,0,0,0,0,3,0,0,0.0,0.76,0.00,0.00,0,0.1,0.1,0.03,-0.1,-0.1
32,Aymen Barkok,FWD,Düsseldorf,0.9,0,0.0,0.0,0,17,29,58.6,0,1,0.0,13,21,61.9,4,7,57.1,0,0,3,0,0,0,0,0,0,0,0,0,0.00,0.00,0,0,0.0,0.0,0,0.0,0.0
33,Leandro Barreiro Martins,MID,Mainz 05,3.7,0,0.1,-0.1,1,69,93,74.2,1,7,14.3,54,66,81.8,14,20,70.0,0,0,7,0,0,0,0,0,5,1,0,20.0,1.36,0.27,0.00,0.00,0.4,0.4,0.07,-0.4,-0.4
34,Fin Bartels,FWD,Werder Bremen,1.3,0,0.2,-0.2,2,46,60,76.7,1,4,25.0,38,44,86.4,7,12,58.3,0,0,1,1,0,0,0,0,3,2,0,66.7,2.37,1.58,0.00,0.00,0.3,0.3,0.09,-0.3,-0.3
35,Oliver Baumann,GK,Hoffenheim,18.0,0,0.0,0.0,1,671,853,78.7,9,9,100.0,411,412,99.8,251,432,58.1,0,0,8,0,0,0,0,0,0,0,0,0,0.00,0.00,0,0,0.0,0.0,0,0.0,0.0
36,Julian Baumgartlinger,MID,Bayer,13.3,1,0.9,+0.1,9,702,780,90.0,20,31,64.5,580,625,92.8,102,124,82.3,1,2,44,6,0,1,0,0,13,4,0,30.8,0.98,0.30,0.08,0.25,1.1,1.1,0.08,-0.1,-0.1
37,Christoph Baumgartner,FWD,Hoffenheim,7.8,1,0.7,+0.3,7,131,199,65.8,5,15,33.3,101,140,72.1,25,44,56.8,1,4,10,4,0,3,0,0,31,13,0,41.9,3.99,1.67,0.10,0.23,3.5,3.5,0.11,-0.5,-0.5
38,Noah Joel Sarenren Bazee,MID,Augsburg,0.2,0,0.0,0.0,0,4,6,66.7,2,3,66.7,1,2,50.0,1,1,100.0,0,0,0,0,0,0,0,0,0,0,0,0,0.00,0.00,0,0,0.0,0.0,0,0.0,0.0
39,Ihlas Bebou,FWD,Hoffenheim,15.3,0,2.3,-2.3,22,302,453,66.7,13,42,31.0,256,341,75.1,33,70,47.1,3,0,23,12,2,3,0,0,24,13,0,54.2,1.57,0.85,0.13,0.23,2.3,2.3,0.09,+0.7,+0.7
40,Sheraldo Becker,MID,Union Berlin,5.6,2,0.8,+1.2,7,76,125,60.8,4,10,40.0,54,83,65.1,18,32,56.3,0,0,2,3,2,0,0,0,7,4,0,57.1,1.25,0.71,0.00,0.00,0.2,0.2,0.03,-0.2,-0.2
41,Timo Becker,DEF,Schalke 04,0.9,0,0.0,0.0,0,28,33,84.8,1,2,50.0,22,25,88.0,5,6,83.3,0,0,5,1,0,0,0,0,0,0,0,0,0.00,0.00,0,0,0.0,0.0,0,0.0,0.0
42,Maximilian Beier,FWD,Hoffenheim,0.0,0,0,0,0,0,0,0,0,0,0,0,0,0,0,0,0,0,0,0,0,0,0,0,0,0,0,0,0,0.00,0.00,0,0,0,0,0,0,0
43,Ishak Belfodil,FWD,Hoffenheim,3.0,0,0.2,-0.2,5,49,65,75.4,2,7,28.6,41,48,85.4,6,10,60.0,0,0,4,2,0,0,0,0,10,2,0,20.0,3.35,0.67,0.00,0.00,1.3,1.3,0.13,-1.3,-1.3
44,Karim Bellarabi,FWD,Bayer,12.5,3,2.8,+0.2,18,400,575,69.6,7,39,17.9,325,405,80.2,68,131,51.9,1,1,23,12,3,3,0,0,49,21,0,42.9,3.91,1.67,0.06,0.14,4.8,4.8,0.10,-1.8,-1.8
45,Lars Bender,DEF,Bayer,14.7,1,1.1,-0.1,17,872,1027,84.9,21,46,45.7,705,789,89.4,146,192,76.0,1,0,52,10,1,2,0,0,15,2,0,13.3,1.02,0.14,0.13,1.00,0.8,0.8,0.06,+1.2,+1.2
46,Sven Bender,DEF,Bayer,21.3,0,0.0,0.0,1,1589,1725,92.1,13,18,72.2,1073,1144,93.8,503,563,89.3,1,0,48,3,0,0,0,0,9,2,0,22.2,0.42,0.09,0.00,0.00,0.7,0.7,0.08,-0.7,-0.7
47,László Bénes,MID,M'gladbach,9.1,4,2.3,+1.7,19,346,457,75.7,5,15,33.3,237,283,83.7,104,159,65.4,3,28,52,7,0,0,0,0,19,6,5,31.6,2.09,0.66,0.00,0.00,1.0,1.0,0.05,-1.0,-1.0
48,Ramy Bensebaini,DEF,M'gladbach,7.1,0,0.3,-0.3,4,302,380,79.5,3,17,17.6,242,277,87.4,57,86,66.3,1,0,17,1,1,3,1,1,6,4,0,66.7,0.85,0.57,0.33,0.50,1.8,1.1,0.18,+1.2,+0.9
49,Valon Berisha,MID,Düsseldorf,2.7,0,0.2,-0.2,3,93,120,77.5,2,5,40.0,67,79,84.8,24,36,66.7,0,4,7,2,0,0,0,0,2,1,0,50.0,0.73,0.37,0.00,0.00,0.3,0.3,0.17,-0.3,-0.3
50,Louis Beyer,DEF,M'gladbach,1.2,0,0.0,0.0,0,33,41,80.5,2,2,100.0,23,27,85.2,8,12,66.7,0,0,0,0,0,0,0,0,0,0,0,0,0.00,0.00,0,0,0.0,0.0,0,0.0,0.0
51,Ermin Bičakčić,DEF,Hoffenheim,8.4,0,0.4,-0.4,1,391,442,88.5,3,8,37.5,294,314,93.6,94,120,78.3,1,0,23,4,0,2,0,0,3,2,0,66.7,0.36,0.24,0.67,1.00,0.4,0.4,0.12,+1.6,+1.6
52,Leonardo Bittencourt,FWD,Hoffenheim,0.0,0,0.0,0.0,0,2,3,66.7,0,0,0,2,3,66.7,0,0,0,0,0,0,0,0,0,0,0,1,0,0,0.0,45.00,0.00,0.00,0,0.0,0.0,0.04,0.0,0.0
52,Leonardo Bittencourt,FWD,Hoffenheim,0.0,0,0.0,0.0,0,2,3,66.7,0,0,0,2,3,66.7,0,0,0,0,0,0,0,0,2,0,0,31,8,0,25.8,1.96,0.51,0.06,0.25,2.3,2.3,0.08,-0.3,-0.3
53,Leonardo Bittencourt,FWD,Werder Bremen,15.8,0,2.4,-2.4,26,518,699,74.1,14,43,32.6,434,530,81.9,70,126,55.6,2,12,37,12,3,0,0,0,1,0,0,0.0,45.00,0.00,0.00,0,0.0,0.0,0.04,0.0,0.0
53,Leonardo Bittencourt,FWD,Werder Bremen,15.8,0,2.4,-2.4,26,518,699,74.1,14,43,32.6,434,530,81.9,70,126,55.6,2,12,37,12,3,2,0,0,31,8,0,25.8,1.96,0.51,0.06,0.25,2.3,2.3,0.08,-0.3,-0.3
54,Jérôme Boateng,DEF,Bayern Munich,10.7,0,0.3,-0.3,1,820,908,90.3,0,2,0.0,498,529,94.1,322,377,85.4,3,0,60,6,0,0,0,0,3,0,0,0.0,0.28,0.00,0.00,0,0.2,0.2,0.08,-0.2,-0.2
55,Adam Bodzek,MID,Düsseldorf,14.5,0,0.2,-0.2,4,379,449,84.4,3,8,37.5,252,289,87.2,124,152,81.6,0,0,39,3,0,0,0,0,8,3,0,37.5,0.55,0.21,0.00,0.00,0.6,0.6,0.07,-0.6,-0.6
56,Jean-Paul Boëtius,MID,Mainz 05,19.4,5,3.2,+1.8,31,522,699,74.7,17,43,39.5,396,488,81.1,109,168,64.9,4,0,74,18,1,3,0,0,26,9,0,34.6,1.34,0.46,0.12,0.33,2.0,2.0,0.08,+1.0,+1.0
57,Robin Bormuth,DEF,Düsseldorf,2.0,0,0.0,0.0,0,59,74,79.7,0,1,0.0,38,44,86.4,21,29,72.4,0,0,3,0,0,0,0,0,0,0,0,0,0.00,0.00,0,0,0.0,0.0,0,0.0,0.0
58,Sebastiaan Bornauw,DEF,Köln,19.9,0,0.3,-0.3,3,700,864,81.0,1,4,25.0,393,437,89.9,306,423,72.3,1,0,46,4,1,4,0,0,14,5,0,35.7,0.70,0.25,0.29,0.80,2.6,2.6,0.18,+1.4,+1.4
59,Brandon Borrello,MID,Freiburg,3.3,0,0.3,-0.3,2,59,76,77.6,1,4,25.0,52,62,83.9,6,10,60.0,0,0,1,1,0,0,0,0,6,1,0,16.7,1.81,0.30,0.00,0.00,0.2,0.2,0.03,-0.2,-0.2
60,Nassim Boujellab,MID,Schalke 04,0.7,0,0.0,0.0,0,22,25,88.0,1,2,50.0,15,16,93.8,6,7,85.7,1,0,1,0,0,0,0,0,1,0,0,0.0,1.38,0.00,0.00,0,0.1,0.1,0.14,-0.1,-0.1
61,Dedryck Boyata,DEF,Hertha BSC,17.6,1,0.8,+0.2,1,717,782,91.7,4,10,40.0,441,467,94.4,272,305,89.2,0,0,28,1,0,3,0,0,15,3,0,20.0,0.85,0.17,0.20,1.00,1.3,1.3,0.08,+1.7,+1.7
62,Julian Brandt,MID,Dortmund,15.2,2,3.1,-1.1,26,852,1032,82.6,22,59,37.3,645,741,87.0,185,232,79.7,11,13,65,40,1,3,0,0,24,12,0,50.0,1.58,0.79,0.13,0.25,3.3,3.3,0.14,-0.3,-0.3
63,Erling Braut Håland,FWD,Dortmund,3.4,0,0.1,-0.1,2,49,69,71.0,3,7,42.9,43,58,74.1,3,4,75.0,0,0,3,2,0,8,0,0,12,9,0,75.0,3.54,2.66,0.67,0.89,4.0,4.0,0.33,+4.0,+4.0
64,Josip Brekalo,FWD,Wolfsburg,9.6,4,3.6,+0.4,25,306,453,67.5,9,36,25.0,229,284,80.6,68,133,51.1,5,28,26,21,3,2,0,0,20,9,1,45.0,2.09,0.94,0.10,0.22,1.7,1.7,0.08,+0.3,+0.3
65,John Brooks,DEF,Wolfsburg,13.0,1,0.1,+0.9,2,466,574,81.2,5,12,41.7,273,319,85.6,188,243,77.4,0,0,25,2,0,0,0,0,6,3,0,50.0,0.46,0.23,0.00,0.00,0.9,0.9,0.16,-0.9,-0.9
66,Daniel Brosinski,DEF,Mainz 05,14.2,3,2.6,+0.4,32,499,775,64.4,3,22,13.6,328,402,81.6,168,351,47.9,0,40,40,18,5,2,1,1,16,5,3,31.3,1.13,0.35,0.06,0.20,1.5,0.8,0.05,+0.5,+0.2
67,Jeffrey Bruma,DEF,Wolfsburg,9.0,0,0.0,0.0,0,268,306,87.6,2,5,40.0,173,189,91.5,93,112,83.0,0,0,5,0,0,0,0,0,9,2,0,22.2,1.00,0.22,0.00,0.00,1.3,1.3,0.14,-1.3,-1.3
67,Jeffrey Bruma,DEF,Wolfsburg,9.0,0,0.0,0.0,0,268,306,87.6,2,5,40.0,173,189,91.5,93,112,83.0,0,0,5,0,0,0,0,0,1,0,0,0.0,0.50,0.00,0.00,0,0.1,0.1,0.12,-0.1,-0.1
68,Jeffrey Bruma,DEF,Mainz 05,2.0,0,0.0,0.0,0,34,39,87.2,0,0,0,16,19,84.2,18,20,90.0,0,0,5,0,0,0,0,0,9,2,0,22.2,1.00,0.22,0.00,0.00,1.3,1.3,0.14,-1.3,-1.3
68,Jeffrey Bruma,DEF,Mainz 05,2.0,0,0.0,0.0,0,34,39,87.2,0,0,0,16,19,84.2,18,20,90.0,0,0,5,0,0,0,0,0,1,0,0,0.0,0.50,0.00,0.00,0,0.1,0.1,0.12,-0.1,-0.1
69,Jacob Bruun Larsen,FWD,Dortmund,0.7,1,0.3,+0.7,1,22,27,81.5,1,3,33.3,18,21,85.7,3,3,100.0,0,0,3,0,0,0,0,0,0,0,0,0,0.00,0.00,0,0,0.0,0.0,0,0.0,0.0
69,Jacob Bruun Larsen,FWD,Dortmund,0.7,1,0.3,+0.7,1,22,27,81.5,1,3,33.3,18,21,85.7,3,3,100.0,0,0,3,0,0,0,0,0,0,0,0,0,0.00,0.00,0,0,0.0,0.0,0,0.0,0.0
70,Jacob Bruun Larsen,MID,Hoffenheim,0.6,0,0.1,-0.1,1,14,18,77.8,0,2,0.0,12,13,92.3,2,3,66.7,0,1,0,0,0,0,0,0,0,0,0,0,0.00,0.00,0,0,0.0,0.0,0,0.0,0.0
70,Jacob Bruun Larsen,MID,Hoffenheim,0.6,0,0.1,-0.1,1,14,18,77.8,0,2,0.0,12,13,92.3,2,3,66.7,0,1,0,0,0,0,0,0,0,0,0,0,0.00,0.00,0,0,0.0,0.0,0,0.0,0.0
71,Marius Bülter,MID,Union Berlin,16.4,0,2.6,-2.6,19,262,401,65.3,6,32,18.8,218,284,76.8,38,85,44.7,2,0,15,9,6,7,0,0,28,12,0,42.9,1.71,0.73,0.25,0.58,2.5,2.5,0.09,+4.5,+4.5
72,Guido Burgstaller,FWD,Schalke 04,10.9,1,0.6,+0.4,5,161,237,67.9,9,26,34.6,135,182,74.2,17,29,58.6,2,0,11,5,0,0,0,0,30,7,0,23.3,2.75,0.64,0.00,0.00,4.3,4.3,0.14,-4.3,-4.3
73,Jonathan Burkardt,FWD,Mainz 05,1.0,0,0.0,0.0,0,17,22,77.3,2,3,66.7,11,12,91.7,4,7,57.1,0,0,0,0,0,0,0,0,4,0,0,0.0,3.87,0.00,0.00,0,0.6,0.6,0.14,-0.6,-0.6
74,Roman Bürki,GK,Dortmund,18.8,0,0.0,0.0,0,527,666,79.1,4,4,100.0,318,319,99.7,205,343,59.8,0,0,2,0,0,0,0,0,0,0,0,0,0.00,0.00,0,0,0.0,0.0,0,0.0,0.0
75,Daniel Caligiuri,MID,Schalke 04,18.1,1,3.3,-2.3,34,486,758,64.1,15,63,23.8,382,510,74.9,89,185,48.1,2,54,34,15,1,1,0,0,29,6,7,20.7,1.61,0.33,0.03,0.17,1.4,1.4,0.05,-0.4,-0.4
76,Emre Can,MID,Dortmund,1.7,0,0.0,0.0,1,80,96,83.3,1,5,20.0,63,70,90.0,16,21,76.2,0,0,9,0,0,1,0,0,2,1,0,50.0,1.19,0.60,0.50,1.00,0.0,0.0,0.01,+1.0,+1.0
77,Koen Casteels,GK,Wolfsburg,14.0,0,0.0,0.0,1,374,525,71.2,1,1,100.0,165,166,99.4,208,358,58.1,0,0,12,0,0,0,0,0,0,0,0,0,0.00,0.00,0,0,0.0,0.0,0,0.0,0.0
78,Timothy Chandler,DEF,Eint Frankfurt,9.4,1,0.9,+0.1,10,192,308,62.3,1,16,6.3,145,200,72.5,46,92,50.0,0,0,18,7,4,4,0,0,10,6,0,60.0,1.07,0.64,0.40,0.67,1.0,1.0,0.10,+3.0,+3.0
79,Kwon Chang-hoon,FWD,Freiburg,5.3,0,0.7,-0.7,7,114,154,74.0,3,11,27.3,90,108,83.3,21,35,60.0,0,0,9,3,0,2,0,0,12,5,0,41.7,2.25,0.94,0.17,0.40,1.6,1.6,0.13,+0.4,+0.4
80,Darko Churlinov,FWD,Köln,0.2,0,0.0,0.0,1,7,11,63.6,0,2,0.0,6,8,75.0,1,1,100.0,0,0,0,0,0,0,0,0,0,0,0,0,0.00,0.00,0,0,0.0,0.0,0,0.0,0.0
81,Per Ciljan Skjelbred,MID,Hertha BSC,12.4,0,0.0,0.0,0,432,512,84.4,7,17,41.2,323,375,86.1,102,120,85.0,0,0,34,1,0,0,0,0,1,0,0,0.0,0.08,0.00,0.00,0,0.0,0.0,0.02,0.0,0.0
82,Jamilu Collins,DEF,Paderborn 07,18.6,2,1.0,+1.0,12,853,1131,75.4,6,52,11.5,685,798,85.8,162,281,57.7,1,0,74,8,3,1,0,1,12,1,1,8.3,0.64,0.05,0.08,1.00,1.7,0.9,0.08,-0.7,+0.1
83,Kingsley Coman,FWD,Bayern Munich,10.8,1,2.9,-1.9,20,390,501,77.8,1,16,6.3,331,398,83.2,58,87,66.7,0,1,12,19,6,2,0,0,22,8,0,36.4,2.04,0.74,0.09,0.25,2.3,2.3,0.10,-0.3,-0.3
84,Jhon Córdoba,FWD,Köln,12.8,0,1.0,-1.0,10,183,235,77.9,6,16,37.5,148,182,81.3,29,37,78.4,0,0,9,5,0,7,0,0,41,16,0,39.0,3.19,1.25,0.17,0.44,5.8,5.8,0.14,+1.2,+1.2
85,Sergio Córdova,FWD,Augsburg,2.9,1,0.8,+0.2,3,37,54,68.5,3,6,50.0,27,38,71.1,7,10,70.0,1,0,6,0,0,1,0,0,2,1,0,50.0,0.70,0.35,0.50,1.00,0.6,0.6,0.29,+0.4,+0.4
86,Danny da Costa,DEF,Eint Frankfurt,11.4,3,2.4,+0.6,16,280,449,62.4,1,31,3.2,221,302,73.2,58,116,50.0,2,0,16,11,6,1,0,0,13,3,0,23.1,1.14,0.26,0.08,0.33,1.2,1.2,0.09,-0.2,-0.2
87,Philippe Coutinho,MID,Bayern Munich,12.7,6,3.2,+2.8,28,574,704,81.5,12,30,40.0,447,504,88.7,115,170,67.6,5,22,98,24,1,6,1,1,47,21,2,44.7,3.69,1.65,0.11,0.24,6.9,6.2,0.13,-0.9,-1.2
88,Mickaël Cuisance,MID,Bayern Munich,0.4,0,0.0,0.0,0,31,39,79.5,0,1,0.0,25,28,89.3,6,10,60.0,0,3,4,1,0,0,0,0,2,0,0,0.0,4.86,0.00,0.00,0,0.0,0.0,0.02,0.0,0.0
89,Matheus Cunha,FWD,RB Leipzig,3.0,1,0.3,+0.7,3,74,96,77.1,2,7,28.6,62,76,81.6,10,13,76.9,0,0,6,5,2,0,0,0,16,7,0,43.8,5.27,2.31,0.00,0.00,2.1,2.1,0.13,-2.1,-2.1
89,Matheus Cunha,FWD,RB Leipzig,3.0,1,0.3,+0.7,3,74,96,77.1,2,7,28.6,62,76,81.6,10,13,76.9,0,0,6,5,2,0,0,0,5,1,0,20.0,5.42,1.08,0.00,0.00,1.2,1.2,0.24,-1.2,-1.2
90,Matheus Cunha,FWD,Hertha BSC,0.9,0,0.1,-0.1,1,10,16,62.5,0,0,0,6,11,54.5,4,5,80.0,0,0,4,1,0,0,0,0,16,7,0,43.8,5.27,2.31,0.00,0.00,2.1,2.1,0.13,-2.1,-2.1
90,Matheus Cunha,FWD,Hertha BSC,0.9,0,0.1,-0.1,1,10,16,62.5,0,0,0,6,11,54.5,4,5,80.0,0,0,4,1,0,0,0,0,5,1,0,20.0,5.42,1.08,0.00,0.00,1.2,1.2,0.24,-1.2,-1.2
91,Rafael Czichos,DEF,Köln,18.4,1,0.4,+0.6,3,726,857,84.7,5,13,38.5,447,492,90.9,274,352,77.8,2,0,47,2,0,1,0,0,8,4,0,50.0,0.43,0.22,0.13,0.25,1.0,1.0,0.12,0.0,0.0
92,Moanes Dabour,FWD,Hoffenheim,3.0,0,0.0,0.0,1,40,56,71.4,2,5,40.0,32,41,78.0,6,10,60.0,0,0,3,4,0,0,0,0,6,2,0,33.3,1.99,0.66,0.00,0.00,0.7,0.7,0.11,-0.7,-0.7
93,Mahmoud Dahoud,MID,Dortmund,3.3,1,0.4,+0.6,6,279,306,91.2,2,7,28.6,224,235,95.3,53,64,82.8,1,0,26,7,0,0,0,0,9,2,0,22.2,2.75,0.61,0.00,0.00,1.1,1.1,0.12,-1.1,-1.1
94,Leon Dajaku,DEF,Bayern Munich,0.1,0,0.0,0.0,0,5,6,83.3,0,0,0,3,4,75.0,2,2,100.0,0,0,0,0,0,0,0,0,0,0,0,0,0.00,0.00,0,0,0.0,0.0,0,0.0,0.0
95,Vladimír Darida,MID,Hertha BSC,15.2,3,2.5,+0.5,29,523,691,75.7,3,31,9.7,372,431,86.3,148,229,64.6,3,16,49,10,3,3,0,0,28,10,0,35.7,1.84,0.66,0.11,0.30,2.3,2.3,0.08,+0.7,+0.7
96,Alphonso Davies,DEF,Bayern Munich,15.0,4,2.2,+1.8,19,984,1131,87.0,19,49,38.8,831,910,91.3,134,172,77.9,1,0,62,24,13,1,0,0,8,2,0,25.0,0.53,0.13,0.13,0.50,1.0,1.0,0.13,0.0,0.0
97,Thomas Delaney,MID,Dortmund,5.3,0,0.0,0.0,1,259,307,84.4,3,6,50.0,203,227,89.4,53,74,71.6,0,0,18,0,0,0,0,0,3,0,0,0.0,0.56,0.00,0.00,0,0.5,0.5,0.17,-0.5,-0.5
98,Kerem Demirbay,MID,Bayer,11.3,3,2.7,+0.3,31,599,778,77.0,10,24,41.7,446,513,86.9,143,241,59.3,2,69,64,6,0,0,0,0,20,5,1,25.0,1.76,0.44,0.00,0.00,1.1,1.1,0.06,-1.1,-1.1
99,Diego Demme,MID,RB Leipzig,13.5,0,1.0,-1.0,12,933,1076,86.7,13,35,37.1,757,830,91.2,163,211,77.3,4,0,85,15,1,0,0,0,4,2,0,50.0,0.30,0.15,0.00,0.00,0.4,0.4,0.09,-0.4,-0.4
100,Moussa Diaby,FWD,Bayer,10.4,2,2.3,-0.3,17,278,369,75.3,10,27,37.0,231,276,83.7,37,66,56.1,0,0,19,11,4,3,0,0,26,16,0,61.5,2.50,1.54,0.12,0.19,3.2,3.2,0.12,-0.2,-0.2
101,Javairô Dilrosun,MID,Hertha BSC,12.4,2,1.5,+0.5,13,259,360,71.9,4,20,20.0,207,254,81.5,48,86,55.8,0,5,25,9,4,3,0,0,17,5,2,29.4,1.38,0.40,0.18,0.60,1.6,1.6,0.09,+1.4,+1.4
102,Bas Dost,FWD,Eint Frankfurt,10.8,0,0.8,-0.8,9,175,297,58.9,5,17,29.4,139,228,61.0,31,52,59.6,2,0,21,2,0,5,0,0,20,12,0,60.0,1.85,1.11,0.25,0.42,3.9,3.9,0.19,+1.1,+1.1
103,Mohamed Dräger,DEF,Paderborn 07,10.5,3,0.6,+2.4,5,421,553,76.1,13,39,33.3,286,352,81.3,122,162,75.3,1,0,19,6,0,0,0,0,8,1,0,12.5,0.76,0.10,0.00,0.00,0.2,0.2,0.03,-0.2,-0.2
104,Aleksandar Dragović,DEF,Bayer,6.0,0,0.0,0.0,0,454,503,90.3,3,7,42.9,297,321,92.5,154,175,88.0,0,0,36,0,0,0,0,0,2,0,0,0.0,0.33,0.00,0.00,0,0.5,0.5,0.25,-0.5,-0.5
105,Dominick Drexler,MID,Köln,12.8,1,2.5,-1.5,17,336,467,71.9,7,28,25.0,278,344,80.8,51,95,53.7,1,0,24,16,3,2,0,0,16,7,0,43.8,1.25,0.55,0.13,0.29,1.9,1.9,0.12,+0.1,+0.1
106,Ondrej Duda,MID,Hertha BSC,5.0,1,0.4,+0.6,6,152,192,79.2,4,13,30.8,121,134,90.3,27,45,60.0,2,3,18,4,0,0,0,0,7,5,2,71.4,1.40,1.00,0.00,0.00,0.5,0.5,0.08,-0.5,-0.5
107,Erik Durm,DEF,Eint Frankfurt,4.8,0,0.1,-0.1,2,140,213,65.7,5,18,27.8,115,144,79.9,20,51,39.2,0,1,4,3,0,0,0,0,12,3,0,25.0,2.51,0.63,0.00,0.00,0.6,0.6,0.05,-0.6,-0.6
108,Johannes Eggestein,MID,Werder Bremen,4.9,0,0.5,-0.5,6,125,174,71.8,3,15,20.0,113,132,85.6,9,27,33.3,0,2,2,3,0,1,0,0,12,6,0,50.0,2.44,1.22,0.08,0.17,0.8,0.8,0.07,+0.2,+0.2
109,Maximilian Eggestein,MID,Werder Bremen,20.7,2,1.7,+0.3,24,762,991,76.9,16,63,25.4,594,717,82.8,152,211,72.0,1,0,85,23,3,0,0,0,34,10,0,29.4,1.64,0.48,0.00,0.00,2.0,2.0,0.06,-2.0,-2.0
110,Kingsley Ehizibue,DEF,Köln,16.2,1,0.8,+0.2,13,538,714,75.4,8,28,28.6,394,471,83.7,136,215,63.3,0,0,26,8,0,1,0,0,10,4,0,40.0,0.62,0.25,0.10,0.25,0.8,0.8,0.08,+0.2,+0.2
111,Nico Elvedi,DEF,M'gladbach,17.7,0,0.0,0.0,0,938,1029,91.2,8,19,42.1,621,677,91.7,309,333,92.8,0,0,27,0,0,1,0,0,5,1,0,20.0,0.28,0.06,0.20,1.00,0.3,0.3,0.06,+0.7,+0.7
112,Breel Embolo,FWD,M'gladbach,11.4,3,2.8,+0.2,11,180,250,72.0,9,28,32.1,153,190,80.5,18,32,56.3,0,0,10,4,1,6,0,1,26,12,0,46.2,2.27,1.05,0.23,0.50,4.7,3.9,0.16,+1.3,+2.1
113,Alexander Esswein,FWD,Hertha BSC,0.5,0,0.6,-0.6,1,8,10,80.0,0,0,0,7,8,87.5,1,2,50.0,0,0,2,0,0,0,0,0,0,0,0,0,0.00,0.00,0,0,0.0,0.0,0,0.0,0.0
114,Simon Falette,DEF,Eint Frankfurt,1.0,0,0.0,0.0,1,46,57,80.7,1,2,50.0,23,25,92.0,22,30,73.3,0,0,5,0,0,0,0,0,0,0,0,0,0.00,0.00,0,0,0.0,0.0,0,0.0,0.0
115,Ohis Felix Uduokhai,DEF,Augsburg,13.4,0,0.4,-0.4,1,413,492,83.9,4,10,40.0,252,283,89.0,157,199,78.9,1,0,17,0,0,0,0,0,5,0,0,0.0,0.37,0.00,0.00,0,0.2,0.2,0.04,-0.2,-0.2
116,Edimilson Fernandes,MID,Mainz 05,13.1,0,0.5,-0.5,5,461,548,84.1,7,12,58.3,325,368,88.3,129,168,76.8,0,1,44,3,1,0,0,0,18,1,0,5.6,1.37,0.08,0.00,0.00,0.5,0.5,0.03,-0.5,-0.5
117,Gelson Fernandes,MID,Eint Frankfurt,7.5,0,0.0,0.0,1,185,226,81.9,3,8,37.5,146,172,84.9,36,46,78.3,0,0,10,1,1,0,0,0,0,0,0,0,0.00,0.00,0,0,0.0,0.0,0,0.0,0.0
118,Oliver Fink,MID,Düsseldorf,7.4,1,0.3,+0.7,9,158,262,60.3,8,24,33.3,127,183,69.4,23,55,41.8,1,0,20,7,2,0,0,0,10,0,0,0.0,1.35,0.00,0.00,0,0.8,0.8,0.08,-0.8,-0.8
119,Alfreð Finnbogason,FWD,Augsburg,8.3,1,1.6,-0.6,15,121,203,59.6,11,25,44.0,97,146,66.4,13,32,40.6,2,0,6,6,0,2,1,1,16,6,0,37.5,1.92,0.72,0.06,0.17,4.4,3.6,0.23,-2.4,-2.6
120,Mark Flekken,GK,Freiburg,9.0,0,0.0,0.0,0,261,384,68.0,0,1,0.0,114,115,99.1,147,268,54.9,0,0,8,0,0,0,0,0,0,0,0,0,0.00,0.00,0,0,0.0,0.0,0,0.0,0.0
121,Emil Forsberg,MID,RB Leipzig,8.6,2,2.2,-0.2,21,299,378,79.1,11,28,39.3,240,276,87.0,48,74,64.9,3,15,26,6,1,4,2,2,14,5,2,35.7,1.62,0.58,0.14,0.40,2.6,1.1,0.08,+1.4,+0.9
122,Raphael Framberger,DEF,Augsburg,4.5,0,0.0,0.0,0,113,176,64.2,2,11,18.2,92,123,74.8,19,42,45.2,0,0,13,1,1,0,0,0,0,0,0,0,0.00,0.00,0,0,0.0,0.0,0,0.0,0.0
123,Mike Frantz,MID,Freiburg,2.9,1,0.6,+0.4,6,63,88,71.6,2,3,66.7,47,58,81.0,14,27,51.9,0,0,6,1,1,0,0,0,3,0,0,0.0,1.05,0.00,0.00,0,0.2,0.2,0.08,-0.2,-0.2
124,Marco Friedl,DEF,Werder Bremen,16.2,1,0.7,+0.3,11,639,794,80.5,6,26,23.1,492,554,88.8,141,214,65.9,2,0,42,13,5,1,0,0,8,2,0,25.0,0.49,0.12,0.13,0.50,1.0,1.0,0.13,0.0,0.0
125,Marvin Friedrich,DEF,Union Berlin,20.0,0,0.4,-0.4,1,555,717,77.4,3,12,25.0,331,371,89.2,221,334,66.2,1,0,62,3,1,0,0,0,18,2,0,11.1,0.90,0.10,0.00,0.00,1.1,1.1,0.06,-1.1,-1.1
126,Niclas Füllkrug,FWD,Werder Bremen,3.2,1,0.9,+0.1,4,60,81,74.1,2,6,33.3,51,63,81.0,7,12,58.3,1,0,2,6,1,2,0,0,15,6,0,40.0,4.62,1.85,0.13,0.33,1.6,1.6,0.11,+0.4,+0.4
127,Mijat Gaćinović,MID,Eint Frankfurt,7.6,1,0.9,+0.1,10,171,238,71.8,8,26,30.8,124,158,78.5,39,54,72.2,1,0,23,1,0,0,0,0,15,3,2,20.0,1.98,0.40,0.00,0.00,1.0,1.0,0.07,-1.0,-1.0
128,Theodor Gebre Selassie,DEF,Werder Bremen,15.5,0,0.6,-0.6,7,688,798,86.2,9,21,42.9,535,594,90.1,144,183,78.7,0,0,53,6,0,1,0,0,4,2,0,50.0,0.26,0.13,0.25,0.50,0.6,0.6,0.14,+0.4,+0.4
129,Dennis Geiger,MID,Hoffenheim,10.4,3,1.8,+1.2,24,408,489,83.4,7,17,41.2,300,334,89.8,101,138,73.2,1,33,30,8,1,0,0,0,11,1,1,9.1,1.06,0.10,0.00,0.00,1.1,1.1,0.10,-1.1,-1.1
130,Christian Gentner,MID,Union Berlin,18.8,1,1.3,-0.3,16,545,737,73.9,12,44,27.3,436,535,81.5,97,158,61.4,0,1,76,16,4,1,0,0,27,8,0,29.6,1.44,0.43,0.04,0.13,2.0,2.0,0.07,-1.0,-1.0
131,Yannick Gerhardt,MID,Wolfsburg,4.7,0,0.1,-0.1,3,141,186,75.8,4,9,44.4,112,138,81.2,25,39,64.1,0,2,15,1,0,0,0,0,4,0,0,0.0,0.86,0.00,0.00,0,0.5,0.5,0.13,-0.5,-0.5
132,Niko Gießelmann,DEF,Düsseldorf,15.0,1,1.4,-0.4,20,496,687,72.2,2,21,9.5,337,408,82.6,157,258,60.9,1,20,44,25,12,1,0,0,10,1,2,10.0,0.67,0.07,0.10,1.00,0.4,0.4,0.04,+0.6,+0.6
133,Rafał Gikiewicz,GK,Union Berlin,22.0,0,0.3,-0.3,2,604,916,65.9,1,2,50.0,179,184,97.3,424,730,58.1,0,0,49,1,0,0,0,0,2,1,0,50.0,0.09,0.05,0.00,0.00,0.2,0.2,0.12,-0.2,-0.2
134,Daniel Ginczek,FWD,Wolfsburg,2.2,0,0.3,-0.3,2,21,47,44.7,2,3,66.7,17,36,47.2,2,8,25.0,0,0,0,0,0,2,0,0,6,4,0,66.7,2.77,1.85,0.33,0.50,0.8,0.8,0.13,+1.2,+1.2
135,Matthias Ginter,DEF,M'gladbach,17.9,0,0.4,-0.4,2,942,1108,85.0,5,12,41.7,619,662,93.5,318,434,73.3,3,0,63,6,0,0,0,0,13,5,0,38.5,0.73,0.28,0.00,0.00,1.4,1.4,0.10,-1.4,-1.4
136,Klaus Gjasula,MID,Paderborn 07,17.9,1,1.0,0.0,21,608,782,77.7,5,26,19.2,414,501,82.6,189,255,74.1,1,0,76,4,0,2,0,1,11,4,0,36.4,0.61,0.22,0.18,0.50,1.9,1.1,0.10,+0.1,+0.9
137,Serge Gnabry,FWD,Bayern Munich,15.0,6,5.2,+0.8,25,570,724,78.7,3,31,9.7,502,590,85.1,65,103,63.1,3,1,25,23,3,9,0,0,64,26,0,40.6,4.27,1.73,0.14,0.35,8.0,8.0,0.13,+1.0,+1.0
138,Akaki Gogia,MID,Union Berlin,1.3,0,0.3,-0.3,3,28,43,65.1,0,4,0.0,23,30,76.7,5,9,55.6,0,0,0,1,1,0,0,0,1,0,0,0.0,0.74,0.00,0.00,0,0.0,0.0,0.02,0.0,0.0
139,Benjamin Goller,FWD,Werder Bremen,3.1,0,0.1,-0.1,2,58,87,66.7,3,11,27.3,52,65,80.0,3,11,27.3,0,0,3,0,0,0,0,0,2,0,0,0.0,0.64,0.00,0.00,0,0.2,0.2,0.08,-0.2,-0.2
140,Jérôme Gondorf,MID,Freiburg,1.4,0,0.0,0.0,1,30,39,76.9,0,0,0,24,31,77.4,6,8,75.0,0,0,2,3,0,0,0,0,2,1,0,50.0,1.48,0.74,0.00,0.00,0.1,0.1,0.03,-0.1,-0.1
141,Leon Goretzka,MID,Bayern Munich,7.7,4,2.0,+2.0,9,337,386,87.3,6,18,33.3,272,295,92.2,59,73,80.8,0,0,35,12,0,1,0,0,21,5,0,23.8,2.72,0.65,0.05,0.20,2.5,2.5,0.12,-1.5,-1.5
142,Mario Götze,FWD,Dortmund,5.6,0,1.5,-1.5,12,222,264,84.1,13,19,68.4,197,225,87.6,12,20,60.0,3,0,12,6,1,3,1,1,7,3,0,42.9,1.25,0.54,0.29,0.67,1.6,0.8,0.12,+1.4,+1.2
143,Jeffrey Gouweleeuw,DEF,Augsburg,11.1,1,0.1,+0.9,2,345,447,77.2,3,12,25.0,219,241,90.9,123,194,63.4,4,0,23,2,0,0,0,0,0,0,0,0,0.00,0.00,0,0,0.0,0.0,0,0.0,0.0
144,Michael Gregoritsch,FWD,Schalke 04,4.3,1,0.6,+0.4,5,61,89,68.5,1,9,11.1,55,69,79.7,5,11,45.5,2,0,7,3,0,1,0,0,14,5,1,35.7,3.29,1.17,0.07,0.20,1.7,1.7,0.12,-0.7,-0.7
144,Michael Gregoritsch,FWD,Schalke 04,4.3,1,0.6,+0.4,5,61,89,68.5,1,9,11.1,55,69,79.7,5,11,45.5,2,0,7,3,0,0,0,0,4,0,1,0.0,1.19,0.00,0.00,0,0.1,0.1,0.04,-0.1,-0.1
145,Michael Gregoritsch,MID,Augsburg,3.4,0,0.3,-0.3,6,65,97,67.0,3,5,60.0,54,70,77.1,8,22,36.4,0,0,4,3,0,1,0,0,14,5,1,35.7,3.29,1.17,0.07,0.20,1.7,1.7,0.12,-0.7,-0.7
145,Michael Gregoritsch,MID,Augsburg,3.4,0,0.3,-0.3,6,65,97,67.0,3,5,60.0,54,70,77.1,8,22,36.4,0,0,4,3,0,0,0,0,4,0,1,0.0,1.19,0.00,0.00,0,0.1,0.1,0.04,-0.1,-0.1
146,Vincenzo Grifo,MID,Freiburg,7.0,1,1.2,-0.2,13,221,314,70.4,9,24,37.5,164,193,85.0,48,97,49.5,2,22,12,10,3,2,1,1,26,9,5,34.6,3.74,1.29,0.04,0.11,1.7,1.0,0.04,+0.3,0.0
146,Vincenzo Grifo,MID,Freiburg,7.0,1,1.2,-0.2,13,221,314,70.4,9,24,37.5,164,193,85.0,48,97,49.5,2,22,12,10,3,0,0,0,0,0,0,0,0.00,0.00,0,0,0.0,0.0,0,0.0,0.0
147,Vincenzo Grifo,MID,Hoffenheim,0.2,0,0.0,0.0,0,11,13,84.6,1,1,100.0,7,7,100.0,3,5,60.0,1,1,1,0,0,2,1,1,26,9,5,34.6,3.74,1.29,0.04,0.11,1.7,1.0,0.04,+0.3,0.0
147,Vincenzo Grifo,MID,Hoffenheim,0.2,0,0.0,0.0,0,11,13,84.6,1,1,100.0,7,7,100.0,3,5,60.0,1,1,1,0,0,0,0,0,0,0,0,0,0.00,0.00,0,0,0.0,0.0,0,0.0,0.0
148,Florian Grillitsch,MID,Hoffenheim,17.4,3,2.2,+0.8,14,939,1068,87.9,14,25,56.0,639,695,91.9,286,348,82.2,6,1,61,17,3,0,0,0,10,0,0,0.0,0.57,0.00,0.00,0,0.5,0.5,0.05,-0.5,-0.5
149,Christian Groß,DEF,Werder Bremen,8.1,0,0.1,-0.1,1,346,387,89.4,3,6,50.0,227,246,92.3,116,135,85.9,0,0,25,0,0,0,0,0,3,0,0,0.0,0.37,0.00,0.00,0,0.2,0.2,0.08,-0.2,-0.2
150,Carlos Gruezo,MID,Augsburg,1.8,0,0.0,0.0,0,37,48,77.1,0,1,0.0,24,26,92.3,13,21,61.9,0,0,7,0,0,0,0,0,0,0,0,0,0.00,0.00,0,0,0.0,0.0,0,0.0,0.0
151,Marko Grujić,MID,Hertha BSC,17.5,1,0.5,+0.5,9,588,719,81.8,11,30,36.7,460,542,84.9,117,147,79.6,1,0,59,7,0,3,0,0,24,10,0,41.7,1.37,0.57,0.13,0.30,3.2,3.2,0.13,-0.2,-0.2
152,Raphaël Guerreiro,DEF,Dortmund,14.8,2,1.4,+0.6,15,1085,1244,87.2,31,48,64.6,920,1001,91.9,134,195,68.7,1,15,67,22,9,5,0,0,24,11,4,45.8,1.62,0.74,0.21,0.45,2.3,2.3,0.10,+2.7,+2.7
153,Babacar Guèye,FWD,Paderborn 07,1.2,0,0.1,-0.1,2,22,26,84.6,1,3,33.3,20,21,95.2,1,2,50.0,0,0,0,0,0,0,0,0,2,0,0,0.0,1.65,0.00,0.00,0,0.4,0.4,0.22,-0.4,-0.4
154,Josuha Guilavogui,MID,Wolfsburg,21.9,1,1.0,0.0,10,773,944,81.9,13,27,48.1,503,590,85.3,257,327,78.6,1,0,74,11,0,0,0,0,20,6,0,30.0,0.91,0.27,0.00,0.00,1.2,1.2,0.06,-1.2,-1.2
155,Péter Gulácsi,GK,RB Leipzig,21.0,0,0.7,-0.7,1,625,786,79.5,6,6,100.0,361,363,99.4,258,417,61.9,0,0,4,0,0,0,0,0,0,0,0,0,0.00,0.00,0,0,0.0,0.0,0,0.0,0.0
156,Manuel Gulde,DEF,Freiburg,9.1,0,0.1,-0.1,3,359,429,83.7,2,6,33.3,233,255,91.4,124,168,73.8,1,0,30,8,2,0,0,0,11,1,0,9.1,1.21,0.11,0.00,0.00,0.8,0.8,0.07,-0.8,-0.8
157,Christian Günter,DEF,Freiburg,22.0,5,5.3,-0.3,49,686,986,69.6,5,41,12.2,503,602,83.6,178,343,51.9,1,52,37,37,26,1,0,0,23,7,1,30.4,1.05,0.32,0.04,0.14,0.8,0.8,0.03,+0.2,+0.2
158,Jonathan de Guzmán,MID,Eint Frankfurt,0.1,0,0.0,0.0,0,16,21,76.2,2,3,66.7,11,11,100.0,3,7,42.9,0,0,1,1,0,0,0,0,0,0,0,0,0.00,0.00,0,0,0.0,0.0,0,0.0,0.0
159,Janik Haberer,MID,Freiburg,16.4,2,0.8,+1.2,13,605,722,83.8,16,34,47.1,438,505,86.7,151,183,82.5,0,0,58,7,0,2,0,0,12,2,0,16.7,0.73,0.12,0.17,1.00,0.9,0.9,0.07,+1.1,+1.1
160,Alexander Hack,DEF,Mainz 05,7.1,0,0.2,-0.2,4,210,283,74.2,4,15,26.7,135,158,85.4,71,110,64.5,2,0,21,2,0,0,0,0,6,1,0,16.7,0.85,0.14,0.00,0.00,0.6,0.6,0.10,-0.6,-0.6
161,André Hahn,FWD,Augsburg,6.4,0,0.2,-0.2,7,81,146,55.5,4,18,22.2,63,96,65.6,14,32,43.8,0,1,5,5,3,1,0,1,12,3,0,25.0,1.87,0.47,0.08,0.33,2.1,1.4,0.11,-1.1,-0.4
162,Amadou Haidara,MID,RB Leipzig,5.9,0,0.6,-0.6,6,341,385,88.6,11,18,61.1,280,308,90.9,50,59,84.7,1,0,31,7,2,0,0,0,13,4,0,30.8,2.21,0.68,0.00,0.00,0.6,0.6,0.05,-0.6,-0.6
163,Achraf Hakimi,DEF,Dortmund,19.7,9,4.1,+4.9,26,1251,1494,83.7,29,77,37.7,1107,1241,89.2,115,176,65.3,5,8,74,21,4,2,0,0,21,10,1,47.6,1.06,0.51,0.10,0.20,2.0,2.0,0.09,0.0,0.0
164,Marcel Halstenberg,DEF,RB Leipzig,17.8,2,2.6,-0.6,26,934,1133,82.4,9,31,29.0,763,859,88.8,162,243,66.7,1,27,52,17,5,2,0,0,20,4,5,20.0,1.12,0.22,0.10,0.50,1.8,1.8,0.09,+0.2,+0.2
165,Amine Harit,MID,Schalke 04,20.3,4,3.5,+0.5,36,617,751,82.2,21,46,45.7,495,580,85.3,101,125,80.8,5,4,57,25,2,6,1,1,26,11,0,42.3,1.28,0.54,0.19,0.45,3.1,2.3,0.09,+2.9,+2.7
166,Martin Harnik,MID,Werder Bremen,0.1,0,0.0,0.0,0,4,4,100.0,1,1,100.0,3,3,100.0,0,0,0,0,0,0,0,0,0,0,0,0,0,0,0,0.00,0.00,0,0,0.0,0.0,0,0.0,0.0
167,Makoto Hasebe,DEF,Eint Frankfurt,13.7,0,0.7,-0.7,8,721,823,87.6,6,17,35.3,438,467,93.8,277,339,81.7,2,0,61,4,0,0,0,0,0,0,0,0,0.00,0.00,0,0,0.0,0.0,0,0.0,0.0
168,Kai Havertz,MID,Bayer,18.0,2,4.1,-2.1,37,795,928,85.7,19,56,33.9,675,744,90.7,101,128,78.9,5,5,64,24,3,5,0,0,33,16,0,48.5,1.83,0.89,0.15,0.31,4.3,4.3,0.13,+0.7,+0.7
169,Thorgan Hazard,FWD,Dortmund,15.8,9,4.1,+4.9,36,576,774,74.4,15,51,29.4,495,591,83.8,66,132,50.0,2,68,36,19,2,4,0,0,32,14,0,43.8,2.03,0.89,0.13,0.29,3.3,3.3,0.10,+0.7,+0.7
170,Jonas Hector,MID,Köln,19.3,2,2.7,-0.7,21,737,925,79.7,6,22,27.3,509,603,84.4,222,300,74.0,4,6,61,23,4,3,0,0,24,7,2,29.2,1.24,0.36,0.13,0.43,1.6,1.6,0.07,+1.4,+1.4
171,Dominique Heintz,DEF,Freiburg,18.0,1,0.1,+0.9,3,674,819,82.3,5,22,22.7,413,455,90.8,256,342,74.9,1,0,80,5,2,0,0,0,3,1,0,33.3,0.17,0.06,0.00,0.00,0.1,0.1,0.04,-0.1,-0.1
172,Rouwen Hennings,FWD,Düsseldorf,19.9,0,0.6,-0.6,15,309,447,69.1,12,32,37.5,240,326,73.6,57,89,64.0,0,0,22,9,3,11,3,3,46,18,2,39.1,2.31,0.91,0.17,0.44,7.0,4.7,0.10,+4.0,+3.3
173,Lucas Hernández,DEF,Bayern Munich,6.1,0,0.0,0.0,0,460,517,89.0,3,12,25.0,341,363,93.9,116,142,81.7,0,0,31,2,0,0,0,0,1,0,0,0.0,0.16,0.00,0.00,0,0.0,0.0,0.02,0.0,0.0
174,Patrick Herrmann,FWD,M'gladbach,10.6,4,3.3,+0.7,19,255,363,70.2,8,18,44.4,207,269,77.0,40,76,52.6,2,8,15,11,1,5,0,0,27,10,1,37.0,2.55,0.94,0.19,0.50,5.4,5.4,0.20,-0.4,-0.4
175,Martin Hinteregger,DEF,Eint Frankfurt,20.0,1,0.6,+0.4,7,810,1071,75.6,8,32,25.0,557,650,85.7,245,389,63.0,0,0,72,8,2,6,0,0,34,12,1,35.3,1.70,0.60,0.18,0.50,2.6,2.6,0.08,+3.4,+3.4
176,Marwin Hitz,GK,Dortmund,3.2,0,0.0,0.0,0,84,100,84.0,0,0,0,44,44,100.0,40,56,71.4,0,0,0,0,0,0,0,0,0,0,0,0,0.00,0.00,0,0,0.0,0.0,0,0.0,0.0
177,André Hoffmann,DEF,Düsseldorf,16.0,1,0.3,+0.7,1,646,719,89.8,3,6,50.0,355,378,93.9,288,335,86.0,2,0,23,1,0,0,0,0,6,2,0,33.3,0.38,0.13,0.00,0.00,0.3,0.3,0.05,-0.3,-0.3
178,Nicolas Höfler,MID,Freiburg,19.1,0,0.3,-0.3,11,695,836,83.1,21,41,51.2,516,590,87.5,158,205,77.1,0,0,72,5,0,1,0,0,17,1,0,5.9,0.89,0.05,0.06,1.00,1.8,1.8,0.11,-0.8,-0.8
179,Jonas Hofmann,MID,M'gladbach,7.5,1,1.2,-0.2,13,275,362,76.0,4,10,40.0,195,232,84.1,76,120,63.3,0,22,25,3,1,2,0,0,8,4,1,50.0,1.07,0.53,0.25,0.50,1.2,1.2,0.15,+0.8,+0.8
180,Marco Höger,MID,Köln,5.6,0,0.1,-0.1,5,270,323,83.6,2,7,28.6,180,212,84.9,88,104,84.6,0,0,34,1,0,0,0,0,1,0,0,0.0,0.18,0.00,0.00,0,0.1,0.1,0.06,-0.1,-0.1
181,Lucas Höler,FWD,Freiburg,18.7,2,1.5,+0.5,16,300,430,69.8,20,47,42.6,249,331,75.2,31,52,59.6,1,1,17,5,1,4,0,1,33,13,0,39.4,1.76,0.69,0.12,0.31,4.9,4.1,0.12,-0.9,-0.1
182,Gerrit Holtmann,MID,Paderborn 07,7.3,0,0.4,-0.4,3,199,274,72.6,6,17,35.3,177,219,80.8,16,38,42.1,1,0,12,9,3,1,0,0,11,7,0,63.6,1.50,0.95,0.09,0.14,0.4,0.4,0.04,+0.6,+0.6
183,Timo Horn,GK,Köln,21.0,0,0.4,-0.4,1,486,684,71.1,1,1,100.0,202,202,100.0,283,481,58.8,1,0,23,0,0,0,0,0,0,0,0,0,0.00,0.00,0,0,0.0,0.0,0,0.0,0.0
184,Lukáš Hrádecký,GK,Bayer,22.0,0,0.0,0.0,0,732,988,74.1,2,3,66.7,343,345,99.4,387,640,60.5,0,0,7,0,0,0,0,0,0,0,0,0,0.00,0.00,0,0,0.0,0.0,0,0.0,0.0
185,Benjamin Hübner,DEF,Hoffenheim,14.6,1,0.4,+0.6,3,809,932,86.8,4,11,36.4,629,664,94.7,176,257,68.5,2,0,58,6,0,1,0,0,15,3,0,20.0,1.03,0.21,0.07,0.33,0.9,0.9,0.06,+0.1,+0.1
186,Florian Hübner,DEF,Union Berlin,5.2,0,0.1,-0.1,3,136,152,89.5,2,4,50.0,89,96,92.7,45,52,86.5,0,0,9,0,0,0,0,0,3,1,0,33.3,0.58,0.19,0.00,0.00,0.6,0.6,0.19,-0.6,-0.6
187,Mats Hummels,DEF,Dortmund,18.7,3,1.7,+1.3,6,1273,1456,87.4,8,16,50.0,795,852,93.3,470,588,79.9,4,0,88,9,1,1,0,0,17,3,0,17.6,0.91,0.16,0.06,0.33,1.4,1.4,0.08,-0.4,-0.4
188,Uwe Hünemeier,DEF,Paderborn 07,6.7,0,0.1,-0.1,5,311,356,87.4,2,4,50.0,192,211,91.0,117,141,83.0,0,0,33,0,0,0,0,0,4,1,1,25.0,0.60,0.15,0.00,0.00,0.5,0.5,0.12,-0.5,-0.5
189,Jannik Huth,GK,Paderborn 07,6.0,0,0.0,0.0,0,202,254,79.5,0,1,0.0,121,121,100.0,81,132,61.4,0,0,5,0,0,0,0,0,0,0,0,0,0.00,0.00,0,0,0.0,0.0,0,0.0,0.0
190,Iago,DEF,Augsburg,5.3,1,0.1,+0.9,2,107,185,57.8,5,13,38.5,87,132,65.9,15,40,37.5,0,0,6,1,0,1,0,0,2,1,0,50.0,0.37,0.19,0.50,1.00,0.5,0.5,0.26,+0.5,+0.5
191,Vedad Ibišević,FWD,Hertha BSC,7.8,1,0.7,+0.3,4,91,138,65.9,6,15,40.0,69,97,71.1,16,26,61.5,1,0,6,1,0,3,0,0,13,5,0,38.5,1.67,0.64,0.23,0.60,1.7,1.7,0.13,+1.3,+1.3
192,Luc Ihorst,FWD,Werder Bremen,0.1,0,0.0,0.0,0,1,4,25.0,0,1,0.0,1,3,33.3,0,0,0,0,0,0,0,0,0,0,0,0,0,0,0,0.00,0.00,0,0,0.0,0.0,0,0.0,0.0
193,Stefan Ilsanker,MID,Eint Frankfurt,2.5,0,0.0,0.0,0,113,144,78.5,2,7,28.6,85,104,81.7,26,33,78.8,0,0,5,0,0,0,0,0,0,0,0,0,0.00,0.00,0,0,0.0,0.0,0,0.0,0.0
193,Stefan Ilsanker,MID,Eint Frankfurt,2.5,0,0.0,0.0,0,113,144,78.5,2,7,28.6,85,104,81.7,26,33,78.8,0,0,5,0,0,0,0,0,6,0,0,0.0,1.29,0.00,0.00,0,0.7,0.7,0.12,-0.7,-0.7
194,Stefan Ilsanker,DEF,RB Leipzig,4.6,0,0.1,-0.1,1,328,362,90.6,0,1,0.0,234,245,95.5,94,116,81.0,0,0,25,4,0,0,0,0,0,0,0,0,0.00,0.00,0,0,0.0,0.0,0,0.0,0.0
194,Stefan Ilsanker,DEF,RB Leipzig,4.6,0,0.1,-0.1,1,328,362,90.6,0,1,0.0,234,245,95.5,94,116,81.0,0,0,25,4,0,0,0,0,6,0,0,0.0,1.29,0.00,0.00,0,0.7,0.7,0.12,-0.7,-0.7
195,Marcus Ingvartsen,MID,Union Berlin,12.7,1,0.8,+0.2,3,213,329,64.7,6,18,33.3,177,249,71.1,30,62,48.4,0,1,12,4,2,4,1,1,33,9,0,27.3,2.60,0.71,0.09,0.33,2.8,2.1,0.06,+1.2,+0.9
196,Ismail Jakobs,FWD,Köln,9.8,0,0.2,-0.2,5,208,310,67.1,3,18,16.7,172,225,76.4,33,67,49.3,0,0,9,8,4,2,0,0,8,5,0,62.5,0.82,0.51,0.25,0.40,1.3,1.3,0.16,+0.7,+0.7
197,Laurent Jans,DEF,Paderborn 07,11.2,1,0.7,+0.3,6,408,566,72.1,3,27,11.1,313,375,83.5,92,164,56.1,1,0,30,3,0,0,0,0,6,0,0,0.0,0.54,0.00,0.00,0,0.1,0.1,0.02,-0.1,-0.1
198,Tony Jantschke,DEF,M'gladbach,8.3,0,1.1,-1.1,7,390,470,83.0,3,15,20.0,267,300,89.0,120,155,77.4,2,0,34,6,1,0,0,0,4,0,0,0.0,0.48,0.00,0.00,0,0.7,0.7,0.17,-0.7,-0.7
199,Rune Jarstein,GK,Hertha BSC,19.3,0,0.2,-0.2,1,462,703,65.7,1,2,50.0,181,181,100.0,280,520,53.8,0,0,10,0,0,0,0,0,0,0,0,0,0.00,0.00,0,0,0.0,0.0,0,0.0,0.0
200,Dennis Jastrzembski,FWD,Paderborn 07,0.0,0,0.0,0.0,0,0,0,0,0,0,0,0,0,0,0,0,0,0,0,0,0,0,0,0,0,0,0,0,0,0,0,0,0,0.0,0.0,0,0.0,0.0
201,Tin Jedvaj,DEF,Augsburg,20.5,0,0.2,-0.2,5,578,759,76.2,9,28,32.1,377,446,84.5,192,285,67.4,4,0,34,4,0,1,0,0,7,1,0,14.3,0.34,0.05,0.14,1.00,0.5,0.5,0.07,+0.5,+0.5
202,Fredrik Jensen,FWD,Augsburg,4.4,0,0.1,-0.1,1,53,80,66.3,2,6,33.3,46,57,80.7,5,17,29.4,0,0,1,3,0,1,0,0,6,3,0,50.0,1.36,0.68,0.17,0.33,0.4,0.4,0.07,+0.6,+0.6
203,Fabian Johnson,MID,M'gladbach,3.0,0,0.1,-0.1,1,89,116,76.7,4,10,40.0,74,89,83.1,11,17,64.7,0,0,4,0,0,0,0,0,0,0,0,0,0.00,0.00,0,0,0.0,0.0,0,0.0,0.0
204,Dejan Joveljić,FWD,Eint Frankfurt,1.6,0,0.0,0.0,0,22,28,78.6,2,3,66.7,16,20,80.0,4,5,80.0,0,0,0,0,0,0,0,0,0,0,0,0,0.00,0.00,0,0,0.0,0.0,0,0.0,0.0
205,Mathias Jørgensen,DEF,Düsseldorf,1.6,0,0.0,0.0,0,78,88,88.6,0,3,0.0,49,52,94.2,29,33,87.9,0,0,2,0,0,0,0,0,0,0,0,0,0.00,0.00,0,0,0.0,0.0,0,0.0,0.0
206,Ozan Kabak,DEF,Schalke 04,11.9,1,0.1,+0.9,1,583,679,85.9,3,4,75.0,369,404,91.3,211,271,77.9,1,0,42,0,0,3,0,0,8,5,0,62.5,0.67,0.42,0.38,0.60,1.3,1.3,0.17,+1.7,+1.7
207,Pavel Kadeřábek,DEF,Hoffenheim,19.3,3,1.6,+1.4,16,591,832,71.0,5,39,12.8,502,615,81.6,84,178,47.2,0,1,39,13,9,2,0,0,23,8,0,34.8,1.19,0.41,0.09,0.25,1.9,1.9,0.08,+0.1,+0.1
208,Florian Kainz,FWD,Köln,8.2,4,4.4,-0.4,29,245,385,63.6,0,11,0.0,161,210,76.7,84,164,51.2,0,39,23,15,8,0,0,0,20,6,6,30.0,2.44,0.73,0.00,0.00,0.9,0.9,0.04,-0.9,-0.9
209,Salomon Kalou,FWD,Hertha BSC,1.6,0,0.2,-0.2,1,29,44,65.9,2,4,50.0,22,30,73.3,5,10,50.0,0,0,4,2,0,1,0,0,6,2,0,33.3,3.78,1.26,0.17,0.50,1.2,1.2,0.21,-0.2,-0.2
210,Daichi Kamada,MID,Eint Frankfurt,12.4,2,1.1,+0.9,22,336,457,73.5,7,18,38.9,251,301,83.4,78,138,56.5,0,46,24,7,1,0,0,0,30,10,2,33.3,2.43,0.81,0.00,0.00,2.6,2.6,0.09,-2.6,-2.6
211,Kevin Kampl,MID,RB Leipzig,2.2,0,0.4,-0.4,2,120,139,86.3,4,7,57.1,99,109,90.8,17,23,73.9,2,0,9,2,0,1,0,0,1,1,0,100.0,0.46,0.46,1.00,1.00,0.1,0.1,0.06,+0.9,+0.9
212,Kenan Karaman,FWD,Düsseldorf,4.8,1,0.8,+0.2,10,81,111,73.0,3,6,50.0,72,90,80.0,6,15,40.0,0,0,8,4,0,1,0,0,10,2,0,20.0,2.08,0.42,0.10,0.50,0.9,0.9,0.10,+0.1,+0.1
213,Florian Kastenmeier,GK,Düsseldorf,5.0,0,0.0,0.0,0,135,189,71.4,2,2,100.0,54,54,100.0,79,133,59.4,0,0,1,0,0,0,0,0,0,0,0,0,0.00,0.00,0,0,0.0,0.0,0,0.0,0.0
214,Noah Katterbach,DEF,Köln,9.8,0,0.4,-0.4,8,364,516,70.5,2,18,11.1,280,337,83.1,82,161,50.9,0,0,36,8,3,0,0,0,3,2,0,66.7,0.31,0.20,0.00,0.00,0.1,0.1,0.04,-0.1,-0.1
215,Jonjoe Kenny,DEF,Schalke 04,19.8,2,1.0,+1.0,12,810,1066,76.0,8,42,19.0,618,732,84.4,184,292,63.0,1,0,70,18,3,1,0,0,4,2,0,50.0,0.20,0.10,0.25,0.50,0.4,0.4,0.11,+0.6,+0.6
216,Rani Khedira,MID,Augsburg,19.3,2,0.8,+1.2,7,413,573,72.1,11,29,37.9,318,397,80.1,84,147,57.1,2,0,39,3,0,0,0,0,6,0,0,0.0,0.31,0.00,0.00,0,0.3,0.3,0.05,-0.3,-0.3
217,Luca Kilian,DEF,Paderborn 07,13.0,0,0.1,-0.1,1,590,653,90.4,3,9,33.3,375,397,94.5,212,247,85.8,0,0,27,1,0,0,0,0,1,0,0,0.0,0.08,0.00,0.00,0,0.1,0.1,0.07,-0.1,-0.1
218,Joshua Kimmich,MID,Bayern Munich,20.3,4,5.0,-1.0,55,1571,1834,85.7,14,32,43.8,1127,1201,93.8,430,601,71.5,6,104,144,33,4,1,0,0,15,8,0,53.3,0.74,0.39,0.07,0.13,0.8,0.8,0.05,+0.2,+0.2
219,Davy Klaassen,MID,Werder Bremen,22.0,3,2.0,+1.0,28,707,901,78.5,13,48,27.1,574,678,84.7,120,175,68.6,0,0,70,20,0,3,1,3,24,6,0,25.0,1.09,0.27,0.08,0.33,5.1,2.8,0.12,-2.1,-0.8
220,Felix Klaus,FWD,Wolfsburg,5.3,0,1.0,-1.0,7,102,151,67.5,2,12,16.7,90,122,73.8,10,17,58.8,0,0,8,2,0,0,0,0,16,5,0,31.3,2.99,0.94,0.00,0.00,1.5,1.5,0.10,-1.5,-1.5
221,Lukas Klostermann,DEF,RB Leipzig,18.9,1,1.6,-0.6,11,963,1132,85.1,13,30,43.3,779,866,90.0,171,236,72.5,0,0,72,4,1,2,0,0,10,4,0,40.0,0.53,0.21,0.20,0.50,2.4,2.4,0.24,-0.4,-0.4
222,Lukas Klünter,DEF,Hertha BSC,18.0,2,1.8,+0.2,13,504,724,69.6,7,31,22.6,394,495,79.6,103,198,52.0,2,1,32,8,4,0,0,0,1,0,0,0.0,0.06,0.00,0.00,0,0.0,0.0,0.03,0.0,0.0
223,Robin Knoche,DEF,Wolfsburg,14.2,0,0.1,-0.1,2,636,757,84.0,2,9,22.2,396,442,89.6,238,306,77.8,0,0,45,4,0,1,0,0,4,2,0,50.0,0.28,0.14,0.25,0.50,0.5,0.5,0.13,+0.5,+0.5
224,Robin Koch,DEF,Freiburg,21.3,0,1.4,-1.4,10,907,1029,88.1,3,9,33.3,496,557,89.0,408,463,88.1,6,0,50,9,2,0,0,0,18,5,0,27.8,0.84,0.23,0.00,0.00,1.7,1.7,0.09,-1.7,-1.7
225,Dominik Kohr,MID,Eint Frankfurt,8.3,2,0.5,+1.5,11,289,361,80.1,9,19,47.4,232,268,86.6,48,74,64.9,1,4,36,6,0,0,0,0,15,8,0,53.3,1.80,0.96,0.00,0.00,0.8,0.8,0.05,-0.8,-0.8
226,Ibrahima Konaté,DEF,RB Leipzig,5.0,0,0.1,-0.1,1,233,259,90.0,3,4,75.0,167,179,93.3,63,76,82.9,0,0,12,0,0,0,0,0,1,0,0,0.0,0.20,0.00,0.00,0,0.0,0.0,0.05,0.0,0.0
227,Pascal Köpke,FWD,Hertha BSC,1.3,0,0.1,-0.1,1,24,36,66.7,3,4,75.0,17,26,65.4,4,6,66.7,0,1,0,0,0,0,0,0,6,3,0,50.0,4.54,2.27,0.00,0.00,0.8,0.8,0.14,-0.8,-0.8
228,Filip Kostić,DEF,Eint Frankfurt,20.9,8,5.9,+2.1,52,578,985,58.7,12,66,18.2,420,578,72.7,146,341,42.8,2,69,38,35,27,4,0,0,59,22,6,37.3,2.83,1.05,0.07,0.18,4.3,4.3,0.07,-0.3,-0.3
229,Tomáš Koubek,GK,Augsburg,21.0,0,0.1,-0.1,1,435,724,60.1,0,0,0,178,178,100.0,257,546,47.1,0,0,8,0,0,0,0,0,0,0,0,0,0.00,0.00,0,0,0.0,0.0,0,0.0,0.0
230,Dawid Kownacki,FWD,Düsseldorf,11.7,0,0.7,-0.7,10,207,298,69.5,9,25,36.0,167,223,74.9,31,50,62.0,0,0,9,10,2,0,0,0,26,11,0,42.3,2.22,0.94,0.00,0.00,1.9,1.9,0.07,-1.9,-1.9
231,Thomas Kraft,GK,Hertha BSC,2.0,0,0.0,0.0,0,47,71,66.2,0,0,0,16,16,100.0,31,55,56.4,0,0,0,0,0,0,0,0,0,0,0,0,0.00,0.00,0,0,0.0,0.0,0,0.0,0.0
232,Andrej Kramarić,FWD,Hoffenheim,11.5,2,2.6,-0.6,17,325,405,80.2,11,24,45.8,262,301,87.0,52,80,65.0,3,2,20,13,1,7,1,1,31,14,2,45.2,2.70,1.22,0.19,0.43,6.8,6.1,0.20,+0.2,-0.1
233,Christoph Kramer,MID,M'gladbach,9.1,0,0.4,-0.4,5,424,515,82.3,7,16,43.8,342,399,85.7,75,100,75.0,1,1,37,8,1,0,0,0,6,0,0,0.0,0.66,0.00,0.00,0,0.3,0.3,0.06,-0.3,-0.3
234,Felix Kroos,MID,Union Berlin,2.0,0,0.0,0.0,0,56,68,82.4,1,1,100.0,41,47,87.2,14,20,70.0,1,0,7,1,0,0,0,0,1,0,0,0.0,0.50,0.00,0.00,0,0.0,0.0,0.05,0.0,0.0
235,Lukas Kübler,DEF,Freiburg,1.0,0,0.0,0.0,0,38,48,79.2,0,1,0.0,26,29,89.7,12,18,66.7,0,0,7,1,0,0,0,0,1,0,0,0.0,1.05,0.00,0.00,0,0.0,0.0,0.04,0.0,0.0
236,Pierre Kunde,MID,Mainz 05,15.0,0,1.7,-1.7,9,572,734,77.9,6,21,28.6,407,477,85.3,159,236,67.4,1,3,67,10,4,2,0,0,29,6,2,20.7,1.93,0.40,0.07,0.33,1.9,1.9,0.06,+0.1,+0.1
237,Ahmed Kutucu,FWD,Schalke 04,3.1,1,1.0,0.0,4,55,80,68.8,1,5,20.0,46,61,75.4,8,14,57.1,0,0,3,4,1,3,0,0,11,5,0,45.5,3.55,1.61,0.27,0.60,1.0,1.0,0.09,+2.0,+2.0
238,Konrad Laimer,MID,RB Leipzig,17.2,3,1.4,+1.6,8,787,948,83.0,19,49,38.8,626,700,89.4,142,199,71.4,3,0,79,16,1,2,0,0,7,4,0,57.1,0.41,0.23,0.29,0.50,0.5,0.5,0.08,+1.5,+1.5
239,Stefan Lainer,DEF,M'gladbach,17.1,2,2.6,-0.6,30,628,898,69.9,7,34,20.6,461,588,78.4,160,276,58.0,1,1,52,18,10,1,0,0,10,3,0,30.0,0.58,0.17,0.10,0.33,0.8,0.8,0.08,+0.2,+0.2
240,Michael Lang,DEF,Werder Bremen,5.9,0,0.6,-0.6,3,266,328,81.1,1,8,12.5,220,251,87.6,45,69,65.2,1,0,11,3,2,0,0,0,5,2,0,40.0,0.84,0.34,0.00,0.00,0.4,0.4,0.07,-0.4,-0.4
241,Sebastian Langkamp,DEF,Werder Bremen,2.0,0,0.0,0.0,0,83,99,83.8,1,3,33.3,50,58,86.2,32,38,84.2,0,0,5,0,0,0,0,0,4,1,0,25.0,2.01,0.50,0.00,0.00,0.4,0.4,0.10,-0.4,-0.4
242,Danny Latza,MID,Mainz 05,8.4,1,1.4,-0.4,13,259,325,79.7,3,13,23.1,198,225,88.0,58,87,66.7,0,2,22,8,1,0,0,0,10,3,0,30.0,1.19,0.36,0.00,0.00,0.7,0.7,0.07,-0.7,-0.7
243,Mathew Leckie,DEF,Hertha BSC,1.3,0,0.0,0.0,0,32,47,68.1,1,8,12.5,27,31,87.1,4,8,50.0,0,0,1,0,0,0,0,0,0,0,0,0,0.00,0.00,0,0,0.0,0.0,0,0.0,0.0
244,Christopher Lenz,DEF,Union Berlin,20.5,2,1.7,+0.3,17,683,961,71.1,15,50,30.0,502,610,82.3,166,301,55.1,0,0,50,20,12,0,0,0,13,3,0,23.1,0.63,0.15,0.00,0.00,0.5,0.5,0.04,-0.5,-0.5
245,Robert Lewandowski,FWD,Bayern Munich,21.7,3,5.0,-2.0,25,421,561,75.0,11,40,27.5,362,447,81.0,48,74,64.9,2,0,26,25,3,23,3,3,98,43,2,43.9,4.52,1.98,0.20,0.47,19.1,16.8,0.17,+3.9,+3.2
246,Stephan Lichtsteiner,DEF,Augsburg,12.8,1,0.5,+0.5,9,330,475,69.5,5,23,21.7,271,331,81.9,54,121,44.6,0,0,24,4,1,0,0,0,2,0,0,0.0,0.16,0.00,0.00,0,0.0,0.0,0.02,0.0,0.0
247,Philipp Lienhart,DEF,Freiburg,11.0,1,0.5,+0.5,2,520,612,85.0,1,7,14.3,331,358,92.5,188,247,76.1,0,0,42,4,0,0,0,0,3,2,0,66.7,0.27,0.18,0.00,0.00,0.0,0.0,0.02,0.0,0.0
248,Jürgen Locadia,FWD,Hoffenheim,5.9,0,0.1,-0.1,3,97,133,72.9,3,10,30.0,82,104,78.8,12,19,63.2,0,0,8,2,1,4,1,1,18,10,0,55.6,3.07,1.70,0.17,0.30,3.2,2.4,0.13,+0.8,+0.6
249,Ademola Lookman,FWD,RB Leipzig,1.8,0,0.1,-0.1,3,53,79,67.1,2,5,40.0,45,53,84.9,6,21,28.6,0,2,3,4,1,0,0,0,2,0,0,0.0,1.13,0.00,0.00,0,0.1,0.1,0.03,-0.1,-0.1
250,Eduard Löwen,MID,Augsburg,0.9,0,0.3,-0.3,3,30,41,73.2,1,1,100.0,23,27,85.2,6,13,46.2,0,3,1,0,0,0,0,0,2,2,1,100.0,2.20,2.20,0.00,0.00,0.0,0.0,0.02,0.0,0.0
250,Eduard Löwen,MID,Augsburg,0.9,0,0.3,-0.3,3,30,41,73.2,1,1,100.0,23,27,85.2,6,13,46.2,0,3,1,0,0,0,0,0,5,0,2,0.0,1.45,0.00,0.00,0,0.2,0.2,0.04,-0.2,-0.2
251,Eduard Löwen,MID,Hertha BSC,3.4,0,0.0,0.0,0,118,147,80.3,0,2,0.0,90,103,87.4,28,42,66.7,0,1,17,1,0,0,0,0,2,2,1,100.0,2.20,2.20,0.00,0.00,0.0,0.0,0.02,0.0,0.0
251,Eduard Löwen,MID,Hertha BSC,3.4,0,0.0,0.0,0,118,147,80.3,0,2,0.0,90,103,87.4,28,42,66.7,0,1,17,1,0,0,0,0,5,0,2,0.0,1.45,0.00,0.00,0,0.2,0.2,0.04,-0.2,-0.2
252,Dodi Lukebakio,FWD,Hertha BSC,15.2,5,3.1,+1.9,22,316,420,75.2,12,21,57.1,238,296,80.4,66,103,64.1,2,16,15,11,4,5,0,0,28,12,2,42.9,1.84,0.79,0.18,0.42,3.6,3.6,0.13,+1.4,+1.4
253,Andreas Luthe,GK,Augsburg,1.0,0,0.0,0.0,0,18,23,78.3,0,0,0,10,11,90.9,8,12,66.7,0,0,0,0,0,0,0,0,0,0,0,0,0.00,0.00,0,0,0.0,0.0,0,0.0,0.0
254,Arne Maier,MID,Hertha BSC,2.5,0,0.2,-0.2,4,116,135,85.9,4,7,57.1,77,81,95.1,35,47,74.5,0,4,10,2,0,0,0,0,4,2,0,50.0,1.59,0.79,0.00,0.00,0.1,0.1,0.03,-0.1,-0.1
255,Yunus Mallı,FWD,Union Berlin,2.4,1,0.1,+0.9,1,36,47,76.6,3,5,60.0,30,37,81.1,3,5,60.0,0,0,2,0,0,0,0,0,4,0,0,0.0,1.65,0.00,0.00,0,0.3,0.3,0.07,-0.3,-0.3
256,Streli Mamba,FWD,Paderborn 07,13.0,2,1.5,+0.5,8,154,203,75.9,9,18,50.0,126,159,79.2,19,26,73.1,1,0,8,1,0,5,0,0,22,10,0,45.5,1.70,0.77,0.23,0.50,3.9,3.9,0.18,+1.1,+1.1
257,Aarón Martín,DEF,Mainz 05,16.5,0,2.5,-2.5,26,563,762,73.9,4,24,16.7,444,519,85.5,115,219,52.5,1,44,37,14,9,0,0,0,9,3,1,33.3,0.55,0.18,0.00,0.00,0.3,0.3,0.03,-0.3,-0.3
258,Javi Martínez,DEF,Bayern Munich,6.2,0,0.1,-0.1,1,436,470,92.8,2,2,100.0,298,314,94.9,136,154,88.3,1,0,33,4,0,0,0,0,1,0,0,0.0,0.16,0.00,0.00,0,0.1,0.1,0.15,-0.1,-0.1
259,Omar Mascarell,MID,Schalke 04,21.5,1,0.9,+0.1,8,1035,1208,85.7,10,28,35.7,639,706,90.5,386,474,81.4,2,2,75,7,0,0,0,0,9,2,0,22.2,0.42,0.09,0.00,0.00,0.4,0.4,0.05,-0.4,-0.4
260,Jean-Philippe Mateta,FWD,Mainz 05,3.6,0,0.0,0.0,1,48,68,70.6,2,4,50.0,42,59,71.2,4,5,80.0,0,0,2,0,0,2,0,0,14,7,0,50.0,3.85,1.93,0.14,0.29,2.3,2.3,0.17,-0.3,-0.3
261,Rabbi Matondo,FWD,Schalke 04,5.3,0,0.5,-0.5,4,74,106,69.8,6,13,46.2,60,81,74.1,8,12,66.7,3,0,2,1,0,1,0,0,12,3,0,25.0,2.25,0.56,0.08,0.33,1.1,1.1,0.09,-0.1,-0.1
262,Philipp Max,DEF,Augsburg,19.6,5,3.8,+1.2,43,621,916,67.8,5,32,15.6,469,559,83.9,147,325,45.2,0,67,53,30,10,7,1,1,24,10,9,41.7,1.23,0.51,0.25,0.60,3.4,2.6,0.11,+3.6,+3.4
263,Alexandru Maxim,MID,Mainz 05,1.2,0,0.5,-0.5,5,61,78,78.2,1,3,33.3,46,50,92.0,14,25,56.0,0,10,5,0,0,0,0,0,3,0,0,0.0,2.41,0.00,0.00,0,0.1,0.1,0.03,-0.1,-0.1
264,Kevin Mbabu,DEF,Wolfsburg,7.8,0,0.5,-0.5,6,257,378,68.0,5,31,16.1,181,227,79.7,71,120,59.2,0,0,25,5,4,1,0,0,4,1,0,25.0,0.51,0.13,0.25,1.00,0.4,0.4,0.10,+0.6,+0.6
265,Weston McKennie,MID,Schalke 04,13.0,0,1.1,-1.1,9,482,607,79.4,8,23,34.8,350,411,85.2,124,173,71.7,1,0,34,5,0,0,0,0,15,2,0,13.3,1.15,0.15,0.00,0.00,1.8,1.8,0.12,-1.8,-1.8
266,Joshua Mees,MID,Union Berlin,1.7,0,0.0,0.0,2,37,48,77.1,3,7,42.9,28,34,82.4,6,7,85.7,0,0,2,1,1,0,0,0,5,1,0,20.0,2.90,0.58,0.00,0.00,0.3,0.3,0.06,-0.3,-0.3
267,Admir Mehmedi,FWD,Wolfsburg,9.2,2,1.2,+0.8,14,284,405,70.1,11,32,34.4,222,282,78.7,51,91,56.0,3,17,24,11,1,2,0,0,12,5,0,41.7,1.30,0.54,0.17,0.40,0.9,0.9,0.07,+1.1,+1.1
268,Münir Mercan,FWD,Schalke 04,0.0,0,0.0,0.0,0,5,6,83.3,0,0,0,5,5,100.0,0,1,0.0,0,0,0,0,0,0,0,0,0,0,0,0,0.00,0.00,0,0,0.0,0.0,0,0.0,0.0
269,Jorge Meré,DEF,Köln,3.2,0,0.0,0.0,1,130,154,84.4,0,0,0,68,76,89.5,62,78,79.5,0,0,12,0,0,0,0,0,1,0,0,0.0,0.31,0.00,0.00,0,0.0,0.0,0.02,0.0,0.0
270,Sven Michel,FWD,Paderborn 07,10.2,1,0.6,+0.4,10,158,254,62.2,5,25,20.0,138,197,70.1,15,32,46.9,1,0,10,7,1,2,0,0,27,10,0,37.0,2.65,0.98,0.07,0.20,2.8,2.8,0.11,-0.8,-0.8
271,Juan Miranda,DEF,Schalke 04,2.9,0,0.2,-0.2,3,103,129,79.8,2,2,100.0,77,91,84.6,24,36,66.7,0,0,6,6,2,0,0,0,3,1,0,33.3,1.02,0.34,0.00,0.00,0.1,0.1,0.03,-0.1,-0.1
272,Maximilian Mittelstädt,DEF,Hertha BSC,14.3,2,1.2,+0.8,16,550,775,71.0,9,36,25.0,409,487,84.0,132,252,52.4,1,15,42,10,5,1,0,0,13,2,0,15.4,0.91,0.14,0.08,0.50,0.4,0.4,0.03,+0.6,+0.6
273,Anthony Modeste,FWD,Köln,7.6,1,0.6,+0.4,2,72,133,54.1,2,7,28.6,55,92,59.8,15,34,44.1,1,0,6,3,0,1,0,0,14,4,0,28.6,1.84,0.53,0.07,0.25,1.5,1.5,0.11,-0.5,-0.5
274,Kevin Möhwald,MID,Werder Bremen,0.8,0,0.0,0.0,0,35,41,85.4,2,3,66.7,25,27,92.6,8,11,72.7,0,0,4,0,0,0,0,0,5,1,0,20.0,6.16,1.23,0.00,0.00,0.2,0.2,0.03,-0.2,-0.2
275,Niklas Moisander,DEF,Werder Bremen,10.0,0,0.0,0.0,1,706,795,88.8,2,7,28.6,451,479,94.2,253,309,81.9,0,0,54,5,0,0,0,0,9,2,0,22.2,0.90,0.20,0.00,0.00,0.5,0.5,0.05,-0.5,-0.5
276,Alfredo Morales,MID,Düsseldorf,15.2,2,0.6,+1.4,6,327,457,71.6,11,25,44.0,245,328,74.7,71,104,68.3,2,0,30,7,1,1,0,0,19,4,1,21.1,1.25,0.26,0.05,0.25,0.9,0.9,0.05,+0.1,+0.1
277,Jan Morávek,MID,Augsburg,5.0,1,0.4,+0.6,4,145,184,78.8,7,10,70.0,108,125,86.4,30,49,61.2,0,1,10,2,0,0,0,0,2,0,0,0.0,0.40,0.00,0.00,0,0.1,0.1,0.03,-0.1,-0.1
278,Nordi Mukiele,DEF,RB Leipzig,11.8,1,1.1,-0.1,11,653,826,79.1,24,62,38.7,500,584,85.6,129,180,71.7,1,0,45,7,2,3,0,0,15,6,0,40.0,1.27,0.51,0.20,0.50,1.4,1.4,0.09,+1.6,+1.6
279,Florian Müller,GK,Mainz 05,3.0,0,0.0,0.0,0,70,97,72.2,1,1,100.0,24,24,100.0,45,72,62.5,0,0,1,0,0,0,0,0,0,0,0,0,0.00,0.00,0,0,0.0,0.0,0,0.0,0.0
280,Thomas Müller,MID,Bayern Munich,15.4,14,8.2,+5.8,50,640,840,76.2,16,48,33.3,501,605,82.8,123,187,65.8,6,8,52,27,11,5,0,0,33,11,0,33.3,2.14,0.71,0.15,0.45,6.0,6.0,0.18,-1.0,-1.0
281,Yvon Mvogo,GK,RB Leipzig,1.0,0,0.0,0.0,0,36,45,80.0,0,0,0,22,22,100.0,14,23,60.9,0,0,0,0,0,0,0,0,0,0,0,0,0.00,0.00,0,0,0.0,0.0,0,0.0,0.0
282,Obite N'Dicka,DEF,Eint Frankfurt,11.9,1,1.0,0.0,6,487,599,81.3,10,20,50.0,397,457,86.9,80,122,65.6,0,0,37,3,1,0,0,0,4,1,0,25.0,0.34,0.08,0.00,0.00,0.3,0.3,0.07,-0.3,-0.3
283,Matija Nastasić,DEF,Schalke 04,9.2,0,0.0,0.0,0,434,506,85.8,3,6,50.0,275,291,94.5,156,209,74.6,0,0,21,1,0,0,0,0,10,2,0,20.0,1.09,0.22,0.00,0.00,0.9,0.9,0.09,-0.9,-0.9
284,Manuel Neuer,GK,Bayern Munich,22.0,0,0.0,0.0,0,866,977,88.6,2,3,66.7,495,500,99.0,369,474,77.8,0,0,4,0,0,0,0,0,0,0,0,0,0.00,0.00,0,0,0.0,0.0,0,0.0,0.0
285,Florian Neuhaus,MID,M'gladbach,14.2,2,2.5,-0.5,18,460,583,78.9,11,20,55.0,334,401,83.3,115,162,71.0,3,17,42,21,1,3,0,0,25,10,1,40.0,1.76,0.70,0.12,0.30,3.8,3.8,0.15,-0.8,-0.8
286,Moussa Niakhate,DEF,Mainz 05,21.0,2,0.8,+1.2,8,722,892,80.9,6,21,28.6,446,503,88.7,270,368,73.4,2,0,51,2,0,0,0,0,9,4,0,44.4,0.43,0.19,0.00,0.00,0.8,0.8,0.09,-0.8,-0.8
287,Florian Niederlechner,FWD,Augsburg,21.2,6,5.5,+0.5,22,273,361,75.6,17,41,41.5,216,259,83.4,40,61,65.6,3,0,19,9,0,11,1,1,56,30,1,53.6,2.65,1.42,0.18,0.33,9.3,8.5,0.15,+1.7,+1.5
288,Christopher Nkunku,MID,RB Leipzig,13.3,7,5.8,+1.2,45,392,496,79.0,5,17,29.4,317,353,89.8,70,126,55.6,6,54,27,17,0,4,0,0,31,14,2,45.2,2.33,1.05,0.13,0.29,4.6,4.6,0.15,-0.6,-0.6
289,Lukas Nmecha,MID,Wolfsburg,1.4,0,0.1,-0.1,1,27,37,73.0,3,3,100.0,23,32,71.9,1,2,50.0,0,0,0,0,0,0,0,0,3,0,0,0.0,2.13,0.00,0.00,0,0.3,0.3,0.12,-0.3,-0.3
290,Håvard Nordtveit,DEF,Hoffenheim,2.6,1,0.3,+0.7,1,186,218,85.3,2,5,40.0,99,109,90.8,85,104,81.7,0,0,16,1,0,0,0,0,0,0,0,0,0.00,0.00,0,0,0.0,0.0,0,0.0,0.0
291,Alexander Nübel,GK,Schalke 04,17.7,0,0.0,0.0,0,515,714,72.1,2,3,66.7,232,234,99.1,281,477,58.9,0,0,9,1,0,0,0,0,0,0,0,0,0.00,0.00,0,0,0.0,0.0,0,0.0,0.0
292,Kasim Nuhu,DEF,Düsseldorf,11.0,0,0.1,-0.1,1,414,509,81.3,1,7,14.3,248,282,87.9,165,220,75.0,0,0,32,0,0,1,0,0,6,3,0,50.0,0.55,0.27,0.17,0.33,0.9,0.9,0.15,+0.1,+0.1
293,Bastian Oczipka,DEF,Schalke 04,22.0,4,2.7,+1.3,35,841,1106,76.0,6,41,14.6,680,780,87.2,155,285,54.4,0,58,56,27,14,0,0,0,7,3,0,42.9,0.32,0.14,0.00,0.00,0.2,0.2,0.02,-0.2,-0.2
294,Cauly Oliveira Souza,MID,Paderborn 07,8.0,0,0.6,-0.6,10,175,250,70.0,7,11,63.6,140,166,84.3,28,73,38.4,0,36,19,5,0,2,0,0,14,8,1,57.1,1.76,1.00,0.14,0.25,1.6,1.6,0.12,+0.4,+0.4
295,Dani Olmo,MID,RB Leipzig,1.8,1,0.3,+0.7,2,53,77,68.8,4,7,57.1,42,55,76.4,7,15,46.7,0,3,8,1,0,0,0,0,3,1,0,33.3,1.70,0.57,0.00,0.00,0.2,0.2,0.07,-0.2,-0.2
296,Karim Onisiwo,FWD,Mainz 05,10.6,5,2.8,+2.2,19,142,216,65.7,10,26,38.5,114,149,76.5,18,41,43.9,1,0,7,7,0,3,0,0,25,12,0,48.0,2.36,1.13,0.12,0.25,2.6,2.6,0.10,+0.4,+0.4
297,Willi Orban,DEF,RB Leipzig,9.0,0,0.1,-0.1,3,484,544,89.0,6,12,50.0,356,380,93.7,122,152,80.3,0,0,37,0,0,1,0,0,7,3,1,42.9,0.78,0.33,0.14,0.33,0.7,0.7,0.09,+0.3,+0.3
298,Yuya Osako,FWD,Werder Bremen,12.4,1,1.6,-0.6,19,319,403,79.2,6,25,24.0,247,292,84.6,66,86,76.7,2,0,36,11,0,4,0,0,30,12,0,40.0,2.42,0.97,0.13,0.33,4.0,4.0,0.13,0.0,0.0
299,Paulo Otávio,FWD,Wolfsburg,0.3,0,0.1,-0.1,1,2,4,50.0,0,1,0.0,2,2,100.0,0,1,0.0,0,0,0,0,0,0,0,0,0,0,0,0,0.00,0.00,0,0,0.0,0.0,0,0.0,0.0
300,Reece Oxford,MID,Augsburg,3.5,0,0.0,0.0,0,48,73,65.8,0,2,0.0,26,37,70.3,22,34,64.7,0,0,4,0,0,0,0,0,2,0,0,0.0,0.57,0.00,0.00,0,0.1,0.1,0.04,-0.1,-0.1
301,Levin Öztunalı,MID,Mainz 05,14.4,3,2.0,+1.0,20,270,405,66.7,13,36,36.1,204,276,73.9,53,93,57.0,5,0,21,22,5,3,0,0,29,9,0,31.0,2.02,0.63,0.10,0.33,1.1,1.1,0.04,+1.9,+1.9
302,Gonçalo Paciência,FWD,Eint Frankfurt,12.9,3,3.1,-0.1,18,168,271,62.0,9,38,23.7,131,183,71.6,28,50,56.0,1,0,14,12,1,7,1,1,39,13,1,33.3,3.03,1.01,0.15,0.46,5.8,5.1,0.13,+1.2,+0.9
303,Michael Parensen,DEF,Union Berlin,5.6,0,0.5,-0.5,3,186,216,86.1,3,6,50.0,122,131,93.1,61,79,77.2,0,0,14,2,1,1,0,0,3,2,0,66.7,0.54,0.36,0.33,0.50,0.7,0.7,0.24,+0.3,+0.3
304,Paulinho,MID,Bayer,0.9,0,0.0,0.0,0,36,44,81.8,1,1,100.0,33,37,89.2,2,6,33.3,0,0,1,1,0,1,0,0,3,2,0,66.7,3.42,2.28,0.33,0.50,0.6,0.6,0.20,+0.4,+0.4
305,Benjamin Pavard,DEF,Bayern Munich,21.0,3,2.6,+0.4,14,1556,1745,89.2,16,32,50.0,1201,1295,92.7,339,418,81.1,1,0,120,15,3,2,0,0,7,3,0,42.9,0.33,0.14,0.29,0.67,0.4,0.4,0.06,+1.6,+1.6
306,Jiří Pavlenka,GK,Werder Bremen,22.0,0,0.1,-0.1,1,598,830,72.0,3,5,60.0,285,286,99.7,310,539,57.5,0,0,7,0,0,0,0,0,0,0,0,0,0.00,0.00,0,0,0.0,0.0,0,0.0,0.0
307,Mads Pedersen,DEF,Augsburg,1.1,1,0.5,+0.5,2,25,33,75.8,0,0,0,23,25,92.0,2,8,25.0,0,1,0,1,1,0,0,0,0,0,0,0,0.00,0.00,0,0,0.0,0.0,0,0.0,0.0
308,Peter Pekarík,DEF,Hertha BSC,1.0,0,0.1,-0.1,1,36,48,75.0,0,0,0,29,36,80.6,7,12,58.3,0,0,1,0,0,0,0,0,0,0,0,0,0.00,0.00,0,0,0.0,0.0,0,0.0,0.0
309,Philipp Pentke,GK,Hoffenheim,4.0,0,0.0,0.0,1,100,132,75.8,2,2,100.0,57,57,100.0,41,73,56.2,0,0,2,0,0,0,0,0,0,0,0,0,0.00,0.00,0,0,0.0,0.0,0,0.0,0.0
310,Ivan Perišić,FWD,Bayern Munich,10.5,3,2.2,+0.8,19,372,520,71.5,9,36,25.0,300,371,80.9,63,113,55.8,1,9,15,19,7,4,0,0,35,9,0,25.7,3.32,0.85,0.11,0.44,3.3,3.3,0.09,+0.7,+0.7
311,Pavao Pervan,GK,Wolfsburg,8.0,0,0.0,0.0,0,180,267,67.4,1,2,50.0,76,76,100.0,103,189,54.5,0,0,3,0,0,0,0,0,0,0,0,0,0.00,0.00,0,0,0.0,0.0,0,0.0,0.0
312,Nils Petersen,FWD,Freiburg,19.2,2,1.8,+0.2,23,236,352,67.0,9,29,31.0,188,261,72.0,39,62,62.9,1,0,14,5,0,8,1,1,41,14,0,34.1,2.14,0.73,0.17,0.50,6.2,5.4,0.13,+1.8,+1.6
313,Krzysztof Piątek,FWD,Hertha BSC,2.3,0,0.1,-0.1,3,36,45,80.0,3,6,50.0,26,32,81.3,7,7,100.0,0,0,3,1,0,0,0,0,9,2,0,22.2,3.91,0.87,0.00,0.00,0.9,0.9,0.10,-0.9,-0.9
314,Ronaël Pierre-Gabriel,DEF,Mainz 05,4.2,1,0.3,+0.7,4,115,165,69.7,0,5,0.0,92,123,74.8,23,37,62.2,0,0,14,2,1,0,0,0,1,0,0,0.0,0.24,0.00,0.00,0,0.0,0.0,0.02,0.0,0.0
315,Łukasz Piszczek,DEF,Dortmund,12.2,3,1.7,+1.3,8,906,1058,85.6,5,16,31.3,761,833,91.4,140,209,67.0,1,0,50,7,0,1,0,0,6,2,0,33.3,0.49,0.16,0.17,0.50,0.4,0.4,0.06,+0.6,+0.6
316,Claudio Pizarro,FWD,Werder Bremen,2.2,0,0.6,-0.6,4,51,77,66.2,4,12,33.3,43,56,76.8,4,9,44.4,0,0,5,6,0,0,0,0,4,0,0,0.0,1.80,0.00,0.00,0,0.4,0.4,0.10,-0.4,-0.4
317,Marvin Plattenhardt,DEF,Hertha BSC,9.0,1,1.3,-0.3,13,268,372,72.0,1,14,7.1,199,233,85.4,68,125,54.4,0,10,13,6,6,0,0,0,3,0,2,0.0,0.33,0.00,0.00,0,0.3,0.3,0.10,-0.3,-0.3
318,Alassane Pléa,FWD,M'gladbach,15.6,5,4.7,+0.3,24,310,450,68.9,10,41,24.4,252,328,76.8,48,81,59.3,7,6,27,21,6,8,0,0,50,23,2,46.0,3.20,1.47,0.16,0.35,7.6,7.6,0.15,+0.4,+0.4
319,Thomas Pledl,DEF,Düsseldorf,0.8,0,0.1,-0.1,1,19,35,54.3,0,4,0.0,17,25,68.0,2,6,33.3,0,0,2,0,0,0,0,0,1,0,0,0.0,1.30,0.00,0.00,0,0.1,0.1,0.05,-0.1,-0.1
320,Joel Pohjanpalo,MID,Bayer,0.0,0,0.0,0.0,0,0,0,0,0,0,0,0,0,0,0,0,0,0,0,0,0,0,0,0,0,0,0,0,0,0.00,0.00,0,0,0.0,0.0,0,0.0,0.0
321,Sebastian Polter,FWD,Union Berlin,3.0,2,1.2,+0.8,7,48,69,69.6,5,7,71.4,37,55,67.3,6,7,85.7,0,0,3,3,0,2,2,2,5,0,0,0.0,1.66,0.00,0.00,0,1.9,0.4,0.09,+0.1,-0.4
322,Marin Pongračić,DEF,Wolfsburg,1.5,0,0.0,0.0,0,86,104,82.7,0,2,0.0,40,49,81.6,46,53,86.8,0,0,6,0,0,0,0,0,0,0,0,0,0.00,0.00,0,0,0.0,0.0,0,0.0,0.0
323,Stefan Posch,DEF,Hoffenheim,16.7,0,0.7,-0.7,4,733,926,79.2,6,29,20.7,562,634,88.6,165,263,62.7,0,0,52,7,0,0,0,0,14,4,0,28.6,0.84,0.24,0.00,0.00,1.4,1.4,0.10,-1.4,-1.4
324,Yussuf Poulsen,FWD,RB Leipzig,10.2,4,1.1,+2.9,10,174,251,69.3,11,27,40.7,146,195,74.9,17,29,58.6,3,0,10,8,0,3,0,0,18,7,0,38.9,1.76,0.68,0.17,0.43,3.4,3.4,0.19,-0.4,-0.4
325,Kai Pröger,MID,Paderborn 07,16.4,5,3.3,+1.7,33,244,446,54.7,12,47,25.5,166,237,70.0,66,162,40.7,0,59,15,2,1,2,0,0,39,12,2,30.8,2.37,0.73,0.05,0.17,2.2,2.2,0.06,-0.2,-0.2
326,Grischa Prömel,MID,Union Berlin,2.7,0,0.0,0.0,1,61,82,74.4,2,5,40.0,50,59,84.7,9,18,50.0,0,0,8,0,0,0,0,0,2,0,0,0.0,0.74,0.00,0.00,0,0.1,0.1,0.06,-0.1,-0.1
327,Robin Quaison,FWD,Mainz 05,19.1,1,1.0,0.0,15,270,368,73.4,9,24,37.5,223,275,81.1,38,69,55.1,1,0,20,11,0,11,1,1,53,23,1,43.4,2.78,1.20,0.19,0.43,9.3,8.5,0.16,+1.7,+1.5
328,Raffael,MID,M'gladbach,0.5,0,0.2,-0.2,3,29,37,78.4,1,3,33.3,23,25,92.0,5,9,55.6,0,3,2,2,0,0,0,0,6,2,1,33.3,11.25,3.75,0.00,0.00,0.3,0.3,0.05,-0.3,-0.3
329,Benito Raman,FWD,Schalke 04,12.2,3,2.0,+1.0,13,140,204,68.6,3,16,18.8,118,154,76.6,19,34,55.9,1,0,7,5,0,4,0,0,25,12,0,48.0,2.05,0.98,0.16,0.33,4.1,4.1,0.16,-0.1,-0.1
330,Milot Rashica,FWD,Werder Bremen,17.3,3,2.1,+0.9,31,298,464,64.2,3,24,12.5,222,290,76.6,73,150,48.7,0,37,12,13,6,7,2,2,53,19,3,35.8,3.06,1.10,0.09,0.26,4.9,3.5,0.07,+2.1,+1.5
331,Ante Rebić,FWD,Eint Frankfurt,1.0,0,0.1,-0.1,2,9,18,50.0,1,4,25.0,8,14,57.1,0,0,0,0,0,0,0,0,0,0,0,2,1,1,50.0,2.00,1.00,0.00,0.00,0.1,0.1,0.05,-0.1,-0.1
332,Daishawn Redan,FWD,Hertha BSC,0.2,0,0.0,0.0,0,6,7,85.7,0,0,0,6,6,100.0,0,1,0.0,0,0,1,0,0,0,0,0,1,0,0,0.0,4.50,0.00,0.00,0,0.2,0.2,0.25,-0.2,-0.2
333,Fabian Reese,FWD,Schalke 04,1.0,0,0.4,-0.4,2,9,19,47.4,0,2,0.0,8,16,50.0,1,1,100.0,0,0,0,1,0,0,0,0,3,1,0,33.3,3.14,1.05,0.00,0.00,0.1,0.1,0.03,-0.1,-0.1
334,Ken Reichel,DEF,Union Berlin,1.5,0,0.0,0.0,0,54,74,73.0,1,2,50.0,38,45,84.4,15,27,55.6,0,1,7,0,0,0,0,0,1,0,0,0.0,0.69,0.00,0.00,0,0.0,0.0,0.03,0.0,0.0
335,Karim Rekik,DEF,Hertha BSC,12.0,0,0.0,0.0,1,488,549,88.9,8,11,72.7,334,349,95.7,146,189,77.2,0,0,37,1,1,1,0,0,4,2,0,50.0,0.33,0.17,0.25,0.50,0.5,0.5,0.14,+0.5,+0.5
336,Panagiotis Retsos,DEF,Bayer,1.3,0,0.0,0.0,1,85,99,85.9,0,2,0.0,72,78,92.3,13,19,68.4,0,0,5,0,0,0,0,0,0,0,0,0,0.00,0.00,0,0,0.0,0.0,0,0.0,0.0
337,Marco Reus,MID,Dortmund,16.7,5,2.3,+2.7,20,544,657,82.8,20,42,47.6,448,509,88.0,76,106,71.7,8,0,44,20,1,11,1,1,45,22,3,48.9,2.70,1.32,0.22,0.45,9.3,8.6,0.19,+1.7,+1.4
338,Elvis Rexhbeçaj,MID,Köln,0.1,0,0.0,0.0,0,4,4,100.0,0,0,0,2,2,100.0,2,2,100.0,0,0,3,1,0,0,0,0,1,1,0,100.0,9.00,9.00,0.00,0.00,0.1,0.1,0.05,-0.1,-0.1
339,Giovanni Reyna,MID,Dortmund,1.0,0,0.4,-0.4,1,50,62,80.6,2,4,50.0,42,51,82.4,6,7,85.7,0,0,4,1,0,0,0,0,3,1,0,33.3,2.93,0.98,0.00,0.00,0.1,0.1,0.03,-0.1,-0.1
340,Marco Richter,MID,Augsburg,15.4,2,1.7,+0.3,13,207,355,58.3,9,28,32.1,150,229,65.5,48,98,49.0,7,4,18,10,2,4,0,0,46,13,4,28.3,2.99,0.85,0.09,0.31,4.0,4.0,0.09,0.0,0.0
341,Marcel Risse,MID,Köln,1.4,2,0.5,+1.5,6,35,70,50.0,0,7,0.0,22,30,73.3,13,33,39.4,0,6,2,2,0,0,0,0,1,0,1,0.0,0.71,0.00,0.00,0,0.1,0.1,0.12,-0.1,-0.1
342,Marlon Ritter,MID,Paderborn 07,0.6,0,0.0,0.0,1,20,35,57.1,0,0,0,15,21,71.4,5,14,35.7,0,7,3,0,0,0,0,0,5,2,1,40.0,8.18,3.27,0.00,0.00,0.2,0.2,0.05,-0.2,-0.2
343,Sebastian Rode,MID,Eint Frankfurt,12.6,0,0.4,-0.4,8,520,625,83.2,15,29,51.7,367,415,88.4,138,181,76.2,0,3,47,9,1,2,0,0,8,4,0,50.0,0.64,0.32,0.25,0.50,0.7,0.7,0.09,+1.3,+1.3
344,Jérôme Roussillon,DEF,Wolfsburg,19.6,1,1.8,-0.8,16,598,829,72.1,9,41,22.0,483,584,82.7,106,204,52.0,0,0,34,17,9,1,0,0,18,4,0,22.2,0.92,0.20,0.06,0.25,0.8,0.8,0.04,+0.2,+0.2
345,Sebastian Rudy,MID,Hoffenheim,20.4,3,2.5,+0.5,32,816,1006,81.1,14,34,41.2,635,733,86.6,167,239,69.9,0,28,77,12,1,1,0,0,18,5,0,27.8,0.88,0.24,0.06,0.20,0.9,0.9,0.05,+0.1,+0.1
346,Lukas Rupp,MID,Hoffenheim,3.8,0,0.1,-0.1,1,135,155,87.1,3,6,50.0,121,134,90.3,11,15,73.3,0,0,17,2,0,0,0,0,5,0,0,0.0,1.32,0.00,0.00,0,0.3,0.3,0.05,-0.3,-0.3
347,Julian Ryerson,DEF,Union Berlin,1.5,0,0.1,-0.1,1,44,63,69.8,0,7,0.0,36,40,90.0,8,16,50.0,0,0,2,0,0,0,0,0,1,0,0,0.0,0.67,0.00,0.00,0,0.5,0.5,0.54,-0.5,-0.5
348,Frederik Rønnow,GK,Eint Frankfurt,8.0,0,0.0,0.0,0,195,289,67.5,0,0,0,94,95,98.9,101,194,52.1,0,0,9,0,0,0,0,0,0,0,0,0,0.00,0.00,0,0,0.0,0.0,0,0.0,0.0
349,João Victor Santos Sá,FWD,Wolfsburg,12.4,0,0.3,-0.3,9,208,288,72.2,8,21,38.1,172,223,77.1,28,44,63.6,1,2,14,2,1,1,0,0,25,8,0,32.0,2.01,0.64,0.04,0.13,3.1,3.1,0.12,-2.1,-2.1
350,Abdelhamid Sabiri,MID,Paderborn 07,7.8,1,0.4,+0.6,6,222,278,79.9,9,14,64.3,164,188,87.2,49,76,64.5,0,0,22,2,0,3,1,1,23,9,7,39.1,2.95,1.15,0.09,0.22,2.1,1.4,0.06,+0.9,+0.6
351,Marcel Sabitzer,MID,RB Leipzig,19.7,5,3.4,+1.6,43,781,1067,73.2,22,67,32.8,615,746,82.4,144,254,56.7,4,16,80,34,2,7,0,0,51,17,7,33.3,2.58,0.86,0.14,0.41,5.4,5.4,0.11,+1.6,+1.6
352,Nuri Şahin,MID,Werder Bremen,14.0,3,2.9,+0.1,28,590,775,76.1,13,31,41.9,426,483,88.2,151,261,57.9,2,49,59,7,0,0,0,0,11,1,2,9.1,0.79,0.07,0.00,0.00,0.3,0.3,0.03,-0.3,-0.3
353,Roland Sallai,FWD,Freiburg,4.8,0,0.2,-0.2,3,89,126,70.6,1,10,10.0,82,100,82.0,6,16,37.5,0,0,4,3,0,0,0,0,12,3,0,25.0,2.52,0.63,0.00,0.00,0.8,0.8,0.06,-0.8,-0.8
354,Diadie Samassékou,MID,Hoffenheim,6.0,0,0.0,0.0,1,166,209,79.4,2,8,25.0,138,161,85.7,26,40,65.0,0,0,10,2,0,0,0,0,2,0,0,0.0,0.34,0.00,0.00,0,0.1,0.1,0.04,-0.1,-0.1
355,Renato Sanches,MID,Bayern Munich,0.1,0,0.0,0.0,0,7,8,87.5,0,0,0,7,7,100.0,0,1,0.0,0,0,0,0,0,0,0,0,0,0,0,0,0.00,0.00,0,0,0.0,0.0,0,0.0,0.0
356,Jadon Sancho,FWD,Dortmund,18.0,13,6.7,+6.3,47,926,1120,82.7,16,49,32.7,821,934,87.9,89,137,65.0,8,34,47,37,3,13,0,0,38,22,0,57.9,2.12,1.23,0.34,0.59,6.0,6.0,0.16,+7.0,+7.0
357,Salif Sané,DEF,Schalke 04,7.5,1,0.3,+0.7,1,367,415,88.4,4,8,50.0,229,250,91.6,134,157,85.4,0,0,16,1,0,2,0,0,7,3,0,42.9,0.93,0.40,0.29,0.67,0.5,0.5,0.08,+1.5,+1.5
358,Marcelo Saracchi,DEF,RB Leipzig,2.0,0,0.3,-0.3,4,91,127,71.7,0,2,0.0,75,89,84.3,16,36,44.4,0,0,6,3,1,1,0,0,3,1,0,33.3,1.53,0.51,0.33,1.00,0.4,0.4,0.14,+0.6,+0.6
359,Josh Sargent,FWD,Werder Bremen,8.4,2,0.3,+1.7,4,144,193,74.6,6,18,33.3,124,155,80.0,14,20,70.0,0,0,5,3,1,2,0,0,15,7,0,46.7,1.79,0.84,0.13,0.29,2.2,2.2,0.15,-0.2,-0.2
360,Louis Schaub,MID,Köln,7.0,1,1.3,-0.3,11,220,281,78.3,8,21,38.1,185,213,86.9,27,47,57.4,1,18,17,2,0,1,0,0,9,5,0,55.6,1.29,0.72,0.11,0.20,0.6,0.6,0.07,+0.4,+0.4
361,Patrik Schick,FWD,RB Leipzig,7.5,2,1.6,+0.4,8,107,171,62.6,9,20,45.0,95,133,71.4,3,18,16.7,1,0,7,2,0,6,0,0,24,11,0,45.8,3.21,1.47,0.25,0.55,3.2,3.2,0.13,+2.8,+2.8
362,Julian Schieber,FWD,Augsburg,0.5,0,0.0,0.0,0,11,14,78.6,2,2,100.0,9,12,75.0,0,0,0,0,0,1,1,0,0,0,0,1,1,0,100.0,2.20,2.20,0.00,0.00,0.0,0.0,0.04,0.0,0.0
363,Kingsley Schindler,FWD,Köln,8.9,2,0.6,+1.4,9,133,221,60.2,5,19,26.3,102,152,67.1,26,50,52.0,1,0,8,8,2,0,0,0,13,2,0,15.4,1.46,0.22,0.00,0.00,0.9,0.9,0.07,-0.9,-0.9
364,Xaver Schlager,MID,Wolfsburg,9.6,2,1.9,+0.1,13,265,349,75.9,10,26,38.5,207,250,82.8,48,73,65.8,1,0,33,9,1,1,0,0,17,6,0,35.3,1.76,0.62,0.06,0.17,0.9,0.9,0.05,+0.1,+0.1
365,Keven Schlotterbeck,DEF,Union Berlin,11.6,0,0.0,0.0,0,352,428,82.2,4,9,44.4,178,199,89.4,170,220,77.3,0,0,25,2,1,0,0,0,5,1,0,20.0,0.43,0.09,0.00,0.00,0.2,0.2,0.05,-0.2,-0.2
366,Nico Schlotterbeck,DEF,Freiburg,3.9,0,0.1,-0.1,2,139,175,79.4,0,5,0.0,96,106,90.6,43,64,67.2,0,0,8,0,0,0,0,0,3,1,0,33.3,0.77,0.26,0.00,0.00,0.1,0.1,0.05,-0.1,-0.1
367,Marcel Schmelzer,FWD,Dortmund,0.0,0,0.0,0.0,0,1,3,33.3,0,1,0.0,1,2,50.0,0,0,0,0,0,0,0,0,0,0,0,0,0,0,0,0.00,0.00,0,0,0.0,0.0,0,0.0,0.0
368,Jonathan Schmid,DEF,Freiburg,20.9,1,2.2,-1.2,20,751,1019,73.7,11,38,28.9,590,700,84.3,150,281,53.4,1,18,45,11,4,4,0,0,29,13,8,44.8,1.39,0.62,0.14,0.31,2.5,2.5,0.09,+1.5,+1.5
369,Manuel Schmiedebach,MID,Union Berlin,1.6,0,0.0,0.0,0,32,43,74.4,1,1,100.0,25,31,80.6,6,11,54.5,0,0,7,0,0,0,0,0,0,0,0,0,0.00,0.00,0,0,0.0,0.0,0,0.0,0.0
370,Benno Schmitz,DEF,Köln,5.4,0,0.2,-0.2,5,234,333,70.3,2,15,13.3,158,193,81.9,74,125,59.2,0,0,38,7,2,0,0,0,1,0,0,0.0,0.19,0.00,0.00,0,0.1,0.1,0.11,-0.1,-0.1
371,Sebastian Schonlau,DEF,Paderborn 07,16.0,0,0.0,0.0,1,898,997,90.1,6,12,50.0,580,620,93.5,312,365,85.5,0,0,23,0,0,2,0,0,8,4,0,50.0,0.50,0.25,0.25,0.50,0.7,0.7,0.09,+1.3,+1.3
372,Alessandro Schöpf,MID,Schalke 04,5.3,0,0.5,-0.5,2,151,192,78.6,7,14,50.0,136,160,85.0,8,18,44.4,0,0,9,2,1,0,0,0,9,2,0,22.2,1.71,0.38,0.00,0.00,1.0,1.0,0.11,-1.0,-1.0
373,Markus Schubert,GK,Schalke 04,4.2,0,0.0,0.0,1,119,187,63.6,0,0,0,61,61,100.0,58,126,46.0,0,0,1,0,0,0,0,0,0,0,0,0,0.00,0.00,0,0,0.0,0.0,0,0.0,0.0
374,Nico Schulz,DEF,Dortmund,6.3,0,0.2,-0.2,3,371,433,85.7,3,14,21.4,325,360,90.3,43,59,72.9,0,0,21,4,1,1,0,0,6,1,0,16.7,0.96,0.16,0.17,1.00,0.4,0.4,0.07,+0.6,+0.6
375,Alexander Schwolow,GK,Freiburg,12.2,0,0.0,0.0,0,321,468,68.6,0,0,0,172,172,100.0,149,296,50.3,0,0,3,0,0,0,0,0,0,0,0,0,0.00,0.00,0,0,0.0,0.0,0,0.0,0.0
376,Davie Selke,FWD,Werder Bremen,1.8,0,0.0,0.0,0,38,49,77.6,3,4,75.0,33,40,82.5,2,5,40.0,0,0,1,0,0,0,0,0,5,2,0,40.0,2.83,1.13,0.00,0.00,0.7,0.7,0.13,-0.7,-0.7
376,Davie Selke,FWD,Werder Bremen,1.8,0,0.0,0.0,0,38,49,77.6,3,4,75.0,33,40,82.5,2,5,40.0,0,0,1,0,0,1,0,0,19,3,0,15.8,1.79,0.28,0.05,0.33,2.6,2.6,0.13,-1.6,-1.6
377,Davie Selke,FWD,Hertha BSC,10.6,1,0.5,+0.5,5,141,235,60.0,11,19,57.9,121,192,63.0,9,24,37.5,0,0,7,4,0,0,0,0,5,2,0,40.0,2.83,1.13,0.00,0.00,0.7,0.7,0.13,-0.7,-0.7
377,Davie Selke,FWD,Hertha BSC,10.6,1,0.5,+0.5,5,141,235,60.0,11,19,57.9,121,192,63.0,9,24,37.5,0,0,7,4,0,1,0,0,19,3,0,15.8,1.79,0.28,0.05,0.33,2.6,2.6,0.13,-1.6,-1.6
378,Suat Serdar,MID,Schalke 04,15.6,0,0.9,-0.9,8,338,431,78.4,9,28,32.1,241,290,83.1,88,113,77.9,2,0,38,6,0,7,0,0,34,14,0,41.2,2.18,0.90,0.21,0.50,2.7,2.7,0.08,+4.3,+4.3
379,Khiry Shelton,FWD,Paderborn 07,0.4,0,0.0,0.0,0,4,4,100.0,0,0,0,4,4,100.0,0,0,0,0,0,0,0,0,0,0,0,0,0,0,0,0.00,0.00,0,0,0.0,0.0,0,0.0,0.0
380,André Silva,FWD,Eint Frankfurt,8.3,2,2.0,0.0,14,164,230,71.3,6,16,37.5,135,175,77.1,23,39,59.0,1,0,12,6,1,4,0,0,27,13,0,48.1,3.26,1.57,0.15,0.31,3.4,3.4,0.13,+0.6,+0.6
381,Sarpreet Singh,MID,Bayern Munich,0.1,0,0.0,0.0,0,4,5,80.0,0,1,0.0,4,4,100.0,0,0,0,0,0,0,0,0,0,0,0,0,0,0,0,0.00,0.00,0,0,0.0,0.0,0,0.0,0.0
382,Daley Sinkgraven,DEF,Bayer,6.3,1,0.5,+0.5,5,395,465,84.9,3,9,33.3,311,342,90.9,81,114,71.1,4,0,24,3,1,0,0,0,0,0,0,0,0.00,0.00,0,0,0.0,0.0,0,0.0,0.0
383,Ellyes Skhiri,MID,Köln,17.7,3,1.1,+1.9,13,677,801,84.5,16,27,59.3,517,599,86.3,144,175,82.3,1,0,49,13,0,1,0,0,17,3,0,17.6,0.96,0.17,0.06,0.33,1.2,1.2,0.07,-0.2,-0.2
384,Robert Skov,DEF,Hoffenheim,17.8,4,2.7,+1.3,27,657,865,76.0,10,27,37.0,536,611,87.7,111,227,48.9,2,32,37,20,11,3,0,0,33,10,11,30.3,1.85,0.56,0.09,0.30,1.5,1.5,0.05,+1.5,+1.5
385,Steven Skrzybski,FWD,Düsseldorf,2.0,0,0.1,-0.1,1,26,34,76.5,2,5,40.0,19,22,86.4,5,7,71.4,0,0,2,0,0,0,0,0,3,0,0,0.0,1.50,0.00,0.00,0,0.2,0.2,0.07,-0.2,-0.2
386,Dennis Smarsch,GK,Hertha BSC,0.7,0,0.0,0.0,0,21,33,63.6,0,0,0,9,9,100.0,12,24,50.0,0,0,0,0,0,0,0,0,0,0,0,0,0.00,0.00,0,0,0.0,0.0,0,0.0,0.0
387,Lasse Sobiech,DEF,Köln,1.0,0,0.0,0.0,1,26,39,66.7,0,0,0,18,26,69.2,8,13,61.5,0,0,1,0,0,0,0,0,0,0,0,0,0.00,0.00,0,0,0.0,0.0,0,0.0,0.0
388,Marcel Sobottka,MID,Düsseldorf,4.1,0,0.0,0.0,2,99,125,79.2,2,3,66.7,69,84,82.1,28,38,73.7,0,0,7,0,0,0,0,0,2,0,0,0.0,0.49,0.00,0.00,0,0.0,0.0,0.02,0.0,0.0
389,Yann Sommer,GK,M'gladbach,21.0,0,0.0,0.0,0,772,943,81.9,0,0,0,372,375,99.2,400,568,70.4,0,0,4,0,0,0,0,0,0,0,0,0,0.00,0.00,0,0,0.0,0.0,0,0.0,0.0
390,Djibril Sow,MID,Eint Frankfurt,15.6,2,1.6,+0.4,23,568,690,82.3,13,34,38.2,406,458,88.6,149,198,75.3,0,16,62,12,5,1,0,0,19,2,0,10.5,1.22,0.13,0.05,0.50,1.3,1.3,0.07,-0.3,-0.3
391,Dennis Srbeny,FWD,Paderborn 07,3.0,0,0.1,-0.1,2,41,74,55.4,2,11,18.2,34,56,60.7,5,7,71.4,0,0,5,0,0,2,0,0,9,3,0,33.3,3.03,1.01,0.22,0.67,0.9,0.9,0.10,+1.1,+1.1
392,Jerry St. Juste,DEF,Mainz 05,16.7,1,0.1,+0.9,2,571,643,88.8,8,19,42.1,376,400,94.0,187,224,83.5,0,0,30,2,1,2,0,0,8,2,0,25.0,0.48,0.12,0.25,1.00,0.5,0.5,0.06,+1.5,+1.5
393,Kostas Stafylidis,DEF,Hoffenheim,4.4,0,0.2,-0.2,3,149,189,78.8,3,6,50.0,113,129,87.6,33,54,61.1,0,0,12,5,4,1,0,0,4,2,0,50.0,0.91,0.45,0.25,0.50,0.1,0.1,0.02,+0.9,+0.9
394,Benjamin Stambouli,DEF,Schalke 04,9.0,0,0.0,0.0,0,368,460,80.0,3,14,21.4,230,253,90.9,135,193,69.9,1,0,31,2,0,0,0,0,0,0,0,0,0.00,0.00,0,0,0.0,0.0,0,0.0,0.0
395,Niklas Stark,DEF,Hertha BSC,13.8,0,0.6,-0.6,2,503,587,85.7,7,19,36.8,342,373,91.7,154,195,79.0,1,0,40,1,0,0,0,0,6,1,0,16.7,0.44,0.07,0.00,0.00,0.5,0.5,0.08,-0.5,-0.5
396,Renato Steffen,FWD,Wolfsburg,8.4,1,1.7,-0.7,14,277,368,75.3,7,19,36.8,218,272,80.1,52,77,67.5,0,0,16,17,5,2,0,0,12,3,0,25.0,1.43,0.36,0.17,0.67,1.9,1.9,0.16,+0.1,+0.1
397,Zack Steffen,GK,Düsseldorf,17.0,0,0.3,-0.3,2,441,620,71.1,2,2,100.0,170,171,99.4,269,447,60.2,0,0,7,1,0,0,0,0,0,0,0,0,0.00,0.00,0,0,0.0,0.0,0,0.0,0.0
398,Lars Stindl,MID,M'gladbach,5.5,2,1.1,+0.9,10,197,258,76.4,8,21,38.1,155,192,80.7,34,45,75.6,0,2,15,1,0,3,1,1,8,3,0,37.5,1.46,0.55,0.25,0.67,2.6,1.9,0.23,+0.4,+0.1
399,Kevin Stöger,MID,Düsseldorf,3.5,0,0.2,-0.2,5,197,237,83.1,2,7,28.6,127,143,88.8,68,87,78.2,0,4,22,2,0,0,0,0,3,1,0,33.3,0.86,0.29,0.00,0.00,0.1,0.1,0.05,-0.1,-0.1
400,Tobias Strobl,MID,M'gladbach,3.1,0,0.3,-0.3,2,157,179,87.7,1,4,25.0,109,115,94.8,47,60,78.3,1,0,13,0,0,0,0,0,0,0,0,0,0.00,0.00,0,0,0.0,0.0,0,0.0,0.0
401,Christian Strohdiek,DEF,Paderborn 07,9.0,1,0.3,+0.7,3,267,360,74.2,0,7,0.0,150,178,84.3,117,175,66.9,1,0,24,2,0,0,0,0,4,0,0,0.0,0.44,0.00,0.00,0,0.3,0.3,0.08,-0.3,-0.3
402,Neven Subotić,DEF,Union Berlin,15.8,0,0.3,-0.3,5,414,565,73.3,5,19,26.3,240,294,81.6,169,252,67.1,0,0,40,2,0,1,0,0,10,2,0,20.0,0.63,0.13,0.10,0.50,0.9,0.9,0.09,+0.1,+0.1
403,Marek Suchý,DEF,Augsburg,1.5,0,0.0,0.0,0,39,44,88.6,0,2,0.0,31,32,96.9,8,10,80.0,0,0,0,0,0,0,0,0,0,0,0,0,0.00,0.00,0,0,0.0,0.0,0,0.0,0.0
404,Niklas Süle,DEF,Bayern Munich,7.1,1,0.4,+0.6,2,570,612,93.1,2,5,40.0,353,369,95.7,215,238,90.3,1,0,44,4,0,0,0,0,6,1,0,16.7,0.84,0.14,0.00,0.00,0.2,0.2,0.04,-0.2,-0.2
405,Markus Suttner,DEF,Düsseldorf,7.9,1,0.3,+0.7,7,275,392,70.2,1,16,6.3,200,237,84.4,74,139,53.2,1,13,28,7,2,0,0,0,5,0,1,0.0,0.64,0.00,0.00,0,0.1,0.1,0.02,-0.1,-0.1
406,Ádám Szalai,FWD,Mainz 05,10.5,1,0.5,+0.5,9,163,249,65.5,14,22,63.6,135,199,67.8,14,28,50.0,1,0,10,1,0,1,0,0,22,8,0,36.4,2.09,0.76,0.05,0.13,3.9,3.9,0.18,-2.9,-2.9
407,Jonathan Tah,DEF,Bayer,17.0,1,0.5,+0.5,4,1235,1386,89.1,11,24,45.8,782,831,94.1,442,531,83.2,0,0,79,5,1,0,0,0,5,1,0,20.0,0.29,0.06,0.00,0.00,0.2,0.2,0.04,-0.2,-0.2
408,Edmond Tapsoba,DEF,Bayer,2.0,0,0.0,0.0,0,146,165,88.5,0,1,0.0,81,93,87.1,65,71,91.5,0,0,7,0,0,0,0,0,0,0,0,0,0.00,0.00,0,0,0.0,0.0,0,0.0,0.0
409,Georg Teigl,DEF,Augsburg,1.1,0,0.0,0.0,0,19,24,79.2,0,2,0.0,16,16,100.0,3,6,50.0,0,0,0,0,0,0,0,0,0,0,0,0,0.00,0.00,0,0,0.0,0.0,0,0.0,0.0
410,Bernard Tekpetey,FWD,Düsseldorf,5.0,1,0.3,+0.7,4,63,103,61.2,2,12,16.7,45,70,64.3,16,21,76.2,1,0,9,2,1,0,0,0,11,1,0,9.1,2.20,0.20,0.00,0.00,0.5,0.5,0.05,-0.5,-0.5
411,Lino Tempelmann,MID,Freiburg,0.4,0,0.0,0.0,0,7,10,70.0,0,0,0,5,8,62.5,2,2,100.0,0,0,0,0,0,0,0,0,1,0,0,0.0,2.65,0.00,0.00,0,0.0,0.0,0.04,0.0,0.0
412,Simon Terodde,FWD,Köln,8.3,1,0.5,+0.5,4,91,146,62.3,3,12,25.0,75,115,65.2,13,19,68.4,1,0,6,3,0,3,0,0,36,11,0,30.6,4.34,1.33,0.08,0.27,6.5,6.5,0.18,-3.5,-3.5
413,Niclas Thiede,GK,Freiburg,0.8,0,0.0,0.0,0,32,41,78.0,0,0,0,24,24,100.0,8,17,47.1,0,0,1,0,0,0,0,0,0,0,0,0,0.00,0.00,0,0,0.0,0.0,0,0.0,0.0
414,Jan Thielmann,FWD,Köln,3.6,1,0.1,+0.9,2,66,95,69.5,1,7,14.3,52,67,77.6,13,21,61.9,0,0,2,3,1,0,0,0,6,2,0,33.3,1.68,0.56,0.00,0.00,0.4,0.4,0.07,-0.4,-0.4
415,Erik Thommy,MID,Düsseldorf,14.7,4,2.9,+1.1,28,339,496,68.3,9,36,25.0,250,306,81.7,80,154,51.9,1,34,25,12,5,3,0,0,29,11,1,37.9,1.97,0.75,0.10,0.27,1.8,1.8,0.06,+1.2,+1.2
416,Marcus Thuram,FWD,M'gladbach,17.2,7,5.2,+1.8,20,339,481,70.5,21,44,47.7,294,384,76.6,24,53,45.3,2,0,12,9,0,6,0,0,39,24,0,61.5,2.26,1.39,0.15,0.25,6.7,6.7,0.17,-0.7,-0.7
417,Marcel Tisserand,DEF,Wolfsburg,13.4,1,0.2,+0.8,3,559,719,77.7,5,15,33.3,354,407,87.0,200,297,67.3,1,0,53,5,1,1,0,0,8,2,0,25.0,0.60,0.15,0.13,0.50,1.0,1.0,0.12,0.0,0.0
418,Jean-Clair Todibo,DEF,Schalke 04,1.3,0,0.1,-0.1,1,94,109,86.2,1,1,100.0,58,61,95.1,35,47,74.5,0,0,9,0,0,0,0,0,2,1,0,50.0,1.55,0.78,0.00,0.00,0.1,0.1,0.07,-0.1,-0.1
419,Corentin Tolisso,MID,Bayern Munich,5.6,0,0.9,-0.9,8,382,431,88.6,4,13,30.8,281,307,91.5,97,111,87.4,1,0,52,5,0,1,0,0,12,3,0,25.0,2.14,0.53,0.08,0.33,1.1,1.1,0.10,-0.1,-0.1
420,Ömer Toprak,DEF,Werder Bremen,7.0,0,0.0,0.0,0,375,426,88.0,0,3,0.0,270,289,93.4,105,134,78.4,0,0,18,2,1,0,0,0,5,1,0,20.0,0.72,0.14,0.00,0.00,0.3,0.3,0.06,-0.3,-0.3
421,Lucas Torró,MID,Eint Frankfurt,1.5,0,0.0,0.0,1,61,68,89.7,0,0,0,47,49,95.9,14,19,73.7,0,0,8,1,0,0,0,0,2,0,0,0.0,1.31,0.00,0.00,0,0.1,0.1,0.04,-0.1,-0.1
422,Jordan Torunarigha,DEF,Hertha BSC,5.2,0,0.0,0.0,1,169,205,82.4,2,5,40.0,115,129,89.1,52,71,73.2,0,0,13,0,0,1,0,0,1,1,0,100.0,0.19,0.19,1.00,1.00,0.0,0.0,0.03,+1.0,+1.0
423,Almamy Touré,DEF,Eint Frankfurt,11.2,3,1.5,+1.5,14,325,462,70.3,5,15,33.3,261,328,79.6,59,119,49.6,0,0,36,8,3,1,0,0,10,3,0,30.0,0.89,0.27,0.10,0.33,1.5,1.5,0.15,-0.5,-0.5
424,Ibrahima Traoré,FWD,M'gladbach,0.1,0,0.0,0.0,0,3,3,100.0,0,0,0,3,3,100.0,0,0,0,0,0,0,0,0,0,0,0,1,0,1,0.0,6.92,0.00,0.00,0,0.1,0.1,0.06,-0.1,-0.1
425,Kevin Trapp,GK,Eint Frankfurt,11.0,0,0.0,0.0,0,320,447,71.6,3,3,100.0,149,150,99.3,168,294,57.1,1,0,10,0,0,0,0,0,0,0,0,0,0.00,0.00,0,0,0.0,0.0,0,0.0,0.0
426,Christopher Trimmel,DEF,Union Berlin,20.8,4,3.6,+0.4,46,675,981,68.8,8,39,20.5,475,550,86.4,192,392,49.0,0,76,37,10,6,0,0,0,2,2,0,100.0,0.10,0.10,0.00,0.00,0.1,0.1,0.05,-0.1,-0.1
427,Anthony Ujah,FWD,Union Berlin,6.7,0,0.3,-0.3,5,112,175,64.0,5,16,31.3,92,133,69.2,15,26,57.7,1,0,11,3,0,2,0,0,14,4,0,28.6,2.10,0.60,0.14,0.50,1.5,1.5,0.11,+0.5,+0.5
428,Sven Ulreich,GK,Bayern Munich,0.0,0,0.0,0.0,0,0,0,0,0,0,0,0,0,0,0,0,0,0,0,0,0,0,0,0,0,0,0,0,0,0,0,0,0,0.0,0.0,0,0.0,0.0
429,Dayot Upamecano,DEF,RB Leipzig,17.6,0,0.8,-0.8,6,1201,1337,89.8,7,17,41.2,757,811,93.3,437,509,85.9,2,0,120,6,0,0,0,0,14,4,0,28.6,0.80,0.23,0.00,0.00,1.8,1.8,0.14,-1.8,-1.8
430,Mark Uth,FWD,Schalke 04,3.9,0,0.3,-0.3,2,82,114,71.9,1,4,25.0,67,89,75.3,14,21,66.7,0,0,1,1,0,0,0,0,8,3,0,37.5,2.05,0.77,0.00,0.00,0.9,0.9,0.12,-0.9,-0.9
430,Mark Uth,FWD,Schalke 04,3.9,0,0.3,-0.3,2,82,114,71.9,1,4,25.0,67,89,75.3,14,21,66.7,0,0,1,1,0,2,0,0,14,7,2,50.0,3.73,1.86,0.14,0.29,1.7,1.7,0.12,+0.3,+0.3
431,Mark Uth,MID,Köln,3.8,2,1.5,+0.5,13,87,130,66.9,1,6,16.7,49,61,80.3,37,63,58.7,1,20,11,7,1,0,0,0,8,3,0,37.5,2.05,0.77,0.00,0.00,0.9,0.9,0.12,-0.9,-0.9
431,Mark Uth,MID,Köln,3.8,2,1.5,+0.5,13,87,130,66.9,1,6,16.7,49,61,80.3,37,63,58.7,1,20,11,7,1,2,0,0,14,7,2,50.0,3.73,1.86,0.14,0.29,1.7,1.7,0.12,+0.3,+0.3
432,Ruben Vargas,MID,Augsburg,18.3,1,2.6,-1.6,13,246,396,62.1,11,35,31.4,198,288,68.8,37,73,50.7,0,0,21,8,1,4,0,0,37,16,0,43.2,2.02,0.88,0.11,0.25,5.2,5.2,0.14,-1.2,-1.2
433,Sebastian Vasiliadis,MID,Paderborn 07,20.4,1,1.7,-0.7,21,572,730,78.4,5,26,19.2,431,506,85.2,136,198,68.7,2,2,58,12,1,1,0,0,24,6,0,25.0,1.17,0.29,0.04,0.17,1.2,1.2,0.05,-0.2,-0.2
434,Miloš Veljković,DEF,Werder Bremen,12.0,0,0.0,0.0,2,477,597,79.9,4,11,36.4,307,343,89.5,166,243,68.3,0,0,55,2,0,0,0,0,2,0,0,0.0,0.17,0.00,0.00,0,0.1,0.1,0.05,-0.1,-0.1
435,Birger Verstraete,MID,Köln,7.4,1,0.8,+0.2,9,196,270,72.6,3,8,37.5,129,157,82.2,64,105,61.0,0,23,23,3,1,0,0,0,8,2,4,25.0,1.08,0.27,0.00,0.00,0.3,0.3,0.04,-0.3,-0.3
436,Kevin Vogt,DEF,Werder Bremen,4.7,0,0.0,0.0,1,277,315,87.9,3,5,60.0,129,144,89.6,145,166,87.3,0,0,7,0,0,0,0,0,1,0,0,0.0,0.21,0.00,0.00,0,0.1,0.1,0.08,-0.1,-0.1
436,Kevin Vogt,DEF,Werder Bremen,4.7,0,0.0,0.0,1,277,315,87.9,3,5,60.0,129,144,89.6,145,166,87.3,0,0,7,0,0,0,0,0,0,0,0,0,0.00,0.00,0,0,0.0,0.0,0,0.0,0.0
437,Kevin Vogt,DEF,Hoffenheim,10.7,0,0.1,-0.1,1,776,830,93.5,3,6,50.0,470,491,95.7,303,333,91.0,0,0,30,1,0,0,0,0,1,0,0,0.0,0.21,0.00,0.00,0,0.1,0.1,0.08,-0.1,-0.1
437,Kevin Vogt,DEF,Hoffenheim,10.7,0,0.1,-0.1,1,776,830,93.5,3,6,50.0,470,491,95.7,303,333,91.0,0,0,30,1,0,0,0,0,0,0,0,0,0.00,0.00,0,0,0.0,0.0,0,0.0,0.0
438,Kevin Volland,FWD,Bayer,20.2,7,5.8,+1.2,33,390,540,72.2,22,50,44.0,308,401,76.8,60,89,67.4,8,1,32,20,5,9,0,0,66,28,1,42.4,3.27,1.39,0.14,0.32,10.3,10.3,0.16,-1.3,-1.3
439,Luca Waldschmidt,FWD,Freiburg,8.5,1,0.5,+0.5,7,153,198,77.3,4,14,28.6,127,150,84.7,22,34,64.7,1,0,8,5,1,5,3,3,24,6,1,25.0,2.83,0.71,0.08,0.33,2.6,1.1,0.05,+2.4,+0.9
440,Wout Weghorst,FWD,Wolfsburg,19.6,2,1.9,+0.1,28,352,526,66.9,16,47,34.0,302,419,72.1,34,60,56.7,2,0,42,12,0,10,3,3,56,23,0,41.1,2.85,1.17,0.13,0.30,10.3,8.1,0.14,-0.3,-1.1
441,Julian Weigl,MID,Dortmund,11.3,0,0.3,-0.3,4,753,824,91.4,9,19,47.4,474,504,94.0,270,301,89.7,1,0,52,5,0,1,0,0,9,3,0,33.3,0.79,0.26,0.11,0.33,0.3,0.3,0.03,+0.7,+0.7
442,Mitchell Weiser,DEF,Bayer,7.0,0,0.2,-0.2,5,456,572,79.7,8,32,25.0,401,458,87.6,47,82,57.3,0,0,20,9,5,0,0,0,3,0,0,0.0,0.43,0.00,0.00,0,0.2,0.2,0.06,-0.2,-0.2
443,Wendell,DEF,Bayer,13.7,2,1.1,+0.9,7,1010,1191,84.8,5,32,15.6,835,920,90.8,170,239,71.1,2,0,54,2,0,0,0,0,8,0,0,0.0,0.59,0.00,0.00,0,0.2,0.2,0.03,-0.2,-0.2
444,Oscar Wendt,DEF,M'gladbach,13.9,2,1.6,+0.4,16,606,811,74.7,4,28,14.3,508,579,87.7,94,204,46.1,0,24,37,12,5,2,0,0,9,3,0,33.3,0.65,0.22,0.22,0.67,1.2,1.2,0.14,+0.8,+0.8
445,Timo Werner,FWD,RB Leipzig,20.8,6,5.9,+0.1,32,507,701,72.3,17,53,32.1,431,543,79.4,59,105,56.2,4,1,37,36,6,20,3,3,85,41,0,48.2,4.08,1.97,0.20,0.41,16.1,13.8,0.16,+3.9,+3.2
446,Felix Wiedwald,GK,Eint Frankfurt,3.0,0,0.0,0.0,0,70,103,68.0,0,0,0,32,36,88.9,38,67,56.7,0,0,2,0,0,0,0,0,0,0,0,0,0.00,0.00,0,0,0.0,0.0,0,0.0,0.0
447,William,DEF,Wolfsburg,15.2,1,1.6,-0.6,16,635,885,71.8,14,45,31.1,471,577,81.6,150,263,57.0,1,5,66,12,5,1,0,0,17,6,1,35.3,1.12,0.40,0.06,0.17,1.5,1.5,0.09,-0.5,-0.5
448,Axel Witsel,MID,Dortmund,17.1,4,2.3,+1.7,12,1136,1210,93.9,18,32,56.3,930,963,96.6,188,215,87.4,0,0,94,7,1,4,0,0,22,6,0,27.3,1.29,0.35,0.18,0.67,1.8,1.8,0.08,+2.2,+2.2
449,Hannes Wolf,FWD,RB Leipzig,0.2,0,0.0,0.0,0,4,7,57.1,0,2,0.0,4,5,80.0,0,0,0,0,0,0,0,0,0,0,0,0,0,0,0,0.00,0.00,0,0,0.0,0.0,0,0.0,0.0
450,Marius Wolf,FWD,Hertha BSC,13.2,2,1.6,+0.4,16,371,544,68.2,14,54,25.9,271,344,78.8,86,146,58.9,3,2,41,10,5,1,0,0,12,2,0,16.7,0.91,0.15,0.08,0.50,0.9,0.9,0.07,+0.1,+0.1
451,Nick Woltemade,FWD,Werder Bremen,0.6,0,0.0,0.0,0,6,8,75.0,2,2,100.0,4,5,80.0,0,1,0.0,0,0,0,0,0,0,0,0,1,0,0,0.0,1.55,0.00,0.00,0,0.0,0.0,0.04,0.0,0.0
452,Dan-Axel Zagadou,DEF,Dortmund,7.6,1,0.3,+0.7,5,502,547,91.8,1,2,50.0,349,371,94.1,152,174,87.4,0,0,31,0,0,0,0,0,3,2,0,66.7,0.40,0.26,0.00,0.00,0.1,0.1,0.04,-0.1,-0.1
453,Denis Zakaria,MID,M'gladbach,19.2,2,0.7,+1.3,8,681,794,85.8,15,27,55.6,512,575,89.0,154,192,80.2,1,0,57,10,0,2,0,0,22,5,0,22.7,1.14,0.26,0.09,0.40,1.5,1.5,0.07,+0.5,+0.5
454,Robin Zentner,GK,Mainz 05,19.0,0,0.1,-0.1,1,455,711,64.0,4,4,100.0,227,228,99.6,224,479,46.8,0,0,20,0,0,0,0,0,0,0,0,0,0.00,0.00,0,0,0.0,0.0,0,0.0,0.0
455,Jean Zimmer,DEF,Düsseldorf,5.9,0,0.7,-0.7,9,118,177,66.7,2,6,33.3,86,119,72.3,30,52,57.7,0,11,11,4,0,0,0,0,9,1,0,11.1,1.53,0.17,0.00,0.00,0.3,0.3,0.03,-0.3,-0.3
456,Matthias Zimmermann,DEF,Düsseldorf,22.0,0,0.8,-0.8,17,786,1090,72.1,9,44,20.5,569,691,82.3,208,355,58.6,1,1,74,19,9,1,0,0,13,1,0,7.7,0.59,0.05,0.08,1.00,0.6,0.6,0.04,+0.4,+0.4
457,Leopold Zingerle,GK,Paderborn 07,16.0,0,0.0,0.0,0,569,695,81.9,3,3,100.0,324,324,100.0,242,368,65.8,0,0,3,0,0,0,0,0,0,0,0,0,0.00,0.00,0,0,0.0,0.0,0,0.0,0.0
458,Joshua Zirkzee,MID,Bayern Munich,0.1,0,0.0,0.0,0,4,5,80.0,0,1,0.0,4,4,100.0,0,0,0,0,0,2,1,0,2,0,0,2,2,0,100.0,25.71,25.71,1.00,1.00,0.6,0.6,0.29,+1.4,+1.4
459,Ben Zolinski,FWD,Paderborn 07,11.1,1,1.3,-0.3,12,229,309,74.1,7,22,31.8,184,229,80.3,38,58,65.5,1,0,24,4,1,3,0,0,14,5,0,35.7,1.26,0.45,0.21,0.60,2.5,2.5,0.18,+0.5,+0.5
460,Steven Zuber,DEF,Hoffenheim,2.3,0,0.2,-0.2,2,96,123,78.0,0,7,0.0,83,95,87.4,13,21,61.9,0,0,4,1,1,0,0,0,4,0,0,0.0,1.73,0.00,0.00,0,0.2,0.2,0.04,-0.2,-0.2
