Rk,Player,Nation,Position,Squad,Age,Born,90s,Goals,PK,PKatt,Shots Total,Shots on Target,FK Shots,Shots on Target %,Shots per 90,SOT per 90,Goals per Shot,Goals per SOT,xG,npxG,npxG per Shot,Goals minus xG,np Goals minus xG,Assists,xA,Assists-xA,KeyPasses,Total Passes Completed,Total Passes Attempted,Total Passes Completed%,Short Passes Completed,Short Attempted Passes,Short Passes Completed%,Medium Passes Completed,Medium Passes Attempted,Medium Passes Completed%,Long Passes Completed,Long Passes Attempted,Long Passes Completed%,Passes With LF,Passes with RF,Free Kick Passes,Through Ball Passes,Corner Kicks,Throw Ins,Passes into final third,Passes Into Penalty Box,Crosses into Penalty Box
1,Antonio Adán,es ESP,GK,Atlético Madrid,32,1987,0.3,0,0,0,0,0,0,0,0.00,0.00,0,0,0.0,0.0,0,0.0,0.0,0,0.0,0.0,0,4,6,66.7,0,0,0,2,2,100.0,2,4,50.0,2,2,0,0,0,0,0,0,0
2,Aritz Aduriz,es ESP,FWD,Athletic Bilbao,38,1981,2.1,1,0,1,6,3,0,50.0,2.80,1.40,0.17,0.33,1.3,0.6,0.09,-0.3,+0.4,0,0.0,0.0,0,32,56,57.1,0,1,0.0,31,47,66.0,1,8,12.5,3,25,0,0,0,0,3,0,0
3,Lumor Agbenyenu,gh GHA,DEF,Mallorca,22,1996,15.9,0,0,0,10,1,0,10.0,0.63,0.06,0.00,0.00,0.2,0.2,0.02,-0.2,-0.2,0,1.1,-1.1,12,568,773,73.5,10,43,23.3,475,577,82.3,83,153,54.2,515,48,9,1,0,173,40,18,10
4,Martin Agirregabiria,es ESP,DEF,Alavés,23,1996,17.0,0,0,0,2,0,0,0.0,0.12,0.00,0.00,0,0.0,0.0,0.01,0.0,0.0,1,0.5,+0.5,8,536,744,72.0,8,36,22.2,450,541,83.2,78,167,46.7,32,492,5,1,1,168,25,5,1
5,Joseph Aidoo,gh GHA,DEF,Celta Vigo,23,1995,19.9,0,0,0,10,1,0,10.0,0.50,0.05,0.00,0.00,0.9,0.9,0.09,-0.9,-0.9,1,0.9,+0.1,1,782,879,89.0,4,15,26.7,491,532,92.3,287,332,86.4,167,653,21,1,0,6,37,0,0
6,Jordi Alba,es ESP,DEF,Barcelona,30,1989,13.3,1,0,0,4,1,0,25.0,0.30,0.08,0.25,1.00,0.5,0.5,0.13,+0.5,+0.5,1,1.8,-0.8,15,1031,1186,86.9,22,52,42.3,893,976,91.5,116,158,73.4,872,178,15,1,1,103,80,17,8
7,Raúl Albiol,es ESP,DEF,Villarreal,33,1985,24.0,1,0,0,11,3,0,27.3,0.46,0.13,0.09,0.33,1.2,1.2,0.11,-0.2,-0.2,0,0.3,-0.3,4,1039,1209,85.9,3,10,30.0,500,549,91.1,536,650,82.5,134,982,32,1,0,1,64,5,1
8,Paco Alcácer,es ESP,FWD,Villarreal,25,1993,3.5,2,0,0,7,2,0,28.6,1.99,0.57,0.29,1.00,1.2,1.2,0.17,+0.8,+0.8,1,0.1,+0.9,1,65,88,73.9,2,6,33.3,59,72,81.9,4,10,40.0,17,62,0,0,0,0,1,0,0
9,Rubén Alcaraz,es ESP,MID,Valladolid,28,1991,12.0,1,0,0,20,5,6,25.0,1.67,0.42,0.05,0.20,0.8,0.8,0.04,+0.2,+0.2,1,0.4,+0.6,8,544,675,80.6,9,22,40.9,363,407,89.2,172,246,69.9,84,544,62,2,10,4,62,3,0
10,Álex Alegría,es ESP,FWD,Mallorca,26,1992,1.1,0,0,0,0,0,0,0,0.00,0.00,0,0,0.0,0.0,0,0.0,0.0,0,0.0,0.0,0,23,35,65.7,2,3,66.7,18,28,64.3,3,4,75.0,2,18,0,0,0,0,1,0,0
11,Carles Aleñá,es ESP,MID,Betis,21,1998,4.7,0,0,0,6,2,0,33.3,1.29,0.43,0.00,0.00,0.6,0.6,0.11,-0.6,-0.6,0,0.1,-0.1,2,161,191,84.3,5,12,41.7,107,122,87.7,49,57,86.0,160,23,2,0,0,0,22,2,0
12,Carles Aleñá,es ESP,MID,Barcelona,21,1998,1.9,0,0,0,1,1,0,100.0,0.53,0.53,0.00,0.00,0.0,0.0,0.04,0.0,0.0,0,0.0,0.0,0,143,156,91.7,3,6,50.0,106,109,97.2,34,41,82.9,141,14,1,1,4,0,18,1,0
13,Sergio Álvarez,es ESP,GK,Celta Vigo,32,1986,2.0,0,0,0,0,0,0,0,0.00,0.00,0,0,0.0,0.0,0,0.0,0.0,0,0.0,0.0,0,39,53,73.6,0,0,0,22,22,100.0,17,31,54.8,4,41,3,0,0,0,0,0,0
14,Sergio Álvarez,es ESP,MID,Eibar,27,1992,7.1,0,0,0,2,0,0,0.0,0.28,0.00,0.00,0,0.2,0.2,0.09,-0.2,-0.2,0,0.2,-0.2,4,178,235,75.7,0,5,0.0,127,151,84.1,51,79,64.6,28,185,5,0,0,1,28,1,1
15,Yeray Álvarez,es ESP,DEF,Athletic Bilbao,24,1995,23.0,0,0,0,10,1,0,10.0,0.43,0.04,0.00,0.00,1.1,1.1,0.11,-1.1,-1.1,0,0.5,-0.5,3,866,1057,81.9,8,16,50.0,554,612,90.5,304,429,70.9,68,876,46,1,0,10,61,7,3
16,Amath,sn SEN,MID,Getafe,23,1996,0.4,0,0,0,0,0,0,0,0.00,0.00,0,0,0.0,0.0,0,0.0,0.0,0,0.0,0.0,0,4,6,66.7,0,1,0.0,4,5,80.0,0,0,0,2,2,0,0,0,0,0,0,0
17,Miguel Ángel Guerrero,es ESP,FWD,Leganés,29,1990,0.7,0,0,0,0,0,0,0,0.00,0.00,0,0,0.0,0.0,0,0.0,0.0,0,0.0,0.0,1,10,13,76.9,1,1,100.0,9,11,81.8,0,1,0.0,0,10,0,0,0,0,0,0,0
18,Miguel Ángel Moyá,es ESP,GK,Real Sociedad,35,1984,7.0,0,0,0,0,0,0,0,0.00,0.00,0,0,0.0,0.0,0,0.0,0.0,0,0.0,0.0,0,216,274,78.8,1,1,100.0,112,112,100.0,103,161,64.0,24,195,19,0,0,0,1,0,0
19,José Ángel,es ESP,DEF,Eibar,29,1989,17.4,1,0,0,15,4,4,26.7,0.86,0.23,0.07,0.25,0.4,0.4,0.02,+0.6,+0.6,1,2.2,-1.2,22,653,964,67.7,11,36,30.6,436,524,83.2,206,404,51.0,646,80,43,2,1,187,74,29,19
20,Antoñito,es ESP,DEF,Valladolid,31,1987,5.8,0,0,0,1,0,0,0.0,0.17,0.00,0.00,0,0.1,0.1,0.09,-0.1,-0.1,0,0.8,-0.8,5,153,217,70.5,2,9,22.2,124,148,83.8,27,60,45.0,14,156,3,1,0,38,15,3,0
21,Vitorino Antunes,pt POR,MID,Getafe,32,1987,0.1,0,0,0,0,0,0,0,0.00,0.00,0,0,0.0,0.0,0,0.0,0.0,0,0.0,0.0,0,0,1,0.0,0,0,0,0,0,0,0,1,0.0,1,0,0,0,0,0,0,0,0
22,Anuar,ma MAR,MID,Valladolid,24,1995,2.0,0,0,0,1,0,0,0.0,0.50,0.00,0.00,0,0.0,0.0,0.03,0.0,0.0,0,0.0,0.0,0,86,101,85.1,2,3,66.7,67,77,87.0,17,21,81.0,7,82,1,0,1,0,6,1,0
23,Mauro Arambarri,uy URU,MID,Getafe,23,1995,22.4,1,0,0,26,4,3,15.4,1.16,0.18,0.04,0.25,1.1,1.1,0.04,-0.1,-0.1,1,1.0,0.0,3,414,611,67.8,17,36,47.2,273,381,71.7,124,194,63.9,71,429,16,1,2,1,63,10,0
24,Néstor Araujo,mx MEX,DEF,Celta Vigo,27,1991,22.2,1,0,0,9,3,0,33.3,0.41,0.14,0.11,0.33,0.6,0.6,0.07,+0.4,+0.4,1,0.0,+1.0,0,918,1051,87.3,6,16,37.5,600,655,91.6,312,380,82.1,197,751,48,0,0,2,29,0,0
25,Ronald Araújo,uy URU,DEF,Barcelona,20,1999,0.1,0,0,0,0,0,0,0,0.00,0.00,0,0,0.0,0.0,0,0.0,0.0,0,0.0,0.0,0,1,1,100.0,0,0,0,0,0,0,1,1,100.0,0,1,0,0,0,0,0,0,0
26,Anaitz Arbilla,es ESP,DEF,Eibar,32,1987,16.2,1,0,0,11,1,3,9.1,0.68,0.06,0.09,1.00,0.6,0.6,0.06,+0.4,+0.4,0,0.0,0.0,1,597,775,77.0,4,21,19.0,323,371,87.1,270,383,70.5,208,442,29,0,0,42,73,4,1
27,Alphonse Areola,fr FRA,GK,Real Madrid,26,1993,3.0,0,0,0,0,0,0,0,0.00,0.00,0,0,0.0,0.0,0,0.0,0.0,0,0.0,0.0,0,80,96,83.3,1,1,100.0,46,46,100.0,33,49,67.3,8,70,8,0,0,0,0,0,0
28,Santiago Arias,co COL,DEF,Atlético Madrid,27,1992,6.1,0,0,0,3,1,0,33.3,0.49,0.16,0.00,0.00,0.1,0.1,0.04,-0.1,-0.1,1,0.5,+0.5,7,232,298,77.9,5,12,41.7,201,228,88.2,26,58,44.8,16,218,0,0,0,45,8,4,1
29,José Arnaiz,es ESP,MID,Leganés,24,1995,3.6,0,0,0,11,5,0,45.5,3.02,1.37,0.00,0.00,0.6,0.6,0.05,-0.6,-0.6,0,0.6,-0.6,7,73,97,75.3,4,8,50.0,56,68,82.4,13,21,61.9,16,77,1,1,3,1,2,4,3
30,José Arnaiz,es ESP,FWD,Osasuna,24,1995,1.3,0,0,0,5,1,0,20.0,3.95,0.79,0.00,0.00,0.3,0.3,0.07,-0.3,-0.3,0,0.1,-0.1,2,27,30,90.0,2,4,50.0,23,24,95.8,2,2,100.0,4,23,0,0,0,0,1,0,0
31,Sergio Asenjo,es ESP,GK,Villarreal,30,1989,22.0,0,0,0,0,0,0,0,0.00,0.00,0,0,0.0,0.0,0,0.0,0.0,0,0.0,0.0,0,483,669,72.2,1,1,100.0,238,240,99.2,244,428,57.0,69,481,62,1,0,0,6,0,0
32,Iago Aspas,es ESP,FWD,Celta Vigo,31,1987,24.9,9,2,3,62,25,8,40.3,2.49,1.00,0.11,0.28,9.1,6.9,0.11,-0.1,+0.1,2,2.6,-0.6,34,708,889,79.6,36,74,48.6,566,678,83.5,106,137,77.4,600,224,4,3,3,12,47,29,2
33,Roger Assalé,ci CIV,FWD,Leganés,25,1993,0.8,0,0,0,3,1,0,33.3,3.65,1.22,0.00,0.00,0.4,0.4,0.13,-0.4,-0.4,0,0.0,0.0,0,16,20,80.0,0,0,0,15,17,88.2,1,3,33.3,2,17,0,1,0,0,1,2,0
34,Miguel Atienza,es ESP,MID,Eibar,0,0,0.3,0,0,0,0,0,0,0,0.00,0.00,0,0,0.0,0.0,0,0.0,0.0,0,0.0,0.0,0,8,11,72.7,0,1,0.0,6,6,100.0,2,4,50.0,0,11,0,0,0,0,0,0,0
35,Ezequiel Ávila,ar ARG,FWD,Osasuna,25,1994,17.7,9,0,0,68,27,0,39.7,3.84,1.53,0.13,0.33,7.0,7.0,0.10,+2.0,+2.0,2,2.7,-0.7,21,185,323,57.3,3,21,14.3,138,222,62.2,44,80,55.0,57,176,0,2,0,2,22,12,3
36,Javier Avilés,es ESP,MID,Leganés,21,1997,0.1,0,0,0,0,0,0,0,0.00,0.00,0,0,0.0,0.0,0,0.0,0.0,0,0.0,0.0,0,4,9,44.4,0,2,0.0,4,7,57.1,0,0,0,0,8,0,0,0,0,1,0,0
37,Chidozie Awaziem,ng NGA,DEF,Leganés,22,1997,14.7,0,0,0,5,0,0,0.0,0.34,0.00,0.00,0,0.4,0.4,0.08,-0.4,-0.4,0,0.1,-0.1,2,386,498,77.5,13,25,52.0,252,278,90.6,121,195,62.1,63,368,31,0,0,31,32,4,1
38,Ramon Azeez,ng NGA,MID,Granada,26,1992,9.4,2,0,0,16,2,0,12.5,1.70,0.21,0.13,1.00,1.7,1.7,0.10,+0.3,+0.3,0,0.2,-0.2,3,176,222,79.3,4,12,33.3,149,181,82.3,23,29,79.3,28,164,4,0,0,0,18,2,0
39,Iddrisu Baba,gh GHA,MID,Mallorca,23,1996,21.4,0,0,0,7,1,0,14.3,0.33,0.05,0.00,0.00,0.4,0.4,0.06,-0.4,-0.4,0,0.1,-0.1,5,689,833,82.7,13,31,41.9,521,600,86.8,155,202,76.7,50,703,14,1,0,1,67,5,1
40,Carlos Bacca,co COL,FWD,Villarreal,32,1986,4.7,1,0,0,11,4,0,36.4,2.36,0.86,0.09,0.25,1.5,1.5,0.14,-0.5,-0.5,0,0.1,-0.1,2,58,78,74.4,0,4,0.0,49,61,80.3,9,13,69.2,5,56,0,0,0,0,2,1,0
41,Gareth Bale,wal WAL,FWD,Real Madrid,30,1989,11.0,2,0,0,31,12,3,38.7,2.82,1.09,0.06,0.17,3.5,3.5,0.11,-1.5,-1.5,2,1.4,+0.6,11,329,443,74.3,5,16,31.3,273,319,85.6,51,108,47.2,346,33,1,2,0,14,18,12,7
42,Mikel Balenziaga,es ESP,DEF,Athletic Bilbao,31,1988,3.0,0,0,0,0,0,0,0,0.00,0.00,0,0,0.0,0.0,0,0.0,0.0,0,0.0,0.0,0,101,135,74.8,1,4,25.0,83,101,82.2,17,30,56.7,71,16,0,0,0,32,3,2,0
43,Éver Banega,ar ARG,MID,Sevilla,31,1988,19.6,2,2,2,26,5,2,19.2,1.32,0.25,0.00,0.00,2.6,1.0,0.04,-0.6,-1.0,6,3.9,+2.1,44,1339,1615,82.9,15,44,34.1,913,1013,90.1,411,558,73.7,152,1417,83,9,82,8,180,23,5
44,Federico Barba,it ITA,DEF,Valladolid,25,1993,5.0,0,0,0,1,1,0,100.0,0.20,0.20,0.00,0.00,0.0,0.0,0.04,0.0,0.0,0,0.1,-0.1,2,146,218,67.0,1,8,12.5,116,145,80.0,29,65,44.6,142,23,5,0,0,36,20,2,1
45,Enis Bardhi,mk MKD,MID,Levante,24,1995,14.1,2,0,0,31,10,9,32.3,2.21,0.71,0.06,0.20,1.9,1.9,0.06,+0.1,+0.1,2,0.8,+1.2,12,361,504,71.6,20,46,43.5,286,346,82.7,55,112,49.1,87,388,12,3,23,3,41,8,2
46,Antonio Barragán,es ESP,DEF,Betis,32,1987,4.6,0,0,0,1,0,0,0.0,0.22,0.00,0.00,0,0.0,0.0,0.05,0.0,0.0,1,0.6,+0.4,5,216,263,82.1,3,7,42.9,179,197,90.9,34,59,57.6,30,186,5,1,0,32,15,7,1
47,Ander Barrenetxea,es ESP,MID,Real Sociedad,17,2001,1.5,1,0,0,2,1,0,50.0,1.33,0.67,0.50,1.00,0.2,0.2,0.10,+0.8,+0.8,0,0.3,-0.3,6,52,69,75.4,2,5,40.0,44,50,88.0,6,14,42.9,11,55,1,1,0,2,4,2,0
48,Marc Bartra,es ESP,DEF,Betis,28,1991,20.9,2,0,0,16,4,0,25.0,0.76,0.19,0.13,0.50,1.2,1.2,0.08,+0.8,+0.8,1,0.7,+0.3,3,1001,1159,86.4,19,28,67.9,665,720,92.4,317,411,77.1,111,944,60,4,0,0,54,4,0
49,Gil Bastião Dias,pt POR,FWD,Granada,22,1996,0.9,0,0,0,2,1,0,50.0,2.14,1.07,0.00,0.00,0.1,0.1,0.05,-0.1,-0.1,0,0.0,0.0,1,14,23,60.9,0,3,0.0,10,13,76.9,4,7,57.1,20,1,0,1,1,1,1,0,0
50,Fran Beltrán,es ESP,MID,Celta Vigo,20,1999,13.1,0,0,0,9,2,0,22.2,0.69,0.15,0.00,0.00,1.0,1.0,0.11,-1.0,-1.0,0,0.4,-0.4,8,553,623,88.8,7,19,36.8,417,455,91.6,129,149,86.6,80,523,13,0,3,2,42,2,0
51,Hatem Ben Arfa,fr FRA,MID,Valladolid,32,1987,0.1,0,0,0,0,0,0,0,0.00,0.00,0,0,0.0,0.0,0,0.0,0.0,0,0.0,0.0,1,3,4,75.0,0,0,0,1,1,100.0,2,3,66.7,4,0,0,0,0,0,0,1,0
52,Karim Benzema,fr FRA,FWD,Real Madrid,31,1987,22.7,13,2,2,88,38,1,43.2,3.88,1.68,0.13,0.29,12.0,10.5,0.12,+1.0,+0.5,6,4.7,+1.3,42,678,818,82.9,26,56,46.4,559,645,86.7,93,117,79.5,156,639,0,3,0,0,49,36,1
53,Yuri Berchiche,es ESP,DEF,Athletic Bilbao,29,1990,22.0,2,0,0,27,8,0,29.6,1.23,0.36,0.07,0.25,1.1,1.1,0.04,+0.9,+0.9,1,1.7,-0.7,18,925,1150,80.4,17,54,31.5,720,825,87.3,188,271,69.4,792,91,24,1,0,203,75,23,10
54,Markel Bergara,es ESP,MID,Getafe,33,1986,0.8,0,0,0,1,0,0,0.0,1.29,0.00,0.00,0,0.2,0.2,0.23,-0.2,-0.2,0,0.1,-0.1,1,10,19,52.6,0,2,0.0,10,16,62.5,0,1,0.0,2,9,0,0,0,0,0,0,0
55,Sergio Bermejo,es ESP,FWD,Celta Vigo,21,1997,0.0,0,0,0,0,0,0,0,0.00,0.00,0,0,0.0,0.0,0,0.0,0.0,0,0.0,0.0,0,3,3,100.0,0,0,0,3,3,100.0,0,0,0,3,0,0,0,0,0,0,1,0
56,Pedro Bigas,es ESP,DEF,Eibar,28,1990,8.6,0,0,0,3,1,0,33.3,0.35,0.12,0.00,0.00,0.7,0.7,0.23,-0.7,-0.7,0,0.3,-0.3,3,214,315,67.9,2,4,50.0,121,153,79.1,91,158,57.6,142,89,12,0,0,24,11,3,1
57,Rubén Blanco,es ESP,GK,Celta Vigo,24,1995,23.0,0,0,0,0,0,0,0,0.00,0.00,0,0,0.0,0.0,0,0.0,0.0,0,0.0,0.0,0,432,720,60.0,1,1,100.0,205,210,97.6,226,509,44.4,91,490,81,0,0,1,6,0,0
58,Pablo de Blasis,ar ARG,DEF,Eibar,31,1988,11.0,0,0,0,4,1,1,25.0,0.36,0.09,0.00,0.00,0.3,0.3,0.07,-0.3,-0.3,2,1.4,+0.6,8,455,644,70.7,8,23,34.8,314,375,83.7,133,246,54.1,60,408,24,1,5,123,58,11,4
59,Yassine Bounou,ma MAR,GK,Sevilla,28,1991,0.5,0,0,0,0,0,0,0,0.00,0.00,0,0,0.0,0.0,0,0.0,0.0,0,0.0,0.0,0,7,13,53.8,0,0,0,1,1,100.0,6,12,50.0,11,2,2,0,0,0,1,0,0
60,Filip Bradarić,hr CRO,MID,Celta Vigo,27,1992,1.4,0,0,0,0,0,0,0,0.00,0.00,0,0,0.0,0.0,0,0.0,0.0,0,0.0,0.0,1,47,62,75.8,0,1,0.0,40,50,80.0,7,11,63.6,9,49,1,0,1,0,4,0,0
61,Martin Braithwaite,dk DEN,FWD,Barcelona,28,1991,0.2,0,0,0,1,1,0,100.0,5.00,5.00,0.00,0.00,0.3,0.3,0.31,-0.3,-0.3,0,0.0,0.0,0,2,4,50.0,0,0,0,1,3,33.3,1,1,100.0,2,2,0,0,0,0,0,0,0
62,Martin Braithwaite,dk DEN,FWD,Leganés,28,1991,21.5,6,0,1,40,16,1,40.0,1.86,0.74,0.15,0.38,6.5,5.8,0.14,-0.5,+0.2,1,1.2,-0.2,12,269,390,69.0,8,26,30.8,231,310,74.5,30,54,55.6,41,254,1,3,0,1,25,9,0
63,Brandon,es ESP,FWD,Osasuna,24,1995,4.5,0,0,0,9,2,0,22.2,1.99,0.44,0.00,0.00,0.9,0.9,0.10,-0.9,-0.9,1,0.4,+0.6,4,82,117,70.1,2,10,20.0,73,94,77.7,7,13,53.8,19,79,0,0,0,4,1,3,1
64,Darko Brašanac,rs SRB,MID,Osasuna,27,1992,16.7,0,0,0,15,6,0,40.0,0.90,0.36,0.00,0.00,1.5,1.5,0.10,-1.5,-1.5,1,0.8,+0.2,13,398,526,75.7,15,39,38.5,322,401,80.3,61,86,70.9,106,345,8,1,0,2,32,6,1
65,Yan Brice Eteki,cm CMR,MID,Granada,21,1997,8.5,0,0,0,5,0,0,0.0,0.59,0.00,0.00,0,0.3,0.3,0.05,-0.3,-0.3,0,0.1,-0.1,3,180,213,84.5,9,17,52.9,127,142,89.4,44,54,81.5,14,182,2,0,0,0,17,1,0
66,Bryan,es ESP,FWD,Sevilla,18,2001,0.7,0,0,0,0,0,0,0,0.00,0.00,0,0,0.0,0.0,0,0.0,0.0,0,0.0,0.0,0,24,28,85.7,3,4,75.0,21,21,100.0,0,3,0.0,27,1,0,0,0,0,1,0,0
67,Bryan,es ESP,MID,Leganés,18,2001,0.6,0,0,0,1,0,0,0.0,1.55,0.00,0.00,0,0.0,0.0,0.04,0.0,0.0,0,0.1,-0.1,1,13,21,61.9,1,5,20.0,11,14,78.6,1,2,50.0,18,0,0,0,1,2,0,0,0
68,Ante Budimir,hr CRO,FWD,Mallorca,28,1991,22.1,9,0,0,40,13,0,32.5,1.81,0.59,0.23,0.69,6.7,6.7,0.17,+2.3,+2.3,2,0.8,+1.2,9,259,391,66.2,29,48,60.4,210,307,68.4,20,36,55.6,209,49,0,0,0,0,21,4,0
69,Esteban Burgos,ar ARG,DEF,Eibar,27,1992,5.8,1,0,0,2,1,0,50.0,0.35,0.17,0.50,1.00,0.8,0.8,0.39,+0.2,+0.2,0,0.0,0.0,0,126,188,67.0,0,2,0.0,50,62,80.6,76,124,61.3,19,140,9,0,0,0,13,1,0
70,Burgui,es ESP,MID,Alavés,25,1993,0.2,0,0,0,0,0,0,0,0.00,0.00,0,0,0.0,0.0,0,0.0,0.0,0,0.0,0.0,0,4,7,57.1,0,0,0,3,5,60.0,1,2,50.0,1,6,1,0,0,0,1,0,0
71,Oliver Burke,sco SCO,MID,Alavés,22,1997,8.6,1,0,0,13,3,0,23.1,1.51,0.35,0.08,0.33,2.6,2.6,0.20,-1.6,-1.6,1,0.4,+0.6,2,145,206,70.4,7,14,50.0,128,169,75.7,10,23,43.5,18,147,0,0,0,4,5,3,0
72,Sergio Busquets,es ESP,MID,Barcelona,31,1988,18.0,2,0,0,8,4,0,50.0,0.44,0.22,0.25,0.50,1.1,1.1,0.13,+0.9,+0.9,2,2.1,-0.1,18,1549,1719,90.1,43,67,64.2,1212,1306,92.8,294,346,85.0,240,1415,65,11,0,2,152,21,0
73,Unai Bustinza,es ESP,DEF,Leganés,27,1992,20.6,0,0,0,7,3,0,42.9,0.34,0.15,0.00,0.00,0.4,0.4,0.06,-0.4,-0.4,1,1.0,0.0,11,617,873,70.7,14,35,40.0,421,504,83.5,182,334,54.5,23,625,29,3,0,102,72,6,2
74,Erick Cabaco,uy URU,DEF,Levante,24,1995,9.0,0,0,0,4,0,0,0.0,0.45,0.00,0.00,0,0.3,0.3,0.06,-0.3,-0.3,0,0.1,-0.1,2,275,349,78.8,4,6,66.7,166,184,90.2,105,159,66.0,27,294,21,1,0,0,15,1,0
75,Ariday Cabrera,es ESP,MID,Mallorca,30,1988,0.4,0,0,0,1,1,0,100.0,2.57,2.57,0.00,0.00,0.0,0.0,0.04,0.0,0.0,0,0.0,0.0,0,9,11,81.8,0,1,0.0,5,6,83.3,4,4,100.0,1,8,1,0,0,2,1,0,0
76,Leandro Cabrera,uy URU,DEF,Espanyol,28,1991,5.0,0,0,0,0,0,0,0,0.00,0.00,0,0,0.0,0.0,0,0.0,0.0,0,0.1,-0.1,2,108,169,63.9,2,6,33.3,56,68,82.4,50,95,52.6,126,11,6,0,0,10,9,1,0
77,Leandro Cabrera,uy URU,DEF,Getafe,28,1991,17.0,2,0,0,9,3,0,33.3,0.53,0.18,0.22,0.67,0.9,0.9,0.10,+1.1,+1.1,0,0.3,-0.3,2,272,503,54.1,2,14,14.3,95,149,63.8,175,340,51.5,335,67,40,0,0,20,54,5,1
78,Fernando Calero,es ESP,DEF,Espanyol,23,1995,10.8,0,0,0,0,0,0,0,0.00,0.00,0,0,0.0,0.0,0,0.0,0.0,0,0.0,0.0,1,488,557,87.6,4,6,66.7,367,390,94.1,117,161,72.7,129,379,10,1,0,8,15,3,0
79,Jonathan Calleri,ar ARG,FWD,Espanyol,25,1993,14.4,1,0,0,36,10,0,27.8,2.50,0.69,0.03,0.10,2.9,2.9,0.08,-1.9,-1.9,3,2.0,+1.0,14,147,254,57.9,9,20,45.0,119,190,62.6,19,44,43.2,19,135,0,0,1,0,16,4,1
80,Víctor Camarasa,es ESP,MID,Alavés,25,1994,5.9,0,0,0,5,2,0,40.0,0.85,0.34,0.00,0.00,0.1,0.1,0.03,-0.1,-0.1,0,0.6,-0.6,7,145,184,78.8,4,7,57.1,119,142,83.8,22,35,62.9,23,149,8,0,1,0,5,6,1
81,Sergio Camello,es ESP,FWD,Atlético Madrid,18,2001,0.3,0,0,0,0,0,0,0,0.00,0.00,0,0,0.0,0.0,0,0.0,0.0,0,0.0,0.0,0,2,5,40.0,0,0,0,1,3,33.3,1,2,50.0,1,3,0,0,0,0,0,0,0
82,José Campaña,es ESP,MID,Levante,26,1993,23.6,2,0,0,27,7,3,25.9,1.14,0.30,0.07,0.29,2.2,2.2,0.08,-0.2,-0.2,5,3.8,+1.2,55,1087,1390,78.2,24,51,47.1,850,983,86.5,213,356,59.8,184,1125,57,3,72,12,105,24,3
83,Xisco Campos,es ESP,DEF,Mallorca,37,1982,3.8,0,0,0,2,0,0,0.0,0.53,0.00,0.00,0,0.1,0.1,0.03,-0.1,-0.1,0,0.0,0.0,0,112,146,76.7,2,3,66.7,68,81,84.0,42,62,67.7,28,100,6,0,0,1,3,0,0
84,Víctor Campuzano,es ESP,FWD,Espanyol,22,1997,7.7,0,0,0,16,7,0,43.8,2.07,0.90,0.00,0.00,1.4,1.4,0.09,-1.4,-1.4,0,0.0,0.0,1,81,127,63.8,5,17,29.4,68,92,73.9,8,18,44.4,78,31,2,1,0,0,7,0,0
85,Sergio Canales,es ESP,MID,Betis,28,1991,23.5,4,2,2,31,10,3,32.3,1.32,0.43,0.06,0.20,4.1,2.6,0.08,-0.1,-0.6,4,2.9,+1.1,43,1196,1429,83.7,36,68,52.9,915,1003,91.2,245,358,68.4,1240,145,100,6,47,12,87,36,6
86,Ander Capa,es ESP,DEF,Athletic Bilbao,27,1992,22.8,2,0,0,15,5,0,33.3,0.66,0.22,0.13,0.40,0.6,0.6,0.04,+1.4,+1.4,4,2.9,+1.1,18,857,1131,75.8,9,50,18.0,710,837,84.8,138,244,56.6,67,732,8,3,0,259,54,10,1
87,Marc Cardona,es ESP,FWD,Osasuna,24,1995,5.7,1,0,0,9,2,0,22.2,1.57,0.35,0.11,0.50,1.0,1.0,0.11,0.0,0.0,1,0.7,+0.3,5,93,122,76.2,2,8,25.0,84,101,83.2,7,13,53.8,22,82,0,1,0,2,7,2,0
88,Diego Carlos,br BRA,DEF,Sevilla,26,1993,23.8,2,0,0,16,2,0,12.5,0.67,0.08,0.13,1.00,1.8,1.8,0.11,+0.2,+0.2,0,0.5,-0.5,4,1007,1171,86.0,9,13,69.2,632,678,93.2,366,480,76.3,110,973,30,0,0,8,45,1,1
89,Yannick Carrasco,be BEL,FWD,Atlético Madrid,25,1993,0.7,0,0,0,1,1,0,100.0,1.43,1.43,0.00,0.00,0.0,0.0,0.04,0.0,0.0,0,0.0,0.0,0,8,15,53.3,0,2,0.0,8,11,72.7,0,2,0.0,2,10,1,0,3,2,0,0,0
90,Daniel Carriço,pt POR,DEF,Sevilla,30,1988,9.4,0,0,0,4,0,0,0.0,0.42,0.00,0.00,0,0.3,0.3,0.06,-0.3,-0.3,0,0.0,0.0,1,502,542,92.6,3,4,75.0,363,372,97.6,136,166,81.9,61,451,17,0,0,2,23,0,0
91,Guido Carrillo,ar ARG,FWD,Leganés,28,1991,9.1,0,0,0,19,7,0,36.8,2.09,0.77,0.00,0.00,2.5,2.5,0.13,-2.5,-2.5,1,0.3,+0.7,7,145,219,66.2,8,11,72.7,118,174,67.8,19,34,55.9,8,106,0,0,0,0,11,6,0
92,Dani Carvajal,es ESP,DEF,Real Madrid,27,1992,21.0,1,0,0,13,6,0,46.2,0.62,0.29,0.08,0.17,2.1,2.1,0.16,-1.1,-1.1,4,3.4,+0.6,34,1469,1740,84.4,15,66,22.7,1215,1335,91.0,239,339,70.5,88,1320,11,4,0,219,95,31,7
93,William Carvalho,pt POR,MID,Betis,27,1992,7.9,0,0,0,5,2,0,40.0,0.64,0.25,0.00,0.00,0.4,0.4,0.07,-0.4,-0.4,0,0.7,-0.7,4,426,481,88.6,11,17,64.7,318,351,90.6,97,113,85.8,82,383,15,1,0,0,34,5,0
94,Casemiro,br BRA,MID,Real Madrid,27,1992,22.7,3,0,0,32,6,3,18.8,1.41,0.26,0.09,0.50,2.4,2.4,0.08,+0.6,+0.6,2,0.2,+1.8,7,1165,1397,83.4,33,62,53.2,824,928,88.8,308,407,75.7,140,1116,31,6,0,0,115,12,3
95,Santi Cazorla,es ESP,MID,Villarreal,34,1984,18.6,8,6,6,31,11,0,35.5,1.67,0.59,0.06,0.18,6.0,1.5,0.05,+2.0,+0.5,5,4.8,+0.2,48,921,1140,80.8,8,27,29.6,656,734,89.4,257,379,67.8,369,722,50,4,71,8,122,35,7
96,Charles,br BRA,FWD,Eibar,35,1984,8.3,2,0,0,11,5,0,45.5,1.33,0.60,0.18,0.40,1.3,1.3,0.12,+0.7,+0.7,0,0.4,-0.4,7,146,213,68.5,5,15,33.3,123,172,71.5,18,26,69.2,12,140,0,1,0,3,9,1,0
97,Pablo Chavarría,ar ARG,MID,Mallorca,31,1988,0.7,0,0,0,2,0,0,0.0,2.73,0.00,0.00,0,0.3,0.3,0.15,-0.3,-0.3,0,0.4,-0.4,1,10,15,66.7,2,2,100.0,8,12,66.7,0,1,0.0,3,7,0,0,0,0,0,0,0
98,Pape Cheikh Diop,es ESP,MID,Celta Vigo,21,1997,6.0,0,0,0,2,0,0,0.0,0.33,0.00,0.00,0,0.1,0.1,0.06,-0.1,-0.1,1,0.3,+0.7,4,214,237,90.3,7,9,77.8,167,185,90.3,40,43,93.0,29,190,3,1,0,4,15,1,0
99,Chema,es ESP,DEF,Getafe,27,1992,1.0,0,0,0,2,0,0,0.0,2.00,0.00,0.00,0,0.1,0.1,0.05,-0.1,-0.1,0,0.0,0.0,0,18,29,62.1,1,2,50.0,8,12,66.7,9,15,60.0,21,3,2,0,0,0,4,0,0
100,Denis Cheryshev,ru RUS,MID,Valencia,28,1990,6.7,1,0,0,12,4,0,33.3,1.80,0.60,0.08,0.25,1.8,1.8,0.15,-0.8,-0.8,1,0.5,+0.5,2,146,221,66.1,3,15,20.0,122,160,76.3,21,46,45.7,170,37,1,0,0,1,5,8,3
101,Samuel Chukwueze,ng NGA,MID,Villarreal,20,1999,15.3,3,0,0,37,9,0,24.3,2.41,0.59,0.08,0.33,3.0,3.0,0.08,0.0,0.0,1,3.1,-2.1,30,352,487,72.3,7,35,20.0,264,336,78.6,81,116,69.8,440,15,0,2,3,5,25,19,5
102,Jasper Cillessen,nl NED,GK,Valencia,30,1989,13.3,0,0,0,0,0,0,0,0.00,0.00,0,0,0.0,0.0,0,0.0,0.0,1,0.1,+0.9,1,252,399,63.2,5,5,100.0,135,136,99.3,112,258,43.4,36,268,31,0,0,0,0,0,0
103,Óscar Clemente,es ESP,MID,Atlético Madrid,20,1999,0.0,0,0,0,0,0,0,0,0.00,0.00,0,0,0.0,0.0,0,0.0,0.0,0,0.0,0.0,0,2,2,100.0,0,0,0,2,2,100.0,0,0,0,2,0,0,0,0,0,0,0,0
104,Carlos Clerc,es ESP,DEF,Levante,27,1992,13.0,0,0,0,2,0,0,0.0,0.15,0.00,0.00,0,0.1,0.1,0.03,-0.1,-0.1,2,1.5,+0.5,6,417,587,71.0,6,30,20.0,362,430,84.2,49,127,38.6,405,17,8,1,0,120,29,3,3
105,Coke,es ESP,DEF,Levante,32,1987,6.1,0,0,0,3,0,0,0.0,0.49,0.00,0.00,0,0.1,0.1,0.03,-0.1,-0.1,0,0.2,-0.2,3,271,334,81.1,3,17,17.6,211,233,90.6,57,84,67.9,40,220,4,0,0,58,18,3,1
106,Álex Collado,es ESP,DEF,Barcelona,20,1999,0.1,0,0,0,0,0,0,0,0.00,0.00,0,0,0.0,0.0,0,0.0,0.0,0,0.0,0.0,0,9,10,90.0,1,1,100.0,7,8,87.5,1,1,100.0,7,2,0,0,0,0,1,0,0
107,Francis Coquelin,fr FRA,MID,Valencia,28,1991,16.2,0,0,0,8,1,0,12.5,0.49,0.06,0.00,0.00,0.3,0.3,0.04,-0.3,-0.3,0,0.1,-0.1,4,697,769,90.6,11,17,64.7,526,553,95.1,160,199,80.4,112,622,20,0,0,1,71,6,0
108,Sébastien Corchia,fr FRA,DEF,Espanyol,28,1990,3.0,0,0,0,3,1,0,33.3,1.00,0.33,0.00,0.00,0.1,0.1,0.05,-0.1,-0.1,0,0.5,-0.5,7,149,186,80.1,1,10,10.0,123,132,93.2,25,44,56.8,12,141,0,0,3,32,6,3,1
109,Iñigo Córdoba,es ESP,FWD,Athletic Bilbao,22,1997,7.7,0,0,0,10,3,0,30.0,1.29,0.39,0.00,0.00,0.6,0.6,0.06,-0.6,-0.6,1,0.2,+0.8,7,154,221,69.7,9,23,39.1,133,167,79.6,12,31,38.7,139,63,1,0,0,1,11,2,1
110,Ángel Correa,ar ARG,MID,Atlético Madrid,24,1995,14.8,5,0,0,34,14,1,41.2,2.29,0.94,0.15,0.36,4.9,4.9,0.14,+0.1,+0.1,6,3.2,+2.8,19,261,356,73.3,18,30,60.0,224,279,80.3,19,47,40.4,65,264,0,3,5,0,13,12,0
111,Rober Correa,es ESP,DEF,Eibar,26,1992,2.9,0,0,0,1,0,0,0.0,0.35,0.00,0.00,0,0.0,0.0,0.02,0.0,0.0,0,0.0,0.0,0,99,138,71.7,1,8,12.5,75,88,85.2,23,42,54.8,7,80,1,0,0,35,11,1,1
112,Thierry Correia,pt POR,DEF,Valencia,20,1999,2.0,0,0,0,0,0,0,0,0.00,0.00,0,0,0.0,0.0,0,0.0,0.0,0,0.0,0.0,1,68,88,77.3,1,7,14.3,53,59,89.8,14,22,63.6,3,60,1,0,0,21,6,1,0
113,Diego Costa,es ESP,FWD,Atlético Madrid,30,1988,8.4,2,1,2,13,2,0,15.4,1.55,0.24,0.08,0.50,3.0,1.5,0.11,-1.0,-0.5,2,1.2,+0.8,9,125,171,73.1,7,16,43.8,106,137,77.4,12,18,66.7,14,118,0,2,0,2,9,8,0
114,Jaume Costa,es ESP,DEF,Valencia,31,1988,10.7,0,0,0,1,0,0,0.0,0.09,0.00,0.00,0,0.0,0.0,0.02,0.0,0.0,0,0.3,-0.3,5,445,547,81.4,3,13,23.1,369,410,90.0,73,124,58.9,322,130,13,0,0,73,32,6,2
115,David Costas,es ESP,DEF,Celta Vigo,24,1995,3.7,0,0,0,1,0,0,0.0,0.27,0.00,0.00,0,0.1,0.1,0.11,-0.1,-0.1,0,0.0,0.0,0,182,198,91.9,1,5,20.0,131,137,95.6,50,56,89.3,21,167,5,0,0,3,3,0,0
116,Thibaut Courtois,be BEL,GK,Real Madrid,27,1992,22.0,0,0,0,1,1,0,100.0,0.05,0.05,0.00,0.00,0.1,0.1,0.09,-0.1,-0.1,0,0.0,0.0,0,496,652,76.1,0,1,0.0,313,314,99.7,183,337,54.3,339,177,51,1,0,0,1,0,0
117,Sebastián Cristóforo,uy URU,MID,Eibar,25,1993,1.7,0,0,0,0,0,0,0,0.00,0.00,0,0,0.0,0.0,0,0.0,0.0,0,0.0,0.0,1,41,61,67.2,0,3,0.0,33,41,80.5,8,17,47.1,10,44,0,0,1,0,8,0,0
118,Cucho,co COL,FWD,Mallorca,20,1999,7.1,2,0,0,23,8,0,34.8,3.23,1.12,0.09,0.25,2.0,2.0,0.09,0.0,0.0,1,1.0,0.0,8,126,189,66.7,11,24,45.8,100,136,73.5,15,29,51.7,25,127,1,0,0,2,7,5,3
119,Marc Cucurella,es ESP,MID,Getafe,21,1998,24.8,1,0,0,20,5,1,25.0,0.81,0.20,0.05,0.20,1.3,1.3,0.06,-0.3,-0.3,4,3.6,+0.4,31,610,931,65.5,15,63,23.8,490,622,78.8,105,246,42.7,560,181,19,2,10,102,59,30,11
120,Iván Cuéllar,es ESP,GK,Leganés,35,1984,14.0,0,0,0,0,0,0,0,0.00,0.00,0,0,0.0,0.0,0,0.0,0.0,0,0.0,0.0,0,224,447,50.1,0,0,0,51,52,98.1,173,395,43.8,308,42,73,0,0,0,20,1,0
121,Moanes Dabour,il ISR,FWD,Sevilla,27,1992,0.3,0,0,0,2,0,0,0.0,7.50,0.00,0.00,0,0.2,0.2,0.08,-0.2,-0.2,0,0.0,0.0,0,14,19,73.7,0,2,0.0,13,15,86.7,1,2,50.0,3,14,0,1,0,1,0,3,0
122,Sergi Darder,es ESP,MID,Espanyol,25,1993,21.5,2,0,0,40,7,0,17.5,1.86,0.33,0.05,0.29,2.1,2.1,0.05,-0.1,-0.1,1,1.9,-0.9,23,574,787,72.9,9,29,31.0,407,507,80.3,158,251,62.9,61,654,34,4,31,5,86,15,1
123,Ousmane Dembélé,fr FRA,FWD,Barcelona,22,1997,4.0,1,0,0,5,2,0,40.0,1.26,0.50,0.20,0.50,1.1,1.1,0.22,-0.1,-0.1,0,0.7,-0.7,8,201,261,77.0,4,19,21.1,166,188,88.3,31,54,57.4,81,169,3,0,19,5,13,12,2
124,Deyverson,br BRA,FWD,Getafe,28,1991,1.4,0,0,0,2,0,1,0.0,1.45,0.00,0.00,0,0.1,0.1,0.04,-0.1,-0.1,1,0.4,+0.6,2,20,40,50.0,2,7,28.6,16,22,72.7,2,11,18.2,26,0,0,0,0,0,5,0,0
125,Mouctar Diakhaby,fr FRA,DEF,Valencia,22,1996,9.1,0,0,0,0,0,0,0,0.00,0.00,0,0,0.0,0.0,0,0.0,0.0,0,0.0,0.0,1,403,449,89.8,4,6,66.7,285,302,94.4,114,141,80.9,46,371,16,0,0,2,22,1,1
126,Brahim Díaz,es ESP,FWD,Real Madrid,19,1999,0.3,0,0,0,0,0,0,0,0.00,0.00,0,0,0.0,0.0,0,0.0,0.0,0,0.0,0.0,0,8,9,88.9,0,0,0,7,8,87.5,1,1,100.0,3,6,0,0,0,0,0,0,0
127,Víctor Díaz,es ESP,DEF,Granada,31,1988,23.7,0,0,0,12,0,0,0.0,0.51,0.00,0.00,0,0.4,0.4,0.03,-0.4,-0.4,5,2.4,+2.6,20,733,1080,67.9,8,40,20.0,529,646,81.9,196,394,49.7,60,711,29,0,6,211,67,14,6
128,Papakouli Diop,sn SEN,MID,Eibar,33,1986,16.7,1,0,0,17,7,0,41.2,1.02,0.42,0.06,0.14,0.8,0.8,0.04,+0.2,+0.2,0,0.3,-0.3,10,412,540,76.3,1,14,7.1,297,364,81.6,114,162,70.4,46,396,13,1,0,0,63,3,0
129,Djené,tg TOG,DEF,Getafe,27,1991,23.0,0,0,0,3,1,0,33.3,0.13,0.04,0.00,0.00,0.2,0.2,0.06,-0.2,-0.2,0,0.4,-0.4,4,438,607,72.2,5,14,35.7,251,307,81.8,182,286,63.6,90,399,29,0,0,4,53,3,1
130,Marko Dmitrović,rs SRB,GK,Eibar,27,1992,24.0,0,0,0,0,0,0,0,0.00,0.00,0,0,0.0,0.0,0,0.0,0.0,0,0.0,0.0,0,330,726,45.5,0,0,0,81,82,98.8,249,644,38.7,476,115,140,0,0,0,36,1,0
131,Jaume Doménech,es ESP,GK,Valencia,28,1990,11.7,0,0,0,0,0,0,0,0.00,0.00,0,0,0.0,0.0,0,0.0,0.0,0,0.0,0.0,0,247,373,66.2,3,3,100.0,116,116,100.0,128,254,50.4,23,281,37,0,0,0,2,0,0
132,Domingos Duarte,pt POR,DEF,Granada,24,1995,23.5,2,0,0,6,2,0,33.3,0.26,0.09,0.33,1.00,1.0,1.0,0.16,+1.0,+1.0,0,0.0,0.0,1,657,807,81.4,4,12,33.3,390,436,89.4,263,359,73.3,57,639,48,0,0,6,37,2,0
133,Óscar Duarte,cr CRC,DEF,Levante,30,1989,3.4,0,0,0,2,1,0,50.0,0.59,0.30,0.00,0.00,0.1,0.1,0.05,-0.1,-0.1,0,0.0,0.0,0,115,130,88.5,0,0,0,58,62,93.5,57,68,83.8,32,93,8,0,0,0,3,0,0
134,Rubén Duarte,es ESP,DEF,Alavés,23,1995,23.0,0,0,0,14,6,0,42.9,0.61,0.26,0.00,0.00,0.9,0.9,0.07,-0.9,-0.9,1,0.6,+0.4,7,713,984,72.5,13,34,38.2,564,674,83.7,136,276,49.3,603,86,23,0,4,207,70,9,5
135,Hugo Duro,es ESP,FWD,Getafe,19,1999,0.9,0,0,0,2,1,0,50.0,2.34,1.17,0.00,0.00,0.4,0.4,0.18,-0.4,-0.4,0,0.0,0.0,0,10,20,50.0,2,3,66.7,8,13,61.5,0,4,0.0,8,5,1,0,0,0,0,0,0
136,Aritz Elustondo,es ESP,DEF,Real Sociedad,25,1994,8.3,0,0,0,3,0,0,0.0,0.36,0.00,0.00,0,0.3,0.3,0.09,-0.3,-0.3,1,0.2,+0.8,1,347,399,87.0,0,3,0.0,255,280,91.1,92,116,79.3,37,320,21,0,0,7,18,0,0
137,Rodrigo Ely,br BRA,DEF,Alavés,25,1993,15.6,1,0,0,3,2,0,66.7,0.19,0.13,0.33,0.50,0.3,0.3,0.10,+0.7,+0.7,0,0.0,0.0,0,487,609,80.0,2,8,25.0,266,300,88.7,219,301,72.8,58,454,28,0,0,0,21,0,0
138,Adri Embarba,es ESP,MID,Espanyol,27,1992,4.2,2,1,1,9,4,2,44.4,2.15,0.95,0.11,0.25,1.1,0.4,0.04,+0.9,+0.6,1,0.6,+0.4,4,58,101,57.4,2,6,33.3,42,52,80.8,14,43,32.6,22,71,6,0,9,2,4,5,3
139,Emerson,br BRA,DEF,Betis,20,1999,20.5,3,0,0,20,4,0,20.0,0.98,0.20,0.15,0.75,1.2,1.2,0.06,+1.8,+1.8,5,2.6,+2.4,19,777,982,79.1,19,70,27.1,635,731,86.9,123,181,68.0,56,679,28,0,0,187,30,14,5
140,Youssef En-Nesyri,ma MAR,FWD,Sevilla,22,1997,2.3,1,0,0,8,2,0,25.0,3.55,0.89,0.13,0.50,1.3,1.3,0.17,-0.3,-0.3,0,0.0,0.0,1,29,45,64.4,0,3,0.0,26,37,70.3,3,5,60.0,26,5,0,0,0,0,2,1,0
141,Youssef En-Nesyri,ma MAR,FWD,Leganés,22,1997,15.4,4,0,0,39,18,0,46.2,2.54,1.17,0.10,0.22,3.9,3.9,0.10,+0.1,+0.1,2,0.7,+1.3,7,163,266,61.3,8,25,32.0,131,196,66.8,24,45,53.3,140,26,0,0,0,5,4,8,2
142,Sergi Enrich,es ESP,FWD,Eibar,29,1990,14.1,1,0,0,19,2,0,10.5,1.35,0.14,0.05,0.50,2.0,2.0,0.10,-1.0,-1.0,1,0.1,+0.9,2,253,340,74.4,7,22,31.8,225,284,79.2,21,34,61.8,22,203,0,0,0,1,12,6,0
143,Javier Eraso,es ESP,MID,Leganés,29,1990,6.1,0,0,0,6,4,0,66.7,0.98,0.66,0.00,0.00,0.4,0.4,0.06,-0.4,-0.4,0,0.6,-0.6,8,158,206,76.7,6,13,46.2,130,154,84.4,22,39,56.4,22,163,7,1,17,1,4,2,1
144,Gonzalo Escalante,ar ARG,MID,Eibar,26,1993,14.3,0,0,0,19,4,0,21.1,1.33,0.28,0.00,0.00,1.4,1.4,0.07,-1.4,-1.4,1,0.6,+0.4,8,383,513,74.7,5,19,26.3,293,358,81.8,85,136,62.5,39,358,5,0,0,10,34,9,1
145,Aarón Escandell,es ESP,GK,Granada,23,1995,1.0,0,0,0,0,0,0,0,0.00,0.00,0,0,0.0,0.0,0,0.0,0.0,0,0.0,0.0,0,21,39,53.8,0,0,0,9,9,100.0,12,30,40.0,3,30,8,0,0,0,2,0,0
146,Sergio Escudero,es ESP,DEF,Sevilla,29,1989,3.6,0,0,0,2,2,0,100.0,0.56,0.56,0.00,0.00,0.1,0.1,0.03,-0.1,-0.1,0,0.5,-0.5,3,186,239,77.8,5,8,62.5,158,179,88.3,23,52,44.2,161,21,6,1,0,39,13,0,0
147,Bernardo Espinosa,co COL,DEF,Espanyol,30,1989,16.0,2,0,0,11,4,0,36.4,0.69,0.25,0.18,0.50,1.0,1.0,0.09,+1.0,+1.0,0,0.3,-0.3,3,419,563,74.4,5,13,38.5,239,289,82.7,175,261,67.0,79,388,16,0,0,0,15,1,0
148,Esquerdo,es ESP,MID,Valencia,20,1999,0.1,0,0,0,0,0,0,0,0.00,0.00,0,0,0.0,0.0,0,0.0,0.0,0,0.0,0.0,0,5,8,62.5,0,1,0.0,3,4,75.0,2,3,66.7,7,1,0,0,0,0,0,0,0
149,Pervis Estupiñán,ec ECU,DEF,Osasuna,21,1998,24.0,1,0,0,13,2,1,15.4,0.54,0.08,0.08,0.50,1.0,1.0,0.08,0.0,0.0,3,2.1,+0.9,31,989,1340,73.8,17,75,22.7,809,950,85.2,163,315,51.7,880,103,15,2,1,286,75,40,27
150,Oghenekaro Etebo,ng NGA,MID,Getafe,23,1995,2.1,0,0,0,1,1,0,100.0,0.48,0.48,0.00,0.00,0.0,0.0,0.02,0.0,0.0,0,0.0,0.0,0,33,56,58.9,1,2,50.0,26,38,68.4,6,16,37.5,3,41,1,0,0,0,0,0,0
151,Beñat Etxebarria,es ESP,MID,Athletic Bilbao,32,1987,4.3,0,0,0,5,2,0,40.0,1.16,0.46,0.00,0.00,0.1,0.1,0.02,-0.1,-0.1,0,0.4,-0.4,11,161,194,83.0,3,5,60.0,115,125,92.0,43,64,67.2,11,169,12,1,16,0,13,2,0
152,Xabier Etxeita,es ESP,DEF,Getafe,31,1987,7.5,0,0,0,1,0,0,0.0,0.13,0.00,0.00,0,0.0,0.0,0.02,0.0,0.0,0,0.0,0.0,0,65,111,58.6,1,4,25.0,31,49,63.3,33,58,56.9,30,54,4,0,0,0,10,1,1
153,Edu Expósito,es ESP,MID,Eibar,22,1996,16.2,2,0,0,13,7,0,53.8,0.80,0.43,0.15,0.29,0.6,0.6,0.04,+1.4,+1.4,1,1.1,-0.1,15,483,565,85.5,5,15,33.3,355,400,88.8,123,150,82.0,82,429,8,0,0,2,54,8,2
154,Fabricio,es ESP,GK,Mallorca,31,1987,1.0,0,0,0,0,0,0,0,0.00,0.00,0,0,0.0,0.0,0,0.0,0.0,0,0.0,0.0,0,24,33,72.7,0,0,0,6,6,100.0,18,27,66.7,5,20,3,0,0,0,0,0,0
155,Fayçal Fajr,ma MAR,MID,Getafe,30,1988,4.3,0,0,0,8,2,2,25.0,1.85,0.46,0.00,0.00,0.4,0.4,0.06,-0.4,-0.4,0,0.5,-0.5,9,112,178,62.9,1,6,16.7,64,81,79.0,47,91,51.6,12,145,14,0,18,3,20,3,2
156,Eliseo Falcon,es ESP,DEF,Levante,22,1997,0.8,0,0,0,0,0,0,0,0.00,0.00,0,0,0.0,0.0,0,0.0,0.0,0,0.0,0.0,0,22,24,91.7,0,0,0,16,16,100.0,6,8,75.0,1,21,0,0,1,1,2,0,0
157,Ansu Fati,es ESP,FWD,Barcelona,16,2002,7.4,4,0,0,23,9,0,39.1,3.09,1.21,0.17,0.44,2.4,2.4,0.10,+1.6,+1.6,1,1.5,-0.5,11,271,342,79.2,12,29,41.4,252,294,85.7,7,19,36.8,44,288,1,0,9,2,10,6,0
158,Aleix Febas,es ESP,MID,Mallorca,23,1996,15.5,0,0,0,8,3,0,37.5,0.52,0.19,0.00,0.00,0.6,0.6,0.08,-0.6,-0.6,3,1.4,+1.6,18,438,529,82.8,22,37,59.5,368,426,86.4,48,66,72.7,83,430,9,2,0,0,30,8,0
159,Zouhair Feddal,ma MAR,DEF,Betis,30,1989,9.4,0,0,0,3,1,0,33.3,0.32,0.11,0.00,0.00,0.3,0.3,0.11,-0.3,-0.3,1,0.3,+0.7,1,504,582,86.6,4,7,57.1,320,340,94.1,180,235,76.6,491,55,24,0,0,2,16,1,0
160,Ljubomir Fejsa,rs SRB,MID,Alavés,30,1988,2.1,0,0,0,0,0,0,0,0.00,0.00,0,0,0.0,0.0,0,0.0,0.0,0,0.0,0.0,0,61,73,83.6,3,7,42.9,44,51,86.3,14,15,93.3,3,57,0,0,0,1,4,0,0
161,Nabil Fekir,fr FRA,MID,Betis,26,1993,18.2,7,1,1,62,22,4,35.5,3.40,1.21,0.10,0.27,4.5,3.8,0.06,+2.5,+2.2,1,1.5,-0.5,20,472,590,80.0,13,39,33.3,368,420,87.6,91,131,69.5,486,67,20,2,7,4,51,13,1
162,Felipe,br BRA,DEF,Atlético Madrid,30,1989,18.0,1,0,0,16,5,0,31.3,0.89,0.28,0.06,0.20,1.1,1.1,0.07,-0.1,-0.1,0,0.1,-0.1,4,548,688,79.7,7,19,36.8,377,422,89.3,164,247,66.4,85,525,21,0,0,2,22,0,0
163,João Félix,pt POR,FWD,Atlético Madrid,19,1999,14.5,3,0,0,47,13,2,27.7,3.24,0.90,0.06,0.23,5.2,5.2,0.11,-2.2,-2.2,1,1.9,-0.9,11,277,364,76.1,16,35,45.7,238,282,84.4,23,47,48.9,31,293,3,2,3,4,29,10,1
164,Aitor Fernández,es ESP,GK,Levante,28,1991,25.0,0,0,0,0,0,0,0,0.00,0.00,0,0,0.0,0.0,0,0.0,0.0,0,0.2,-0.2,1,513,779,65.9,7,7,100.0,219,220,99.5,287,552,52.0,58,546,94,1,0,0,7,0,0
165,Andrés Fernández,es ESP,GK,Villarreal,32,1986,3.0,0,0,0,0,0,0,0,0.00,0.00,0,0,0.0,0.0,0,0.0,0.0,0,0.0,0.0,0,73,98,74.5,1,1,100.0,44,44,100.0,28,53,52.8,8,77,9,0,0,0,0,0,0
166,Carlos Fernández,es ESP,FWD,Granada,23,1996,14.6,5,0,0,22,7,1,31.8,1.51,0.48,0.23,0.71,4.1,4.1,0.19,+0.9,+0.9,2,1.0,+1.0,13,238,378,63.0,7,31,22.6,203,294,69.0,28,53,52.8,230,50,2,1,1,2,16,5,0
167,Gabriel Fernández,uy URU,FWD,Celta Vigo,25,1994,5.5,1,0,0,6,3,0,50.0,1.10,0.55,0.17,0.33,0.7,0.7,0.11,+0.3,+0.3,1,0.2,+0.8,2,73,106,68.9,7,12,58.3,54,75,72.0,12,19,63.2,24,58,1,0,0,2,7,1,0
168,Joaquín Fernández,es ESP,MID,Valladolid,23,1996,11.2,1,0,0,5,2,0,40.0,0.44,0.18,0.20,0.50,0.1,0.1,0.03,+0.9,+0.9,0,0.0,0.0,2,385,475,81.1,8,17,47.1,276,314,87.9,101,144,70.1,55,366,13,0,0,2,33,3,0
169,Fernando,br BRA,MID,Sevilla,32,1987,22.9,1,0,0,9,2,0,22.2,0.39,0.09,0.11,0.50,1.5,1.5,0.17,-0.5,-0.5,2,0.5,+1.5,8,1074,1192,90.1,23,32,71.9,708,772,91.7,343,388,88.4,128,946,35,1,1,7,73,2,1
170,Facundo Ferreyra,ar ARG,FWD,Espanyol,28,1991,6.0,1,0,0,7,6,0,85.7,1.17,1.00,0.14,0.17,1.2,1.2,0.17,-0.2,-0.2,0,0.4,-0.4,5,65,99,65.7,5,15,33.3,54,74,73.0,6,10,60.0,10,54,0,0,0,0,3,2,0
171,Junior Firpo,es ESP,DEF,Barcelona,22,1996,9.0,1,0,0,4,1,0,25.0,0.44,0.11,0.25,1.00,0.6,0.6,0.15,+0.4,+0.4,0,0.5,-0.5,9,557,619,90.0,13,25,52.0,499,533,93.6,45,61,73.8,447,81,6,1,0,68,26,9,1
172,Alessandro Florenzi,it ITA,DEF,Valencia,28,1991,1.4,0,0,0,1,1,0,100.0,0.69,0.69,0.00,0.00,0.0,0.0,0.03,0.0,0.0,0,0.0,0.0,0,57,83,68.7,1,3,33.3,40,50,80.0,16,30,53.3,3,62,2,0,0,17,4,0,0
173,Hernâni Fortes,pt POR,MID,Levante,27,1991,4.7,2,0,0,17,8,0,47.1,3.65,1.72,0.12,0.25,0.9,0.9,0.05,+1.1,+1.1,0,0.9,-0.9,8,60,101,59.4,1,7,14.3,48,65,73.8,11,29,37.9,57,37,3,0,1,0,2,3,2
174,Dimitri Foulquier,fr FRA,DEF,Granada,26,1993,5.1,1,0,0,3,2,0,66.7,0.59,0.39,0.33,0.50,0.2,0.2,0.05,+0.8,+0.8,0,0.1,-0.1,1,104,157,66.2,5,15,33.3,83,113,73.5,16,29,55.2,12,92,2,0,0,40,7,0,0
175,Jorge de Frutos,es ESP,MID,Valladolid,22,1997,0.6,0,0,0,1,0,0,0.0,1.61,0.00,0.00,0,0.1,0.1,0.13,-0.1,-0.1,0,0.1,-0.1,1,15,17,88.2,0,1,0.0,13,14,92.9,2,2,100.0,1,13,0,0,0,1,0,0,0
176,Ramiro Funes Mori,ar ARG,DEF,Villarreal,28,1991,5.0,0,0,0,3,0,0,0.0,0.60,0.00,0.00,0,0.1,0.1,0.02,-0.1,-0.1,0,0.1,-0.1,1,224,270,83.0,1,5,20.0,135,150,90.0,88,115,76.5,106,141,6,0,0,2,11,0,0
177,Enric Gallego,es ESP,FWD,Osasuna,32,1986,2.6,0,0,0,6,2,0,33.3,2.32,0.77,0.00,0.00,0.5,0.5,0.08,-0.5,-0.5,0,0.3,-0.3,4,36,65,55.4,2,4,50.0,29,47,61.7,5,14,35.7,19,10,0,0,0,0,1,2,0
178,Enric Gallego,es ESP,FWD,Getafe,32,1986,1.8,0,0,0,3,1,0,33.3,1.67,0.56,0.00,0.00,0.2,0.2,0.08,-0.2,-0.2,0,0.0,0.0,0,26,48,54.2,3,8,37.5,20,34,58.8,3,6,50.0,26,7,0,1,0,0,2,1,0
179,Kévin Gameiro,fr FRA,FWD,Valencia,32,1987,10.0,4,0,1,14,7,0,50.0,1.40,0.70,0.29,0.57,4.3,3.5,0.25,-0.3,+0.5,1,1.7,-0.7,9,179,239,74.9,3,17,17.6,158,195,81.0,18,27,66.7,26,198,0,0,0,0,8,9,0
180,Fran Gámez,es ESP,DEF,Mallorca,28,1991,13.7,0,0,0,11,1,0,9.1,0.81,0.07,0.00,0.00,0.9,0.9,0.08,-0.9,-0.9,1,0.7,+0.3,8,450,617,72.9,14,39,35.9,341,398,85.7,95,180,52.8,36,407,10,1,0,133,33,9,4
181,Ezequiel Garay,ar ARG,DEF,Valencia,32,1986,16.0,0,0,0,7,3,0,42.9,0.44,0.19,0.00,0.00,0.6,0.6,0.09,-0.6,-0.6,0,0.1,-0.1,2,759,853,89.0,11,16,68.8,477,498,95.8,271,339,79.9,48,747,21,0,0,0,39,1,0
182,Dani García,es ESP,MID,Athletic Bilbao,29,1990,23.3,0,0,0,11,0,0,0.0,0.47,0.00,0.00,0,0.4,0.4,0.04,-0.4,-0.4,0,0.4,-0.4,11,818,980,83.5,14,27,51.9,554,627,88.4,250,326,76.7,125,728,26,0,0,2,64,3,1
183,David García,es ESP,DEF,Osasuna,25,1994,20.0,0,0,0,12,4,0,33.3,0.60,0.20,0.00,0.00,0.9,0.9,0.07,-0.9,-0.9,0,0.2,-0.2,4,575,742,77.5,4,12,33.3,334,396,84.3,237,334,71.0,205,407,34,3,0,6,52,3,0
184,Javi García,es ESP,MID,Betis,32,1987,4.0,0,0,0,4,1,0,25.0,1.00,0.25,0.00,0.00,0.2,0.2,0.06,-0.2,-0.2,0,0.0,0.0,0,151,181,83.4,2,8,25.0,123,138,89.1,26,35,74.3,25,138,9,0,0,0,7,0,0
185,Manu García,es ESP,MID,Alavés,33,1986,18.5,0,0,0,19,7,0,36.8,1.03,0.38,0.00,0.00,2.1,2.1,0.11,-2.1,-2.1,0,0.1,-0.1,1,449,610,73.6,8,32,25.0,351,433,81.1,90,145,62.1,305,181,11,1,0,0,40,0,0
186,Raúl García,es ESP,MID,Athletic Bilbao,33,1986,21.2,7,4,4,46,17,0,37.0,2.17,0.80,0.07,0.18,6.3,3.3,0.07,+0.7,-0.3,1,0.5,+0.5,13,383,657,58.3,12,43,27.9,315,473,66.6,56,141,39.7,104,340,2,2,0,2,52,10,0
187,Raúl García,es ESP,DEF,Getafe,30,1989,2.7,0,0,0,0,0,0,0,0.00,0.00,0,0,0.0,0.0,0,0.0,0.0,0,0.2,-0.2,4,89,136,65.4,2,8,25.0,62,74,83.8,25,54,46.3,93,7,5,0,3,31,7,8,5
188,Raúl García,es ESP,DEF,Valladolid,30,1989,6.0,0,0,0,6,3,0,50.0,1.00,0.50,0.00,0.00,0.1,0.1,0.02,-0.1,-0.1,1,0.2,+0.8,6,177,258,68.6,1,13,7.7,139,163,85.3,37,82,45.1,152,17,5,0,1,70,13,6,3
189,Rubén García,es ESP,MID,Osasuna,26,1993,19.6,6,1,1,40,13,8,32.5,2.04,0.66,0.13,0.38,5.6,4.8,0.12,+0.4,+0.2,2,2.7,-0.7,36,576,825,69.8,12,41,29.3,426,532,80.1,138,252,54.8,664,67,41,1,72,19,46,25,7
190,Unai García,es ESP,DEF,Osasuna,27,1992,2.2,1,0,0,2,1,0,50.0,0.91,0.45,0.50,1.00,0.2,0.2,0.11,+0.8,+0.8,0,0.1,-0.1,1,50,68,73.5,1,1,100.0,29,33,87.9,20,34,58.8,6,46,5,0,0,6,3,0,0
191,Mario Gaspar,es ESP,DEF,Villarreal,28,1990,15.7,0,0,0,12,1,0,8.3,0.77,0.06,0.00,0.00,0.9,0.9,0.08,-0.9,-0.9,1,1.4,-0.4,13,600,756,79.4,3,16,18.8,509,583,87.3,88,157,56.1,49,511,24,1,0,138,43,4,0
192,José Antonio Martínez Gil,es ESP,DEF,Granada,26,1993,10.5,0,0,0,2,0,0,0.0,0.19,0.00,0.00,0,0.1,0.1,0.04,-0.1,-0.1,0,0.0,0.0,0,286,379,75.5,1,9,11.1,150,185,81.1,135,185,73.0,290,31,18,0,0,13,22,2,0
193,Ibai Gómez,es ESP,FWD,Athletic Bilbao,29,1989,6.6,0,0,0,13,5,2,38.5,1.96,0.76,0.00,0.00,1.0,1.0,0.08,-1.0,-1.0,0,1.6,-1.6,16,172,272,63.2,4,15,26.7,135,159,84.9,33,98,33.7,33,219,23,1,41,7,9,5,4
194,Maxi Gómez,uy URU,FWD,Valencia,22,1996,16.3,9,0,1,29,16,0,55.2,1.78,0.98,0.31,0.56,4.1,3.4,0.12,+4.9,+5.6,2,1.7,+0.3,7,167,255,65.5,5,16,31.3,133,193,68.9,29,46,63.0,18,163,1,3,0,1,13,8,0
195,Moi Gómez,es ESP,FWD,Villarreal,25,1994,18.9,4,0,0,31,12,1,38.7,1.64,0.64,0.13,0.33,2.3,2.3,0.07,+1.7,+1.7,3,2.6,+0.4,20,640,798,80.2,15,47,31.9,521,579,90.0,104,172,60.5,260,507,2,2,7,4,35,21,12
196,Sergi Gómez,es ESP,DEF,Sevilla,27,1992,4.3,0,0,0,1,0,0,0.0,0.23,0.00,0.00,0,0.0,0.0,0.02,0.0,0.0,0,0.0,0.0,0,225,250,90.0,2,4,50.0,141,148,95.3,82,98,83.7,17,216,6,0,0,0,13,0,0
197,Maxime Gonalons,fr FRA,MID,Granada,30,1989,15.1,0,0,0,3,1,0,33.3,0.20,0.07,0.00,0.00,0.1,0.1,0.04,-0.1,-0.1,0,0.4,-0.4,5,444,531,83.6,6,16,37.5,289,332,87.0,149,183,81.4,132,338,18,1,1,1,46,4,0
198,Bruno González,es ESP,DEF,Getafe,29,1990,2.0,0,0,0,0,0,0,0,0.00,0.00,0,0,0.0,0.0,0,0.0,0.0,0,0.0,0.0,1,51,61,83.6,1,2,50.0,24,26,92.3,26,33,78.8,8,41,4,0,0,1,8,0,0
199,Bruno González,es ESP,DEF,Levante,29,1990,1.0,0,0,0,0,0,0,0,0.00,0.00,0,0,0.0,0.0,0,0.0,0.0,0,0.0,0.0,0,22,24,91.7,1,1,100.0,10,10,100.0,11,13,84.6,5,19,1,0,0,0,2,0,0
200,Édgar González,es ESP,MID,Betis,22,1997,4.6,0,0,0,2,0,0,0.0,0.44,0.00,0.00,0,0.6,0.6,0.29,-0.6,-0.6,0,0.0,0.0,0,163,187,87.2,2,7,28.6,123,133,92.5,38,47,80.9,40,128,4,0,0,0,5,0,0
201,Andoni Gorosabel,es ESP,DEF,Real Sociedad,22,1996,3.3,0,0,0,1,1,0,100.0,0.31,0.31,0.00,0.00,0.0,0.0,0.01,0.0,0.0,0,0.1,-0.1,2,135,176,76.7,3,10,30.0,116,137,84.7,16,29,55.2,17,119,5,0,0,29,8,2,0
202,Esteban Granero,es ESP,MID,Espanyol,32,1987,5.2,1,0,0,7,7,0,100.0,1.34,1.34,0.14,0.14,1.2,1.2,0.18,-0.2,-0.2,0,0.5,-0.5,11,161,224,71.9,4,9,44.4,124,149,83.2,33,66,50.0,18,188,16,0,12,1,15,1,0
203,Antoine Griezmann,fr FRA,FWD,Barcelona,28,1991,21.9,8,0,0,45,21,0,46.7,2.05,0.96,0.18,0.38,6.9,6.9,0.15,+1.1,+1.1,4,2.3,+1.7,21,719,891,80.7,26,76,34.2,591,684,86.4,102,131,77.9,660,175,4,4,5,4,38,21,5
204,Andrés Guardado,mx MEX,MID,Betis,32,1986,15.1,0,0,0,9,4,0,44.4,0.60,0.26,0.00,0.00,0.8,0.8,0.09,-0.8,-0.8,2,1.5,+0.5,21,557,663,84.0,10,26,38.5,410,453,90.5,137,184,74.5,541,76,11,0,1,11,52,11,2
205,Sergi Guardiola,es ESP,FWD,Valladolid,28,1991,21.9,6,0,0,44,15,2,34.1,2.01,0.69,0.14,0.40,4.6,4.6,0.10,+1.4,+1.4,2,1.5,+0.5,12,343,505,67.9,11,46,23.9,289,378,76.5,43,81,53.1,364,63,1,1,0,1,22,6,1
206,Nemanja Gudelj,rs SRB,MID,Sevilla,27,1991,6.1,0,0,0,5,1,1,20.0,0.82,0.16,0.00,0.00,0.2,0.2,0.04,-0.2,-0.2,0,0.0,0.0,0,251,281,89.3,5,8,62.5,181,194,93.3,65,79,82.3,24,228,18,0,0,1,13,1,0
207,Gonçalo Guedes,pt POR,MID,Valencia,22,1996,5.9,0,0,0,10,4,0,40.0,1.68,0.67,0.00,0.00,0.5,0.5,0.05,-0.5,-0.5,0,1.0,-1.0,10,149,196,76.0,2,13,15.4,130,147,88.4,17,36,47.2,17,166,2,1,2,1,13,15,2
208,Ander Guevara,es ESP,MID,Real Sociedad,22,1997,9.1,0,0,0,3,0,0,0.0,0.33,0.00,0.00,0,0.1,0.1,0.02,-0.1,-0.1,0,0.4,-0.4,7,523,604,86.6,3,9,33.3,420,467,89.9,100,128,78.1,107,460,18,0,3,0,45,1,0
209,John Guidetti,se SWE,FWD,Alavés,27,1992,1.0,0,0,0,2,0,1,0.0,1.94,0.00,0.00,0,0.2,0.2,0.10,-0.2,-0.2,0,0.1,-0.1,1,22,35,62.9,0,4,0.0,19,25,76.0,3,6,50.0,2,27,0,1,1,0,3,2,0
210,Hugo Guillamón,es ESP,DEF,Valencia,19,2000,0.5,0,0,0,0,0,0,0,0.00,0.00,0,0,0.0,0.0,0,0.0,0.0,0,0.0,0.0,0,40,44,90.9,1,1,100.0,28,29,96.6,11,14,78.6,10,33,1,0,0,0,1,0,0
211,Ismael Gutiérrez,es ESP,MID,Betis,18,2000,0.9,0,0,0,0,0,0,0,0.00,0.00,0,0,0.0,0.0,0,0.0,0.0,0,0.0,0.0,0,24,27,88.9,1,3,33.3,18,18,100.0,5,6,83.3,2,23,1,0,0,0,1,0,0
212,Munir El Haddadi,es ESP,FWD,Sevilla,23,1995,7.1,2,0,0,25,7,0,28.0,3.50,0.98,0.08,0.29,2.1,2.1,0.08,-0.1,-0.1,1,0.7,+0.3,7,150,191,78.5,3,7,42.9,127,152,83.6,20,32,62.5,146,25,4,1,1,3,9,9,1
213,Eden Hazard,be BEL,FWD,Real Madrid,28,1991,8.3,1,0,0,12,9,0,75.0,1.44,1.08,0.08,0.11,1.4,1.4,0.12,-0.4,-0.4,1,1.0,0.0,15,349,414,84.3,9,27,33.3,297,333,89.2,43,54,79.6,56,333,4,2,3,2,23,9,2
214,Mario Hermoso,es ESP,DEF,Atlético Madrid,24,1995,10.7,0,0,0,2,2,0,100.0,0.19,0.19,0.00,0.00,0.4,0.4,0.18,-0.4,-0.4,0,0.0,0.0,1,372,470,79.1,2,7,28.6,255,276,92.4,115,187,61.5,347,67,17,0,0,9,25,1,0
215,Aridane Hernández,gq EQG,DEF,Osasuna,30,1989,19.0,2,0,0,10,3,0,30.0,0.53,0.16,0.20,0.67,0.9,0.9,0.09,+1.1,+1.1,0,0.2,-0.2,4,509,605,84.1,3,4,75.0,289,326,88.7,217,275,78.9,87,441,31,0,0,0,24,2,0
216,Javier Hernández,mx MEX,FWD,Sevilla,31,1988,5.0,1,0,0,13,6,0,46.2,2.62,1.21,0.08,0.17,2.6,2.6,0.20,-1.6,-1.6,0,0.3,-0.3,4,58,79,73.4,3,8,37.5,51,65,78.5,4,6,66.7,13,52,0,1,0,0,1,1,0
217,Juan Hernández,es ESP,MID,Celta Vigo,24,1994,0.2,0,0,0,0,0,0,0,0.00,0.00,0,0,0.0,0.0,0,0.0,0.0,0,0.2,-0.2,2,5,10,50.0,0,0,0,5,8,62.5,0,2,0.0,8,0,0,0,0,0,0,2,2
218,Héctor Herrera,mx MEX,MID,Atlético Madrid,29,1990,9.3,0,0,0,12,1,0,8.3,1.30,0.11,0.00,0.00,0.7,0.7,0.06,-0.7,-0.7,1,1.3,-0.3,17,449,522,86.0,9,19,47.4,362,394,91.9,78,109,71.6,71,412,20,1,9,1,59,7,0
219,Sergio Herrera,es ESP,GK,Osasuna,26,1993,10.8,0,0,0,0,0,0,0,0.00,0.00,0,0,0.0,0.0,0,0.0,0.0,0,0.0,0.0,0,188,349,53.9,1,2,50.0,48,49,98.0,139,298,46.6,15,241,52,0,0,0,8,0,0
220,Yangel Herrera,ve VEN,MID,Granada,21,1998,16.5,2,0,0,21,4,0,19.0,1.27,0.24,0.10,0.50,1.5,1.5,0.07,+0.5,+0.5,2,0.8,+1.2,10,451,586,77.0,7,19,36.8,340,411,82.7,104,156,66.7,106,410,9,2,0,0,53,6,0
221,Iago Herrerín,es ESP,GK,Athletic Bilbao,31,1988,3.0,0,0,0,0,0,0,0,0.00,0.00,0,0,0.0,0.0,0,0.0,0.0,0,0.0,0.0,0,55,104,52.9,0,0,0,11,11,100.0,44,93,47.3,7,72,12,0,0,0,2,0,0
222,Pablo Hervías,es ESP,MID,Valladolid,26,1993,4.9,1,0,0,11,5,6,45.5,2.26,1.03,0.09,0.20,0.5,0.5,0.04,+0.5,+0.5,0,0.3,-0.3,6,125,167,74.9,5,9,55.6,101,116,87.1,19,42,45.2,14,149,8,0,6,1,6,0,0
223,Robert Ibáñez,es ESP,MID,Osasuna,26,1993,5.9,1,0,0,8,1,0,12.5,1.35,0.17,0.13,1.00,1.1,1.1,0.14,-0.1,-0.1,0,0.2,-0.2,3,139,173,80.3,4,12,33.3,125,146,85.6,10,15,66.7,60,105,0,1,0,0,10,5,0
224,Vicente Iborra,es ESP,MID,Villarreal,31,1988,22.0,0,0,0,12,1,0,8.3,0.55,0.05,0.00,0.00,1.0,1.0,0.08,-1.0,-1.0,2,0.3,+1.7,5,954,1099,86.8,15,27,55.6,675,753,89.6,264,319,82.8,159,809,45,1,0,3,91,4,0
225,Borja Iglesias,es ESP,FWD,Betis,26,1993,14.3,3,0,0,20,7,0,35.0,1.40,0.49,0.15,0.43,1.7,1.7,0.09,+1.3,+1.3,2,2.0,0.0,14,169,232,72.8,19,37,51.4,128,163,78.5,22,32,68.8,42,145,0,3,0,0,11,8,0
226,Asier Illarramendi,es ESP,MID,Real Sociedad,29,1990,2.4,0,0,0,1,0,0,0.0,0.41,0.00,0.00,0,0.0,0.0,0.02,0.0,0.0,0,0.2,-0.2,1,168,183,91.8,1,2,50.0,134,141,95.0,33,40,82.5,13,163,7,2,0,0,22,3,0
227,Takashi Inui,jp JPN,MID,Eibar,31,1988,15.5,1,0,0,30,7,0,23.3,1.93,0.45,0.03,0.14,2.4,2.4,0.08,-1.4,-1.4,3,1.3,+1.7,15,313,415,75.4,4,13,30.8,269,333,80.8,40,69,58.0,32,359,3,1,1,8,17,9,2
228,Alexander Isak,se SWE,FWD,Real Sociedad,19,1999,10.1,7,0,0,28,15,0,53.6,2.78,1.49,0.25,0.47,4.7,4.7,0.17,+2.3,+2.3,1,1.3,-0.3,7,132,176,75.0,6,15,40.0,113,144,78.5,13,17,76.5,31,118,1,3,1,0,6,9,0
229,Isco,es ESP,FWD,Real Madrid,27,1992,8.8,1,0,0,15,8,2,53.3,1.70,0.91,0.07,0.13,1.2,1.2,0.08,-0.2,-0.2,0,1.3,-1.3,16,469,556,84.4,18,40,45.0,381,414,92.0,70,102,68.6,47,494,5,3,5,7,41,16,3
230,Ander Iturraspe,es ESP,MID,Espanyol,30,1989,1.2,0,0,0,0,0,0,0,0.00,0.00,0,0,0.0,0.0,0,0.0,0.0,0,0.0,0.0,0,28,37,75.7,1,2,50.0,22,29,75.9,5,6,83.3,7,22,1,0,0,0,2,0,0
231,Adnan Januzaj,be BEL,FWD,Real Sociedad,24,1995,7.2,1,0,0,16,4,2,25.0,2.23,0.56,0.06,0.25,0.6,0.6,0.04,+0.4,+0.4,3,1.4,+1.6,11,173,257,67.3,3,23,13.0,127,164,77.4,43,70,61.4,201,45,6,1,9,3,19,11,1
232,Jason,es ESP,MID,Getafe,25,1994,9.7,1,0,0,16,5,2,31.3,1.64,0.51,0.06,0.20,1.1,1.1,0.07,-0.1,-0.1,4,1.5,+2.5,19,168,297,56.6,5,24,20.8,131,181,72.4,32,92,34.8,27,232,17,0,28,1,18,7,3
233,Joaquín,es ESP,MID,Betis,38,1981,17.5,8,2,3,22,10,3,45.5,1.25,0.57,0.27,0.60,5.6,3.3,0.15,+2.4,+2.7,2,4.2,-2.2,42,645,818,78.9,20,54,37.0,530,600,88.3,95,164,57.9,38,733,25,4,47,9,28,35,8
234,Frenkie de Jong,nl NED,MID,Barcelona,22,1997,20.1,2,0,0,4,4,0,100.0,0.20,0.20,0.50,0.50,1.1,1.1,0.27,+0.9,+0.9,2,2.0,0.0,19,1303,1408,92.5,25,48,52.1,1067,1127,94.7,211,233,90.6,73,1289,14,7,1,13,137,14,1
235,Luuk de Jong,nl NED,FWD,Sevilla,28,1990,16.8,4,0,0,43,16,0,37.2,2.56,0.95,0.09,0.25,6.4,6.4,0.15,-2.4,-2.4,1,1.8,-0.8,10,288,400,72.0,15,33,45.5,245,327,74.9,28,40,70.0,86,211,0,0,0,0,16,5,0
236,Joan Jordán,es ESP,MID,Sevilla,25,1994,16.3,2,0,0,21,5,6,23.8,1.29,0.31,0.10,0.40,1.4,1.4,0.07,+0.6,+0.6,1,2.0,-1.0,25,979,1149,85.2,15,37,40.5,695,770,90.3,269,342,78.7,123,958,40,2,48,5,92,14,3
237,Willian José,br BRA,FWD,Real Sociedad,27,1991,14.8,8,0,0,39,14,1,35.9,2.64,0.95,0.21,0.57,7.7,7.7,0.20,+0.3,+0.3,0,0.8,-0.8,10,251,343,73.2,10,30,33.3,198,248,79.8,43,65,66.2,30,288,0,0,0,0,17,10,0
238,Joselu,es ESP,FWD,Alavés,29,1990,21.0,9,0,0,51,19,1,37.3,2.43,0.90,0.18,0.47,7.1,7.1,0.14,+1.9,+1.9,2,2.0,0.0,11,358,651,55.0,14,34,41.2,285,506,56.3,59,111,53.2,86,263,0,2,0,1,54,8,1
239,Luka Jović,rs SRB,FWD,Real Madrid,21,1997,4.3,2,0,0,12,3,0,25.0,2.76,0.69,0.17,0.67,2.3,2.3,0.19,-0.3,-0.3,1,0.5,+0.5,2,104,125,83.2,3,7,42.9,91,105,86.7,10,13,76.9,38,72,0,1,0,0,9,1,0
240,Juanmi,es ESP,FWD,Betis,26,1993,0.8,0,0,0,3,1,0,33.3,3.60,1.20,0.00,0.00,0.2,0.2,0.07,-0.2,-0.2,0,0.0,0.0,0,5,6,83.3,2,2,100.0,3,3,100.0,0,1,0.0,1,5,0,0,0,0,0,0,0
241,David Juncà,es ESP,DEF,Celta Vigo,25,1993,2.9,0,0,0,0,0,0,0,0.00,0.00,0,0,0.0,0.0,0,0.0,0.0,0,0.0,0.0,0,115,152,75.7,2,6,33.3,93,110,84.5,20,36,55.6,115,11,8,0,0,18,10,1,1
242,Lago Junior,ci CIV,MID,Mallorca,28,1990,18.4,4,3,3,26,7,0,26.9,1.41,0.38,0.04,0.14,4.7,2.4,0.09,-0.7,-1.4,0,0.9,-0.9,13,405,547,74.0,16,44,36.4,359,434,82.7,30,69,43.5,111,389,1,0,0,9,24,13,4
243,Vinicius Júnior,br BRA,FWD,Real Madrid,19,2000,8.0,1,0,0,27,11,0,40.7,3.37,1.37,0.04,0.09,2.6,2.6,0.10,-1.6,-1.6,1,1.7,-0.7,13,226,302,74.8,6,25,24.0,200,241,83.0,20,36,55.6,33,258,1,1,1,3,9,9,1
244,Lee Kangin,kr KOR,MID,Valencia,18,2001,3.3,1,0,0,6,2,0,33.3,1.82,0.61,0.17,0.50,0.5,0.5,0.08,+0.5,+0.5,0,0.3,-0.3,4,115,145,79.3,3,7,42.9,91,101,90.1,21,37,56.8,126,11,2,0,4,2,7,3,0
245,Wilfrid Kaptoum,cm CMR,MID,Betis,23,1996,2.1,0,0,0,3,0,0,0.0,1.41,0.00,0.00,0,0.1,0.1,0.02,-0.1,-0.1,0,0.0,0.0,1,59,71,83.1,3,3,100.0,47,53,88.7,9,15,60.0,13,54,2,0,1,1,5,1,0
246,Kenedy,br BRA,MID,Getafe,23,1996,4.8,1,0,0,11,3,0,27.3,2.30,0.63,0.09,0.33,0.7,0.7,0.06,+0.3,+0.3,2,0.7,+1.3,5,91,139,65.5,4,12,33.3,73,95,76.8,14,32,43.8,117,14,3,0,3,0,4,10,5
247,Kike,es ESP,FWD,Eibar,29,1989,11.1,3,0,0,31,9,0,29.0,2.80,0.81,0.10,0.33,3.3,3.3,0.11,-0.3,-0.3,0,0.2,-0.2,6,204,296,68.9,9,26,34.6,175,227,77.1,20,43,46.5,73,146,0,0,0,0,17,5,1
248,Kenan Kodro,ba BIH,FWD,Athletic Bilbao,25,1993,3.7,1,0,0,3,2,1,66.7,0.82,0.55,0.33,0.50,0.2,0.2,0.06,+0.8,+0.8,0,0.0,0.0,1,44,69,63.8,1,2,50.0,41,61,67.2,2,6,33.3,10,37,0,0,0,0,3,0,0
249,Koke,es ESP,MID,Atlético Madrid,27,1992,18.8,2,0,0,15,5,0,33.3,0.80,0.27,0.13,0.40,1.5,1.5,0.10,+0.5,+0.5,3,3.7,-0.7,42,914,1116,81.9,44,64,68.8,745,820,90.9,125,232,53.9,89,974,58,6,50,5,80,15,3
250,Geoffrey Kondogbia,cf CTA,MID,Valencia,26,1993,11.5,1,0,0,10,1,0,10.0,0.87,0.09,0.10,1.00,0.6,0.6,0.06,+0.4,+0.4,0,0.0,0.0,1,488,586,83.3,8,10,80.0,343,397,86.4,137,179,76.5,464,76,24,1,0,0,43,2,0
251,Jules Koundé,fr FRA,DEF,Sevilla,20,1998,13.6,1,0,0,11,5,0,45.5,0.81,0.37,0.09,0.20,1.2,1.2,0.11,-0.2,-0.2,0,0.0,0.0,1,623,737,84.5,3,10,30.0,439,486,90.3,181,241,75.1,67,582,18,0,0,31,34,1,1
252,Leonardo Koutris,gr GRE,DEF,Mallorca,24,1995,1.0,0,0,0,0,0,0,0,0.00,0.00,0,0,0.0,0.0,0,0.0,0.0,0,0.2,-0.2,1,41,56,73.2,1,5,20.0,37,44,84.1,3,7,42.9,34,2,0,0,0,17,1,2,1
253,İsmail Köybaşı,tr TUR,DEF,Granada,30,1989,1.5,0,0,0,1,0,1,0.0,0.67,0.00,0.00,0,0.0,0.0,0.03,0.0,0.0,0,0.2,-0.2,1,34,51,66.7,1,4,25.0,25,32,78.1,8,15,53.3,36,2,1,0,0,9,5,1,1
254,Toni Kroos,de GER,MID,Real Madrid,29,1990,19.1,3,0,0,41,13,1,31.7,2.15,0.68,0.07,0.23,2.2,2.2,0.05,+0.8,+0.8,4,3.6,+0.4,48,1436,1615,88.9,26,35,74.3,1024,1072,95.5,386,508,76.0,244,1338,77,3,99,3,173,26,5
255,Takefusa Kubo,jp JPN,MID,Mallorca,18,2001,14.0,2,0,0,26,11,1,42.3,1.86,0.79,0.08,0.18,1.4,1.4,0.05,+0.6,+0.6,2,1.9,+0.1,19,248,379,65.4,9,33,27.3,219,289,75.8,20,57,35.1,284,68,6,1,13,3,19,13,4
256,Víctor Laguardia,es ESP,DEF,Alavés,29,1989,19.0,1,0,0,5,1,0,20.0,0.26,0.05,0.20,1.00,0.6,0.6,0.11,+0.4,+0.4,1,0.5,+0.5,5,510,683,74.7,6,11,54.5,264,309,85.4,240,363,66.1,47,541,40,0,0,0,47,4,0
257,Diego Lainez,mx MEX,MID,Betis,19,2000,2.3,0,0,0,4,1,0,25.0,1.74,0.43,0.00,0.00,0.1,0.1,0.04,-0.1,-0.1,0,0.0,0.0,1,54,70,77.1,3,7,42.9,45,54,83.3,6,9,66.7,46,16,2,1,0,2,0,1,0
258,Larra,es ESP,FWD,Athletic Bilbao,21,1997,2.0,0,0,0,3,1,0,33.3,1.52,0.51,0.00,0.00,0.1,0.1,0.02,-0.1,-0.1,0,0.1,-0.1,1,31,57,54.4,2,3,66.7,24,35,68.6,5,19,26.3,6,44,0,0,4,1,1,1,1
259,Robin Le Normand,fr FRA,DEF,Real Sociedad,22,1996,14.2,1,0,0,4,1,0,25.0,0.28,0.07,0.25,1.00,0.5,0.5,0.13,+0.5,+0.5,0,0.0,0.0,0,833,930,89.6,6,19,31.6,571,612,93.3,256,299,85.6,81,769,30,0,0,1,43,1,0
260,Wu Lei,cn CHN,FWD,Espanyol,27,1991,11.5,3,0,0,26,8,0,30.8,2.26,0.70,0.12,0.38,3.1,3.1,0.12,-0.1,-0.1,0,0.6,-0.6,6,129,192,67.2,2,13,15.4,115,153,75.2,12,26,46.2,24,144,3,0,0,1,8,1,0
261,Iñigo Lekue,es ESP,DEF,Athletic Bilbao,26,1993,3.6,0,0,0,2,0,0,0.0,0.56,0.00,0.00,0,0.1,0.1,0.05,-0.1,-0.1,1,0.2,+0.8,3,106,156,67.9,2,3,66.7,92,113,81.4,12,40,30.0,25,94,0,0,5,26,5,0,0
262,Thomas Lemar,fr FRA,MID,Atlético Madrid,23,1995,9.0,0,0,0,7,2,1,28.6,0.78,0.22,0.00,0.00,0.4,0.4,0.06,-0.4,-0.4,0,0.4,-0.4,5,271,339,79.9,8,17,47.1,203,233,87.1,60,89,67.4,262,53,8,1,13,4,24,7,2
263,Clément Lenglet,fr FRA,DEF,Barcelona,24,1995,17.8,2,0,0,8,3,0,37.5,0.45,0.17,0.25,0.67,0.8,0.8,0.10,+1.2,+1.2,1,0.6,+0.4,5,1210,1310,92.4,12,20,60.0,802,839,95.6,396,451,87.8,1096,158,35,2,0,2,102,1,0
264,Pedro León,es ESP,MID,Eibar,32,1986,14.7,1,0,0,23,9,3,39.1,1.57,0.61,0.04,0.11,1.3,1.3,0.06,-0.3,-0.3,0,1.9,-1.9,26,297,495,60.0,7,27,25.9,239,309,77.3,51,159,32.1,56,370,22,0,45,9,17,12,7
265,Sergio León,es ESP,FWD,Levante,30,1989,4.8,1,0,0,16,3,0,18.8,3.33,0.62,0.06,0.33,1.8,1.8,0.11,-0.8,-0.8,0,0.0,0.0,1,44,68,64.7,3,9,33.3,34,47,72.3,7,12,58.3,9,45,0,0,0,0,3,2,0
266,Lillo,es ESP,DEF,Osasuna,30,1989,2.1,0,0,0,1,0,0,0.0,0.47,0.00,0.00,0,0.0,0.0,0.03,0.0,0.0,0,0.1,-0.1,1,100,124,80.6,0,2,0.0,75,84,89.3,25,38,65.8,9,86,6,0,0,23,10,3,1
267,Diego Llorente,es ESP,DEF,Real Sociedad,25,1993,17.1,0,0,0,5,1,0,20.0,0.29,0.06,0.00,0.00,0.6,0.6,0.12,-0.6,-0.6,1,0.1,+0.9,2,933,1054,88.5,6,16,37.5,595,632,94.1,332,406,81.8,199,783,22,0,1,2,52,2,0
268,Marcos Llorente,es ESP,MID,Atlético Madrid,24,1995,7.0,1,0,0,3,1,0,33.3,0.43,0.14,0.33,1.00,0.7,0.7,0.23,+0.3,+0.3,0,0.0,0.0,1,215,262,82.1,10,17,58.8,170,199,85.4,35,46,76.1,20,220,2,0,0,0,10,2,0
269,Stanislav Lobotka,sk SVK,MID,Celta Vigo,24,1994,15.5,0,0,0,7,2,0,28.6,0.45,0.13,0.00,0.00,0.2,0.2,0.03,-0.2,-0.2,0,0.4,-0.4,10,683,777,87.9,16,27,59.3,527,584,90.2,140,166,84.3,79,658,13,0,2,0,52,5,0
270,Renan Lodi,br BRA,DEF,Atlético Madrid,21,1998,17.6,1,0,0,11,2,0,18.2,0.63,0.11,0.09,0.50,0.6,0.6,0.06,+0.4,+0.4,2,1.5,+0.5,16,624,843,74.0,18,50,36.0,503,599,84.0,103,194,53.1,569,58,8,2,0,187,25,26,10
271,Rony Lopes,pt POR,FWD,Sevilla,23,1995,0.2,0,0,0,1,1,0,100.0,4.29,4.29,0.00,0.00,0.0,0.0,0.02,0.0,0.0,0,0.0,0.0,0,11,13,84.6,2,3,66.7,6,7,85.7,3,3,100.0,7,5,0,0,0,1,1,0,0
272,Adrián López,es ESP,FWD,Osasuna,31,1988,9.8,0,0,0,11,4,0,36.4,1.12,0.41,0.00,0.00,1.1,1.1,0.10,-1.1,-1.1,0,1.7,-1.7,16,225,318,70.8,13,32,40.6,190,251,75.7,22,35,62.9,20,248,1,2,0,0,23,5,2
273,David López,es ESP,DEF,Espanyol,29,1989,15.6,2,0,0,9,5,0,55.6,0.58,0.32,0.22,0.40,1.1,1.1,0.12,+0.9,+0.9,2,0.8,+1.2,12,663,840,78.9,6,17,35.3,472,534,88.4,185,289,64.0,88,657,27,2,0,1,55,7,1
274,Diego López,es ESP,GK,Espanyol,37,1981,25.0,0,0,0,0,0,0,0,0.00,0.00,0,0,0.0,0.0,0,0.0,0.0,0,0.0,0.0,2,465,804,57.8,0,0,0,212,213,99.5,253,591,42.8,74,541,96,0,0,1,18,0,0
275,Javi López,es ESP,DEF,Espanyol,33,1986,10.6,0,0,0,3,0,0,0.0,0.28,0.00,0.00,0,0.1,0.1,0.03,-0.1,-0.1,0,0.6,-0.6,4,348,463,75.2,4,15,26.7,273,325,84.0,71,123,57.7,61,269,5,1,1,98,24,9,3
276,Lluis López,es ESP,DEF,Espanyol,22,1997,3.3,0,0,0,2,0,0,0.0,0.60,0.00,0.00,0,0.1,0.1,0.06,-0.1,-0.1,0,0.0,0.0,0,219,245,89.4,0,4,0.0,144,158,91.1,75,83,90.4,40,186,7,0,0,4,10,0,0
277,Unai López,es ESP,MID,Athletic Bilbao,23,1995,12.2,0,0,0,17,3,2,17.6,1.39,0.25,0.00,0.00,0.4,0.4,0.03,-0.4,-0.4,3,2.1,+0.9,24,626,756,82.8,14,23,60.9,429,464,92.5,183,269,68.0,32,682,43,3,34,3,44,7,1
278,Iker Losada,es ESP,MID,Celta Vigo,17,2001,0.1,1,0,0,1,1,0,100.0,8.18,8.18,1.00,1.00,0.0,0.0,0.03,+1.0,+1.0,0,0.0,0.0,0,7,9,77.8,0,0,0,5,6,83.3,2,3,66.7,1,7,0,0,0,0,0,0,0
279,Pol Lozano,es ESP,MID,Espanyol,19,1999,0.2,0,0,0,0,0,0,0,0.00,0.00,0,0,0.0,0.0,0,0.0,0.0,0,0.0,0.0,0,7,8,87.5,0,0,0,6,6,100.0,1,2,50.0,1,7,0,0,1,0,1,0,0
280,José Luis Gayà,es ESP,DEF,Valencia,24,1995,16.6,0,0,0,5,1,0,20.0,0.30,0.06,0.00,0.00,0.2,0.2,0.04,-0.2,-0.2,0,1.0,-1.0,9,600,775,77.4,9,32,28.1,471,545,86.4,120,198,60.6,523,80,24,0,0,138,24,19,8
281,José Luis Morales,es ESP,FWD,Levante,32,1987,19.8,2,0,0,28,12,0,42.9,1.41,0.61,0.07,0.17,3.3,3.3,0.12,-1.3,-1.3,1,3.1,-2.1,23,330,482,68.5,8,43,18.6,273,353,77.3,49,86,57.0,85,361,0,6,2,13,24,20,3
282,Darwin Machís,ve VEN,FWD,Granada,26,1993,15.2,5,1,1,49,18,1,36.7,3.23,1.19,0.08,0.22,3.6,2.8,0.06,+1.4,+1.2,3,2.2,+0.8,22,247,387,63.8,6,21,28.6,194,255,76.1,47,111,42.3,74,278,12,0,23,5,25,12,4
283,Lisandro Magallán,ar ARG,DEF,Alavés,25,1993,7.8,1,0,0,4,1,0,25.0,0.51,0.13,0.25,1.00,0.2,0.2,0.05,+0.8,+0.8,0,0.0,0.0,0,198,252,78.6,1,3,33.3,122,137,89.1,75,112,67.0,41,170,11,0,0,1,14,1,0
284,Nemanja Maksimović,rs SRB,MID,Getafe,24,1995,21.5,1,0,0,16,6,0,37.5,0.74,0.28,0.06,0.17,1.8,1.8,0.11,-0.8,-0.8,0,0.4,-0.4,6,324,444,73.0,31,44,70.5,231,311,74.3,62,89,69.7,40,297,16,1,0,1,23,10,1
285,Hugo Mallo,es ESP,DEF,Celta Vigo,28,1991,15.4,0,0,0,5,2,0,40.0,0.32,0.13,0.00,0.00,0.1,0.1,0.03,-0.1,-0.1,1,1.2,-0.2,8,708,912,77.6,8,34,23.5,568,637,89.2,132,241,54.8,85,619,24,0,1,152,38,10,5
286,Aïssa Mandi,dz ALG,DEF,Betis,27,1991,20.6,0,0,0,6,1,0,16.7,0.29,0.05,0.00,0.00,0.7,0.7,0.11,-0.7,-0.7,0,0.3,-0.3,3,1099,1205,91.2,9,15,60.0,750,792,94.7,340,398,85.4,105,1027,55,0,0,4,53,3,0
287,Eliaquim Mangala,fr FRA,DEF,Valencia,28,1991,3.5,0,0,0,1,0,0,0.0,0.29,0.00,0.00,0,0.2,0.2,0.15,-0.2,-0.2,0,0.0,0.0,0,129,144,89.6,1,1,100.0,82,86,95.3,46,57,80.7,107,31,2,0,0,0,12,0,0
288,Marcelo,br BRA,DEF,Real Madrid,31,1988,8.8,0,0,0,12,4,0,33.3,1.37,0.46,0.00,0.00,0.3,0.3,0.03,-0.3,-0.3,2,1.5,+0.5,18,581,697,83.4,11,31,35.5,473,525,90.1,97,141,68.8,530,82,8,1,0,69,55,29,7
289,Óscar de Marcos,es ESP,FWD,Athletic Bilbao,30,1989,2.1,0,0,0,0,0,0,0,0.00,0.00,0,0,0.0,0.0,0,0.0,0.0,0,0.0,0.0,0,36,58,62.1,0,6,0.0,33,45,73.3,3,7,42.9,3,48,1,0,0,0,5,0,0
290,José María Giménez,uy URU,DEF,Atlético Madrid,24,1995,11.0,0,0,0,7,2,0,28.6,0.64,0.18,0.00,0.00,0.3,0.3,0.05,-0.3,-0.3,0,0.0,0.0,0,374,423,88.4,5,8,62.5,236,259,91.1,133,156,85.3,66,322,31,0,0,1,18,1,0
291,Adrián Marín,es ESP,DEF,Alavés,22,1997,3.8,0,0,0,1,0,0,0.0,0.27,0.00,0.00,0,0.2,0.2,0.16,-0.2,-0.2,0,0.0,0.0,0,106,144,73.6,0,3,0.0,94,107,87.9,12,34,35.3,96,7,2,0,1,30,8,1,0
292,Guillermo Maripán,cl CHI,DEF,Alavés,25,1994,1.0,0,0,0,0,0,0,0,0.00,0.00,0,0,0.0,0.0,0,0.0,0.0,0,0.0,0.0,0,7,11,63.6,0,1,0.0,6,8,75.0,1,2,50.0,1,10,1,0,0,0,0,0,0
293,Roger Martí,es ESP,FWD,Levante,28,1991,16.5,10,4,4,35,13,0,37.1,2.12,0.79,0.17,0.46,8.0,4.9,0.14,+2.0,+1.1,0,1.1,-1.1,14,182,287,63.4,8,24,33.3,146,209,69.9,28,54,51.9,30,220,0,2,0,0,14,12,2
294,Daniel Martín,es ESP,GK,Betis,21,1998,1.9,0,0,0,0,0,0,0,0.00,0.00,0,0,0.0,0.0,0,0.0,0.0,0,0.0,0.0,0,42,62,67.7,0,0,0,22,23,95.7,20,39,51.3,3,46,4,0,0,0,0,0,0
295,Álex Martínez,es ESP,DEF,Granada,28,1990,0.2,0,0,0,1,0,1,0.0,6.43,0.00,0.00,0,0.1,0.1,0.05,-0.1,-0.1,0,0.0,0.0,0,5,10,50.0,0,0,0,3,4,75.0,2,6,33.3,8,0,2,0,1,1,0,1,0
296,Iñigo Martínez,es ESP,DEF,Athletic Bilbao,28,1991,22.0,0,0,0,22,2,3,9.1,1.00,0.09,0.00,0.00,1.4,1.4,0.06,-1.4,-1.4,1,0.9,+0.1,6,831,1042,79.8,3,17,17.6,479,543,88.2,349,482,72.4,735,197,59,2,0,31,86,8,3
297,Pablo Martínez,es ESP,MID,Levante,21,1998,0.2,0,0,0,0,0,0,0,0.00,0.00,0,0,0.0,0.0,0,0.0,0.0,0,0.0,0.0,0,8,9,88.9,0,0,0,8,8,100.0,0,1,0.0,1,8,0,0,0,0,0,0,0
298,Jordi Masip,es ESP,GK,Valladolid,30,1989,25.0,0,0,0,0,0,0,0,0.00,0.00,0,0,0.0,0.0,0,0.0,0.0,0,0.0,0.0,1,405,770,52.6,1,2,50.0,122,122,100.0,282,646,43.7,20,606,85,0,0,0,8,1,0
299,Jaime Mata,es ESP,FWD,Getafe,30,1988,19.7,8,2,2,32,14,0,43.8,1.62,0.71,0.19,0.43,6.3,4.8,0.15,+1.7,+1.2,3,2.0,+1.0,21,297,468,63.5,19,57,33.3,236,332,71.1,42,79,53.2,53,303,2,1,0,1,21,6,3
300,Borja Mayoral,es ESP,FWD,Levante,22,1997,15.8,5,0,0,27,12,0,44.4,1.71,0.76,0.19,0.42,5.1,5.1,0.19,-0.1,-0.1,1,0.9,+0.1,13,276,351,78.6,14,30,46.7,223,263,84.8,39,58,67.2,59,262,1,2,0,2,19,6,1
301,Óscar Melendo,es ESP,MID,Espanyol,21,1997,6.7,0,0,0,3,0,0,0.0,0.45,0.00,0.00,0,0.1,0.1,0.04,-0.1,-0.1,0,0.3,-0.3,10,153,183,83.6,5,10,50.0,128,145,88.3,20,28,71.4,152,18,0,3,3,1,16,6,1
302,Gonzalo Melero,es ESP,MID,Levante,25,1994,8.7,1,0,0,14,5,0,35.7,1.61,0.58,0.07,0.20,1.1,1.1,0.08,-0.1,-0.1,1,0.3,+0.7,5,263,320,82.2,8,20,40.0,217,245,88.6,38,55,69.1,20,269,7,2,0,1,15,6,0
303,Arthur Melo,br BRA,MID,Barcelona,22,1996,10.3,3,0,0,7,4,0,57.1,0.68,0.39,0.43,0.75,1.1,1.1,0.15,+1.9,+1.9,3,1.1,+1.9,9,699,777,90.0,17,33,51.5,558,596,93.6,124,148,83.8,23,733,19,2,13,7,75,12,0
304,Brais Méndez,es ESP,MID,Celta Vigo,22,1997,11.1,0,0,0,17,5,0,29.4,1.54,0.45,0.00,0.00,1.3,1.3,0.07,-1.3,-1.3,1,0.6,+0.4,8,345,468,73.7,11,33,33.3,288,343,84.0,46,92,50.0,372,60,9,2,9,3,36,5,1
305,Édgar Méndez,es ESP,MID,Alavés,28,1991,1.1,0,0,0,0,0,0,0,0.00,0.00,0,0,0.0,0.0,0,0.0,0.0,0,0.0,0.0,1,15,22,68.2,0,1,0.0,12,17,70.6,3,4,75.0,2,17,1,0,0,0,2,0,0
306,Ferland Mendy,fr FRA,DEF,Real Madrid,24,1995,12.2,0,0,0,5,1,0,20.0,0.41,0.08,0.00,0.00,0.5,0.5,0.10,-0.5,-0.5,2,1.4,+0.6,14,650,784,82.9,6,31,19.4,550,608,90.5,94,145,64.8,434,201,8,0,0,110,29,15,6
307,Fran Mérida,es ESP,MID,Osasuna,29,1990,10.3,0,0,0,12,2,0,16.7,1.17,0.19,0.00,0.00,0.3,0.3,0.02,-0.3,-0.3,0,0.2,-0.2,7,450,592,76.0,8,18,44.4,286,349,81.9,156,225,69.3,470,83,21,1,2,3,56,10,2
308,Mikel Merino,es ESP,MID,Real Sociedad,23,1996,22.0,3,0,0,28,6,0,21.4,1.27,0.27,0.11,0.50,2.1,2.1,0.08,+0.9,+0.9,1,1.6,-0.6,23,980,1231,79.6,26,49,53.1,766,908,84.4,188,274,68.6,1001,100,15,1,1,2,136,23,4
309,Sabin Merino,es ESP,FWD,Leganés,27,1992,0.9,0,0,0,0,0,0,0,0.00,0.00,0,0,0.0,0.0,0,0.0,0.0,0,0.0,0.0,1,17,21,81.0,0,0,0,16,19,84.2,1,2,50.0,5,12,0,0,0,0,0,0,0
310,Roque Mesa,es ESP,MID,Leganés,30,1989,16.7,1,0,0,18,7,1,38.9,1.07,0.42,0.06,0.14,0.9,0.9,0.05,+0.1,+0.1,2,1.5,+0.5,19,492,613,80.3,15,25,60.0,396,446,88.8,81,142,57.0,143,443,19,2,18,8,53,14,4
311,Lionel Messi,ar ARG,FWD,Barcelona,32,1987,19.0,18,2,2,94,46,22,48.9,4.95,2.42,0.17,0.35,11.6,10.0,0.11,+6.4,+6.0,12,9.6,+2.4,50,952,1193,79.8,20,49,40.8,785,917,85.6,147,227,64.8,1076,93,50,24,39,9,119,67,3
312,Míchel,es ESP,MID,Valladolid,31,1988,19.4,1,1,1,7,1,2,14.3,0.36,0.05,0.00,0.00,1.1,0.3,0.05,-0.1,-0.3,1,1.4,-0.4,23,922,1188,77.6,22,45,48.9,617,700,88.1,283,443,63.9,142,983,88,3,68,3,86,10,4
313,Miguel,es ESP,FWD,Valladolid,19,1999,0.3,0,0,0,0,0,0,0,0.00,0.00,0,0,0.0,0.0,0,0.0,0.0,0,0.0,0.0,0,5,8,62.5,0,0,0,4,5,80.0,1,3,33.3,1,6,0,0,0,0,0,0,0
314,Éder Militão,br BRA,DEF,Real Madrid,21,1998,6.0,0,0,0,2,1,0,50.0,0.33,0.17,0.00,0.00,0.0,0.0,0.02,0.0,0.0,0,0.0,0.0,0,288,323,89.2,1,3,33.3,205,219,93.6,82,101,81.2,17,281,12,0,0,2,8,2,0
315,Santi Mina,es ESP,FWD,Celta Vigo,23,1995,14.0,3,0,0,36,8,1,22.2,2.57,0.57,0.08,0.38,4.6,4.6,0.13,-1.6,-1.6,2,1.6,+0.4,14,316,438,72.1,12,26,46.2,272,359,75.8,32,53,60.4,34,296,3,3,1,9,20,14,1
316,Jorge Miramón,es ESP,DEF,Levante,30,1989,19.9,0,0,0,9,2,0,22.2,0.45,0.10,0.00,0.00,0.3,0.3,0.03,-0.3,-0.3,3,1.7,+1.3,15,699,896,78.0,15,40,37.5,573,638,89.8,111,218,50.9,41,632,10,1,1,170,35,5,3
317,Luka Modrić,hr CRO,MID,Real Madrid,33,1985,14.0,3,0,0,20,8,0,40.0,1.42,0.57,0.15,0.38,1.8,1.8,0.09,+1.2,+1.2,4,2.2,+1.8,30,841,970,86.7,22,42,52.4,626,678,92.3,193,250,77.2,113,813,31,1,18,1,68,14,1
318,Jorge Molina,es ESP,FWD,Getafe,37,1982,15.2,5,2,2,23,7,0,30.4,1.51,0.46,0.13,0.43,5.2,3.7,0.16,-0.2,-0.7,2,2.3,-0.3,15,282,415,68.0,10,43,23.3,247,333,74.2,25,39,64.1,110,229,0,3,0,3,20,14,1
319,Jon Moncayola,es ESP,MID,Osasuna,21,1998,10.8,1,0,0,8,1,0,12.5,0.74,0.09,0.13,1.00,0.5,0.5,0.06,+0.5,+0.5,0,0.2,-0.2,3,345,455,75.8,8,18,44.4,229,269,85.1,108,168,64.3,42,334,9,1,0,22,20,5,1
320,Nacho Monreal,es ESP,DEF,Real Sociedad,33,1986,17.5,2,0,0,9,2,0,22.2,0.51,0.11,0.22,1.00,1.8,1.8,0.20,+0.2,+0.2,0,0.4,-0.4,7,716,863,83.0,7,31,22.6,637,713,89.3,72,119,60.5,572,55,12,0,1,166,28,18,9
321,Ángel Montoro,es ESP,MID,Granada,31,1988,9.8,1,0,0,11,4,1,36.4,1.12,0.41,0.09,0.25,1.1,1.1,0.10,-0.1,-0.1,4,0.9,+3.1,15,393,517,76.0,5,14,35.7,232,269,86.2,156,234,66.7,61,438,53,1,23,0,59,11,1
322,Álvaro Morata,es ESP,FWD,Atlético Madrid,26,1992,16.6,7,0,1,51,24,0,47.1,3.08,1.45,0.14,0.29,9.2,8.4,0.16,-2.2,-1.4,1,3.2,-2.2,18,237,349,67.9,18,35,51.4,199,283,70.3,20,31,64.5,37,199,1,3,0,0,16,9,1
323,Alberto Moreno,es ESP,DEF,Villarreal,27,1992,5.6,0,0,0,5,2,0,40.0,0.89,0.36,0.00,0.00,0.6,0.6,0.12,-0.6,-0.6,0,0.2,-0.2,6,283,335,84.5,6,12,50.0,240,265,90.6,37,58,63.8,246,6,6,1,0,66,16,3,1
324,Álex Moreno,es ESP,DEF,Betis,26,1993,18.1,0,0,0,19,8,0,42.1,1.05,0.44,0.00,0.00,1.7,1.7,0.09,-1.7,-1.7,4,1.5,+2.5,16,721,907,79.5,21,51,41.2,594,674,88.1,106,182,58.2,627,73,10,0,1,157,30,24,12
325,Gerard Moreno,es ESP,FWD,Villarreal,27,1992,20.9,10,0,1,60,20,0,33.3,2.87,0.96,0.17,0.50,9.2,8.4,0.14,+0.8,+1.6,3,3.9,-0.9,35,508,700,72.6,9,41,22.0,374,476,78.6,125,183,68.3,521,115,6,7,1,6,54,27,7
326,Manu Morlanes,es ESP,MID,Villarreal,20,1999,1.0,0,0,0,0,0,0,0,0.00,0.00,0,0,0.0,0.0,0,0.0,0.0,0,0.1,-0.1,3,80,87,92.0,0,1,0.0,65,68,95.6,15,18,83.3,10,73,2,0,1,1,15,3,0
327,Loren Morón,es ESP,FWD,Betis,25,1993,16.1,8,0,0,35,11,0,31.4,2.17,0.68,0.23,0.73,6.6,6.6,0.19,+1.4,+1.4,2,2.1,-0.1,12,151,210,71.9,12,25,48.0,118,155,76.1,21,30,70.0,14,165,0,3,0,1,15,8,1
328,Toni Moya,es ESP,MID,Atlético Madrid,21,1998,0.0,0,0,0,0,0,0,0,0.00,0.00,0,0,0.0,0.0,0,0.0,0.0,0,0.0,0.0,0,0,0,0,0,0,0,0,0,0,0,0,0,0,0,0,0,0,0,0,0,0
329,Javi Moyano,es ESP,DEF,Valladolid,33,1986,16.8,0,0,0,4,0,0,0.0,0.24,0.00,0.00,0,0.3,0.3,0.06,-0.3,-0.3,0,0.8,-0.8,12,548,722,75.9,7,28,25.0,457,531,86.1,84,163,51.5,80,432,10,1,2,151,27,4,1
330,Iker Muniain,es ESP,FWD,Athletic Bilbao,26,1992,16.6,4,0,0,20,10,1,50.0,1.21,0.60,0.20,0.40,3.6,3.6,0.18,+0.4,+0.4,2,1.9,+0.1,28,564,685,82.3,21,36,58.3,446,506,88.1,97,143,67.8,38,606,15,6,21,6,52,16,1
331,Aihen Muñoz,es ESP,DEF,Real Sociedad,21,1997,6.0,0,0,0,0,0,0,0,0.00,0.00,0,0,0.0,0.0,0,0.0,0.0,0,0.0,0.0,0,297,368,80.7,3,11,27.3,260,280,92.9,34,77,44.2,258,36,8,0,0,65,9,6,5
332,Javier Muñoz,es ESP,MID,Alavés,24,1995,0.6,0,0,0,0,0,0,0,0.00,0.00,0,0,0.0,0.0,0,0.0,0.0,0,0.0,0.0,0,14,18,77.8,0,0,0,12,15,80.0,2,3,66.7,1,16,0,0,0,0,0,0,0
333,Jeison Murillo,co COL,DEF,Celta Vigo,27,1992,6.0,0,0,0,0,0,0,0,0.00,0.00,0,0,0.0,0.0,0,0.0,0.0,0,0.0,0.0,0,179,204,87.7,1,3,33.3,118,125,94.4,60,76,78.9,43,142,16,0,0,1,5,0,0
334,Nacho,es ESP,DEF,Real Madrid,29,1990,4.4,1,0,0,6,1,0,16.7,1.37,0.23,0.17,1.00,0.3,0.3,0.05,+0.7,+0.7,0,0.3,-0.3,3,227,265,85.7,6,12,50.0,194,210,92.4,27,43,62.8,49,167,3,0,0,33,11,3,3
335,Nacho,es ESP,DEF,Valladolid,30,1989,12.1,0,0,0,5,0,0,0.0,0.41,0.00,0.00,0,0.1,0.1,0.02,-0.1,-0.1,1,1.6,-0.6,14,465,637,73.0,4,24,16.7,366,420,87.1,95,193,49.2,422,60,21,1,0,127,49,16,4
336,Naldo,br BRA,DEF,Espanyol,30,1988,13.7,0,0,0,7,0,0,0.0,0.51,0.00,0.00,0,0.3,0.3,0.04,-0.3,-0.3,1,0.0,+1.0,2,536,635,84.4,9,14,64.3,328,366,89.6,199,255,78.0,111,474,21,0,0,4,31,3,0
337,Marc Navarro,es ESP,DEF,Leganés,24,1995,2.4,0,0,0,5,0,0,0.0,2.05,0.00,0.00,0,0.2,0.2,0.04,-0.2,-0.2,0,0.0,0.0,0,55,79,69.6,1,5,20.0,50,56,89.3,4,18,22.2,1,53,0,0,0,17,3,0,0
338,Ximo Navarro,es ESP,DEF,Alavés,29,1990,14.6,0,0,0,3,1,0,33.3,0.21,0.07,0.00,0.00,0.3,0.3,0.10,-0.3,-0.3,0,0.1,-0.1,2,467,596,78.4,13,24,54.2,364,419,86.9,90,153,58.8,45,388,19,0,0,87,35,2,0
339,Jesús Navas,es ESP,DEF,Sevilla,33,1985,25.0,0,0,0,8,2,0,25.0,0.32,0.08,0.00,0.00,0.1,0.1,0.02,-0.1,-0.1,4,4.3,-0.3,40,1388,1784,77.8,17,83,20.5,1112,1288,86.3,259,413,62.7,123,1339,23,2,2,253,90,38,7
340,Raúl Navas,es ESP,DEF,Osasuna,31,1988,4.4,0,0,0,0,0,0,0,0.00,0.00,0,0,0.0,0.0,0,0.0,0.0,0,0.1,-0.1,2,148,176,84.1,0,2,0.0,95,102,93.1,53,72,73.6,36,121,16,0,0,1,7,1,0
341,Neto,br BRA,GK,Barcelona,30,1989,1.0,0,0,0,0,0,0,0,0.00,0.00,0,0,0.0,0.0,0,0.0,0.0,0,0.0,0.0,0,33,39,84.6,0,1,0.0,22,22,100.0,11,16,68.8,2,33,3,0,0,0,0,0,0
342,Carlos Neva,es ESP,DEF,Granada,23,1996,15.1,0,0,0,3,1,0,33.3,0.20,0.07,0.00,0.00,0.1,0.1,0.03,-0.1,-0.1,0,0.2,-0.2,7,395,577,68.5,7,48,14.6,324,387,83.7,64,142,45.1,364,36,12,1,0,143,34,8,6
343,Saúl Ñíguez,es ESP,MID,Atlético Madrid,24,1994,24.0,2,0,0,32,6,1,18.8,1.33,0.25,0.06,0.33,2.2,2.2,0.07,-0.2,-0.2,0,0.9,-0.9,14,933,1200,77.8,21,56,37.5,749,911,82.2,163,233,70.0,796,182,17,1,0,63,86,17,3
344,Fernando Niño,es ESP,FWD,Villarreal,18,2000,0.2,1,0,0,1,1,0,100.0,6.43,6.43,1.00,1.00,0.3,0.3,0.26,+0.7,+0.7,0,0.0,0.0,0,3,5,60.0,0,0,0,3,4,75.0,0,1,0.0,0,3,0,0,0,0,1,0,0
345,Nolito,es ESP,FWD,Sevilla,32,1986,10.0,3,0,0,28,12,0,42.9,2.79,1.19,0.11,0.25,2.2,2.2,0.08,+0.8,+0.8,0,0.7,-0.7,13,263,345,76.2,3,14,21.4,202,249,81.1,58,82,70.7,20,304,0,2,8,5,22,21,4
346,Unai Núñez,es ESP,DEF,Athletic Bilbao,22,1997,10.5,0,0,0,3,2,0,66.7,0.29,0.19,0.00,0.00,0.1,0.1,0.05,-0.1,-0.1,0,0.0,0.0,1,335,386,86.8,0,3,0.0,165,179,92.2,170,204,83.3,48,304,8,0,0,2,17,0,0
347,Allan Nyom,cm CMR,DEF,Getafe,31,1988,19.0,2,0,0,8,3,0,37.5,0.42,0.16,0.25,0.67,0.5,0.5,0.06,+1.5,+1.5,0,0.7,-0.7,6,423,636,66.5,5,24,20.8,345,445,77.5,73,167,43.7,122,289,9,0,0,175,43,7,5
348,Jan Oblak,si SVN,GK,Atlético Madrid,26,1993,24.7,0,0,0,0,0,0,0,0.00,0.00,0,0,0.0,0.0,0,0.0,0.0,0,0.0,0.0,0,355,616,57.6,2,2,100.0,105,106,99.1,248,508,48.8,29,468,73,0,0,0,11,1,0
349,Lucas Ocampos,ar ARG,FWD,Sevilla,25,1994,19.4,8,1,1,48,20,0,41.7,2.47,1.03,0.15,0.35,5.4,4.6,0.10,+2.6,+2.4,2,1.9,+0.1,16,482,664,72.6,21,65,32.3,390,479,81.4,71,120,59.2,66,523,1,2,0,26,25,13,2
350,Álvaro Odriozola,es ESP,DEF,Real Madrid,23,1995,3.8,0,0,0,2,0,0,0.0,0.52,0.00,0.00,0,0.2,0.2,0.08,-0.2,-0.2,1,0.7,+0.3,5,153,176,86.9,3,8,37.5,121,135,89.6,29,33,87.9,6,123,5,0,0,39,2,3,0
351,Lucas Olaza,uy URU,DEF,Celta Vigo,25,1994,23.0,1,0,0,13,5,5,38.5,0.57,0.22,0.08,0.20,0.8,0.8,0.06,+0.2,+0.2,3,3.1,-0.1,25,1043,1388,75.1,12,56,21.4,831,931,89.3,200,401,49.9,1106,90,57,1,34,158,61,25,12
352,Kiko Olivas,es ESP,DEF,Valladolid,30,1988,25.0,1,0,0,4,3,0,75.0,0.16,0.12,0.25,0.33,0.7,0.7,0.18,+0.3,+0.3,0,0.2,-0.2,2,831,955,87.0,4,15,26.7,575,615,93.5,252,325,77.5,114,782,45,1,0,0,46,1,0
353,Paulo Oliveira,pt POR,DEF,Eibar,27,1992,15.7,1,0,0,9,3,0,33.3,0.57,0.19,0.11,0.33,0.9,0.9,0.10,+0.1,+0.1,0,0.0,0.0,0,366,517,70.8,1,7,14.3,173,215,80.5,192,295,65.1,37,390,14,0,0,0,45,3,0
354,Mathías Olivera,uy URU,DEF,Getafe,21,1997,9.4,0,0,0,3,0,0,0.0,0.32,0.00,0.00,0,0.4,0.4,0.13,-0.4,-0.4,1,0.2,+0.8,3,199,333,59.8,4,18,22.2,160,228,70.2,35,87,40.2,154,21,6,0,2,88,23,1,1
355,Kenneth Omeruo,ng NGA,DEF,Leganés,25,1993,16.5,1,0,0,3,1,0,33.3,0.18,0.06,0.33,1.00,0.6,0.6,0.19,+0.4,+0.4,0,0.1,-0.1,3,291,407,71.5,5,8,62.5,166,208,79.8,120,191,62.8,60,265,16,0,0,2,23,0,0
356,Javier Ontiveros,es ESP,FWD,Villarreal,21,1997,3.7,2,0,0,30,11,5,36.7,8.16,2.99,0.07,0.18,1.7,1.7,0.06,+0.3,+0.3,1,0.9,+0.1,3,171,222,77.0,4,17,23.5,146,164,89.0,21,41,51.2,33,171,2,0,7,4,12,5,1
357,Fabián Orellana,cl CHI,MID,Eibar,33,1986,20.1,6,3,3,32,13,1,40.6,1.59,0.65,0.09,0.23,5.3,3.0,0.10,+0.7,0.0,4,3.4,+0.6,32,561,771,72.8,9,41,22.0,439,537,81.8,113,193,58.5,86,633,15,1,65,15,36,14,2
358,Mikel Oyarzabal,es ESP,FWD,Real Sociedad,22,1997,21.9,7,3,3,42,15,0,35.7,1.92,0.68,0.10,0.27,6.6,4.4,0.10,+0.4,-0.4,5,4.5,+0.5,33,526,737,71.4,16,59,27.1,422,530,79.6,88,148,59.5,556,106,18,3,5,14,38,29,9
359,Fernando Pacheco,es ESP,GK,Alavés,27,1992,22.0,0,0,0,0,0,0,0,0.00,0.00,0,0,0.0,0.0,0,0.0,0.0,0,0.0,0.0,1,408,669,61.0,1,1,100.0,92,97,94.8,315,571,55.2,405,117,74,0,0,0,6,1,0
360,Daniel Parejo,es ESP,MID,Valencia,30,1989,22.6,6,5,5,19,6,12,31.6,0.84,0.27,0.05,0.17,5.0,1.2,0.06,+1.0,-0.2,3,2.7,+0.3,41,1313,1597,82.2,17,37,45.9,856,961,89.1,440,599,73.5,146,1391,125,1,101,3,161,18,1
361,Thomas Partey,gh GHA,MID,Atlético Madrid,26,1993,19.4,2,0,0,19,3,0,15.8,0.98,0.15,0.11,0.67,0.9,0.9,0.05,+1.1,+1.1,0,0.9,-0.9,14,981,1190,82.4,30,46,65.2,732,818,89.5,219,326,67.2,84,1029,41,6,15,4,130,15,0
362,Gabriel Paulista,br BRA,DEF,Valencia,28,1990,21.2,1,0,0,6,2,0,33.3,0.28,0.09,0.17,0.50,0.6,0.6,0.10,+0.4,+0.4,0,0.0,0.0,0,1016,1121,90.6,8,13,61.5,679,713,95.2,329,395,83.3,130,915,50,0,0,2,56,2,0
363,Alfonso Pedraza,es ESP,DEF,Betis,23,1996,8.7,0,0,0,8,2,0,25.0,0.92,0.23,0.00,0.00,0.4,0.4,0.05,-0.4,-0.4,0,0.6,-0.6,7,324,423,76.6,5,27,18.5,262,301,87.0,57,95,60.0,306,20,5,0,0,81,17,6,4
364,Marc Pedraza,es ESP,MID,Mallorca,32,1987,0.8,0,0,0,0,0,0,0,0.00,0.00,0,0,0.0,0.0,0,0.0,0.0,0,0.0,0.0,0,11,16,68.8,1,2,50.0,8,12,66.7,2,2,100.0,0,9,0,0,0,0,0,0,0
365,Pedrosa,es ESP,DEF,Espanyol,21,1998,9.4,1,0,0,12,5,0,41.7,1.28,0.53,0.08,0.20,1.5,1.5,0.13,-0.5,-0.5,0,0.4,-0.4,5,275,352,78.1,4,12,33.3,227,254,89.4,44,86,51.2,225,38,3,1,0,73,9,9,4
366,Rubén Peña,es ESP,DEF,Villarreal,28,1991,13.8,1,0,0,4,2,0,50.0,0.29,0.15,0.25,0.50,0.6,0.6,0.15,+0.4,+0.4,1,1.1,-0.1,12,687,875,78.5,10,42,23.8,539,610,88.4,138,223,61.9,115,580,10,1,0,140,49,11,4
367,Luis Perea,es ESP,FWD,Osasuna,21,1997,0.2,0,0,0,0,0,0,0,0.00,0.00,0,0,0.0,0.0,0,0.0,0.0,0,0.0,0.0,0,7,7,100.0,2,2,100.0,5,5,100.0,0,0,0,2,5,0,0,0,0,0,0,0
368,Victor Perea,es ESP,DEF,Espanyol,19,2000,9.8,0,0,0,4,1,0,25.0,0.41,0.10,0.00,0.00,0.1,0.1,0.02,-0.1,-0.1,0,0.4,-0.4,9,340,490,69.4,6,36,16.7,273,336,81.3,61,118,51.7,59,295,4,1,2,112,16,10,4
369,Gonzalo Pereira Cejudo,es ESP,DEF,Levante,22,1997,0.1,0,0,0,0,0,0,0,0.00,0.00,0,0,0.0,0.0,0,0.0,0.0,0,0.0,0.0,0,5,5,100.0,0,0,0,3,3,100.0,2,2,100.0,0,5,0,0,0,0,0,0,0
370,Carles Pérez,es ESP,FWD,Barcelona,21,1998,5.3,1,0,0,14,6,0,42.9,2.66,1.14,0.07,0.17,1.0,1.0,0.07,0.0,0.0,2,0.3,+1.7,7,232,287,80.8,6,13,46.2,209,242,86.4,17,32,53.1,250,28,3,0,7,2,6,6,0
371,Iñigo Pérez,es ESP,MID,Osasuna,31,1988,5.4,1,0,0,11,3,2,27.3,2.03,0.55,0.09,0.33,0.8,0.8,0.07,+0.2,+0.2,0,0.3,-0.3,3,235,315,74.6,7,13,53.8,194,224,86.6,34,78,43.6,246,25,19,0,2,20,29,3,0
372,Juan Pérez,es ESP,GK,Osasuna,23,1996,2.0,0,0,0,0,0,0,0,0.00,0.00,0,0,0.0,0.0,0,0.0,0.0,0,0.0,0.0,0,36,66,54.5,0,0,0,11,11,100.0,25,55,45.5,7,44,13,0,0,0,3,0,0
373,Lucas Pérez,es ESP,FWD,Alavés,30,1988,19.6,10,5,5,29,11,1,37.9,1.48,0.56,0.17,0.45,8.5,4.7,0.17,+1.5,+0.3,5,4.1,+0.9,39,323,495,65.3,9,23,39.1,245,325,75.4,69,147,46.9,409,61,28,5,38,6,23,18,2
374,Rubén Pérez,es ESP,MID,Leganés,30,1989,15.4,0,0,0,12,2,0,16.7,0.78,0.13,0.00,0.00,0.2,0.2,0.02,-0.2,-0.2,0,0.1,-0.1,5,526,687,76.6,10,29,34.5,389,464,83.8,127,194,65.5,28,597,16,0,0,2,58,8,0
375,Pablo Piatti,ar ARG,DEF,Espanyol,30,1989,0.6,0,0,0,3,0,0,0.0,5.09,0.00,0.00,0,0.1,0.1,0.03,-0.1,-0.1,0,0.0,0.0,0,21,29,72.4,0,0,0,19,19,100.0,2,10,20.0,25,2,2,0,3,1,3,0,0
376,Cristiano Piccini,it ITA,DEF,Valencia,26,1992,0.8,0,0,0,1,0,0,0.0,1.20,0.00,0.00,0,0.1,0.1,0.07,-0.1,-0.1,0,0.0,0.0,0,41,51,80.4,1,1,100.0,33,33,100.0,7,17,41.2,8,37,0,0,0,5,2,2,1
377,Tomás Pina Isla,es ESP,MID,Alavés,31,1987,10.0,1,0,0,1,1,0,100.0,0.10,0.10,1.00,1.00,0.8,0.8,0.79,+0.2,+0.2,0,0.4,-0.4,2,274,333,82.3,9,15,60.0,220,254,86.6,45,64,70.3,139,154,5,0,0,5,26,1,0
378,Pipa,es ESP,DEF,Espanyol,21,1998,1.3,0,0,0,1,1,0,100.0,0.78,0.78,0.00,0.00,0.4,0.4,0.37,-0.4,-0.4,0,0.0,0.0,1,34,50,68.0,0,2,0.0,27,33,81.8,7,15,46.7,5,31,2,0,0,12,0,0,0
379,Gerard Piqué,es ESP,DEF,Barcelona,32,1987,22.7,1,0,0,8,3,1,37.5,0.35,0.13,0.13,0.33,1.3,1.3,0.16,-0.3,-0.3,0,0.5,-0.5,4,1572,1699,92.5,11,20,55.0,1052,1101,95.5,509,578,88.1,80,1511,70,2,0,6,124,2,0
380,Óscar Plano,es ESP,MID,Valladolid,28,1991,20.7,3,0,0,34,12,0,35.3,1.64,0.58,0.09,0.25,3.9,3.9,0.12,-0.9,-0.9,2,2.4,-0.4,18,414,571,72.5,9,31,29.0,336,426,78.9,69,114,60.5,424,78,4,5,6,3,42,13,5
381,Pere Pons,es ESP,MID,Alavés,26,1993,7.7,1,0,0,4,1,0,25.0,0.52,0.13,0.25,1.00,0.2,0.2,0.05,+0.8,+0.8,1,0.9,+0.1,5,207,279,74.2,6,17,35.3,167,209,79.9,34,53,64.2,45,194,2,2,0,1,6,3,1
382,Pedro Porro,es ESP,DEF,Valladolid,19,1999,7.0,0,0,0,0,0,0,0,0.00,0.00,0,0,0.0,0.0,0,0.0,0.0,0,0.2,-0.2,4,200,306,65.4,5,28,17.9,157,192,81.8,38,86,44.2,11,205,5,1,0,72,12,7,3
383,Francisco Portillo,es ESP,MID,Getafe,29,1990,3.7,0,0,0,3,1,0,33.3,0.81,0.27,0.00,0.00,0.3,0.3,0.10,-0.3,-0.3,1,0.7,+0.3,6,106,149,71.1,5,13,38.5,86,108,79.6,15,28,53.6,9,133,1,1,1,2,15,7,0
384,Portu,es ESP,FWD,Real Sociedad,27,1992,18.5,7,0,1,28,12,0,42.9,1.51,0.65,0.25,0.58,4.9,4.2,0.15,+2.1,+2.8,6,4.4,+1.6,26,311,463,67.2,11,31,35.5,260,344,75.6,40,88,45.5,19,401,15,0,28,3,20,15,4
385,Sergio Postigo,es ESP,DEF,Levante,30,1988,18.5,1,0,0,4,2,0,50.0,0.22,0.11,0.25,0.50,0.6,0.6,0.16,+0.4,+0.4,0,0.2,-0.2,5,575,693,83.0,5,14,35.7,377,409,92.2,193,270,71.5,85,574,35,3,0,3,41,5,0
386,Darío Poveda,es ESP,FWD,Atlético Madrid,22,1997,0.1,0,0,0,1,0,0,0.0,12.86,0.00,0.00,0,0.1,0.1,0.15,-0.1,-0.1,0,0.0,0.0,0,3,4,75.0,0,0,0,3,4,75.0,0,0,0,0,3,0,0,0,0,0,0,0
387,Alejandro Pozo Pozo,es ESP,DEF,Mallorca,20,1999,3.7,0,0,0,1,0,0,0.0,0.27,0.00,0.00,0,0.0,0.0,0.01,0.0,0.0,0,0.2,-0.2,3,120,168,71.4,4,8,50.0,103,126,81.7,13,34,38.2,24,112,3,0,0,27,1,2,1
388,Alejandro Pozo Pozo,es ESP,FWD,Sevilla,20,1999,0.4,0,0,0,0,0,0,0,0.00,0.00,0,0,0.0,0.0,0,0.0,0.0,0,0.0,0.0,0,10,14,71.4,0,1,0.0,9,12,75.0,1,1,100.0,3,11,0,0,0,0,3,0,0
389,Abdón Prats,es ESP,FWD,Mallorca,26,1992,1.7,0,0,1,6,4,0,66.7,3.62,2.42,0.00,0.00,1.3,0.5,0.09,-1.3,-0.5,0,0.0,0.0,0,21,34,61.8,1,3,33.3,18,26,69.2,2,5,40.0,14,2,0,0,0,0,3,0,0
390,Andrés Prieto,es ESP,GK,Espanyol,25,1993,0.0,0,0,0,0,0,0,0,0,0,0,0,0.0,0.0,0,0.0,0.0,0,0.0,0.0,0,0,0,0,0,0,0,0,0,0,0,0,0,0,0,0,0,0,0,0,0,0
391,Antonio Puertas,es ESP,FWD,Granada,27,1992,19.4,5,0,0,33,10,0,30.3,1.70,0.51,0.15,0.50,5.8,5.8,0.18,-0.8,-0.8,0,0.5,-0.5,6,361,513,70.4,12,38,31.6,311,393,79.1,38,82,46.3,107,325,5,0,1,10,13,5,2
392,Riqui Puig,es ESP,MID,Barcelona,19,1999,0.2,0,0,0,0,0,0,0,0.00,0.00,0,0,0.0,0.0,0,0.0,0.0,0,0.2,-0.2,1,40,43,93.0,2,3,66.7,28,28,100.0,10,12,83.3,2,40,0,0,1,0,3,2,0
393,Quini,es ESP,DEF,Granada,29,1989,8.0,0,0,0,10,0,0,0.0,1.25,0.00,0.00,0,0.2,0.2,0.02,-0.2,-0.2,0,0.2,-0.2,6,230,298,77.2,7,21,33.3,185,210,88.1,38,67,56.7,63,153,2,0,0,63,18,3,2
394,Xavi Quintillà,es ESP,DEF,Villarreal,22,1996,15.3,0,0,0,3,1,2,33.3,0.20,0.07,0.00,0.00,0.2,0.2,0.08,-0.2,-0.2,2,1.4,+0.6,19,741,913,81.2,21,39,53.8,605,668,90.6,115,206,55.8,683,41,10,0,3,144,36,17,9
395,Quique,es ESP,FWD,Eibar,29,1990,4.1,0,0,0,6,1,0,16.7,1.48,0.25,0.00,0.00,0.4,0.4,0.07,-0.4,-0.4,1,0.2,+0.8,4,66,89,74.2,3,6,50.0,54,69,78.3,9,14,64.3,49,14,0,1,0,0,3,3,1
396,Nemanja Radoja,rs SRB,MID,Levante,26,1993,15.2,1,0,0,3,2,0,66.7,0.20,0.13,0.33,0.50,0.2,0.2,0.05,+0.8,+0.8,0,0.7,-0.7,5,552,627,88.0,4,15,26.7,424,466,91.0,124,146,84.9,118,448,10,0,0,1,33,4,0
397,Rafinha,br BRA,MID,Celta Vigo,26,1993,14.5,2,0,0,20,6,0,30.0,1.38,0.41,0.10,0.33,1.3,1.3,0.07,+0.7,+0.7,1,1.1,-0.1,14,711,822,86.5,24,45,53.3,554,609,91.0,133,168,79.2,658,116,22,3,4,5,61,19,1
398,Rafinha,br BRA,FWD,Barcelona,26,1993,2.1,0,0,0,6,1,0,16.7,2.89,0.48,0.00,0.00,0.5,0.5,0.08,-0.5,-0.5,0,0.4,-0.4,6,142,164,86.6,2,5,40.0,117,127,92.1,23,32,71.9,135,23,2,0,6,2,7,5,2
399,Baba Rahman,gh GHA,DEF,Mallorca,25,1994,1.2,0,0,0,1,0,0,0.0,0.83,0.00,0.00,0,0.0,0.0,0.05,0.0,0.0,0,0.0,0.0,0,42,60,70.0,0,1,0.0,32,40,80.0,10,19,52.6,27,9,0,0,0,18,2,1,0
400,Antonio Raillo,es ESP,DEF,Mallorca,27,1991,20.2,1,0,0,13,2,0,15.4,0.64,0.10,0.08,0.50,1.8,1.8,0.14,-0.8,-0.8,0,0.1,-0.1,2,620,741,83.7,7,12,58.3,390,433,90.1,223,296,75.3,190,468,33,0,0,3,29,1,0
401,Ivan Rakitić,hr CRO,MID,Barcelona,31,1988,9.8,0,0,0,16,4,0,25.0,1.64,0.41,0.00,0.00,1.4,1.4,0.08,-1.4,-1.4,3,0.7,+2.3,7,733,822,89.2,26,36,72.2,581,638,91.1,126,148,85.1,84,696,20,6,11,9,64,11,0
402,Sandro Ramírez,es ESP,FWD,Valladolid,24,1995,10.1,2,0,1,30,11,3,36.7,2.98,1.09,0.07,0.18,3.8,3.0,0.10,-1.8,-1.0,1,1.3,-0.3,8,181,247,73.3,8,15,53.3,139,176,79.0,34,56,60.7,26,198,0,0,8,1,11,4,1
403,Iván Ramis,es ESP,DEF,Eibar,34,1984,5.1,1,0,0,4,2,0,50.0,0.79,0.39,0.25,0.50,0.2,0.2,0.06,+0.8,+0.8,0,0.0,0.0,0,166,198,83.8,1,1,100.0,86,94,91.5,79,103,76.7,29,145,13,0,0,0,8,0,0
404,Adrián Ramos,co COL,FWD,Granada,33,1986,2.5,0,0,0,6,2,0,33.3,2.43,0.81,0.00,0.00,0.5,0.5,0.08,-0.5,-0.5,0,0.1,-0.1,1,49,75,65.3,3,7,42.9,41,59,69.5,5,9,55.6,15,34,0,0,0,0,10,2,0
405,Sergio Ramos,es ESP,DEF,Real Madrid,33,1986,22.7,5,3,3,24,8,2,33.3,1.06,0.35,0.08,0.25,5.5,3.2,0.13,-0.5,-1.2,0,0.1,-0.1,2,1316,1443,91.2,17,31,54.8,839,897,93.5,460,515,89.3,196,1144,45,3,0,4,137,6,1
406,Raúl,es ESP,FWD,Betis,18,2000,0.2,0,0,0,0,0,0,0,0.00,0.00,0,0,0.0,0.0,0,0.0,0.0,0,0.0,0.0,0,4,7,57.1,0,0,0,4,7,57.1,0,0,0,0,5,0,0,0,0,0,0,0
407,Recio,es ESP,MID,Leganés,28,1991,14.4,0,0,0,19,6,0,31.6,1.32,0.42,0.00,0.00,1.1,1.1,0.06,-1.1,-1.1,0,0.3,-0.3,10,611,703,86.9,17,32,53.1,480,517,92.8,114,154,74.0,21,654,26,0,3,1,56,3,1
408,Sergio Reguilón,es ESP,DEF,Sevilla,22,1996,19.8,1,0,0,21,4,0,19.0,1.06,0.20,0.05,0.25,1.3,1.3,0.06,-0.3,-0.3,4,3.6,+0.4,33,994,1279,77.7,14,49,28.6,819,950,86.2,161,280,57.5,952,112,16,1,1,171,64,30,18
409,Manolo Reina,es ESP,GK,Mallorca,34,1985,24.0,0,0,0,0,0,0,0,0.00,0.00,0,0,0.0,0.0,0,0.0,0.0,0,0.0,0.0,0,505,797,63.4,3,4,75.0,242,242,100.0,260,551,47.2,58,552,75,0,0,1,10,0,0
410,Álex Remiro,es ESP,GK,Real Sociedad,24,1995,17.0,0,0,0,1,0,0,0.0,0.06,0.00,0.00,0,0.1,0.1,0.14,-0.1,-0.1,0,0.0,0.0,0,480,633,75.8,1,1,100.0,247,247,100.0,232,385,60.3,91,464,64,0,0,0,2,0,0
411,Luis Rioja,es ESP,MID,Alavés,25,1993,12.5,0,0,0,6,1,0,16.7,0.48,0.08,0.00,0.00,0.2,0.2,0.04,-0.2,-0.2,0,1.9,-1.9,14,196,290,67.6,4,23,17.4,173,208,83.2,19,59,32.2,235,23,7,0,4,7,10,9,4
412,Rodrigo Riquelme,es ESP,MID,Atlético Madrid,19,2000,0.1,0,0,0,1,0,0,0.0,7.50,0.00,0.00,0,0.1,0.1,0.11,-0.1,-0.1,0,0.0,0.0,0,1,3,33.3,0,0,0,1,2,50.0,0,1,0.0,0,3,0,0,0,0,1,0,0
413,Cristian Rivera,es ESP,MID,Leganés,22,1997,3.4,0,0,0,1,0,0,0.0,0.29,0.00,0.00,0,0.0,0.0,0.04,0.0,0.0,0,0.1,-0.1,1,114,132,86.4,0,1,0.0,85,96,88.5,29,35,82.9,16,105,3,0,0,0,13,1,1
414,Sergi Roberto,es ESP,DEF,Barcelona,27,1992,19.3,1,0,0,6,2,0,33.3,0.31,0.10,0.17,0.50,0.5,0.5,0.08,+0.5,+0.5,2,1.6,+0.4,19,1379,1508,91.4,34,61,55.7,1188,1259,94.4,157,188,83.5,187,1177,12,9,2,85,81,23,2
415,Joel Robles,es ESP,GK,Betis,29,1990,23.1,0,0,0,0,0,0,0,0.00,0.00,0,0,0.0,0.0,0,0.0,0.0,0,0.0,0.0,0,629,844,74.5,4,4,100.0,346,350,98.9,279,490,56.9,86,635,78,0,0,1,11,0,0
416,Marc Roca,es ESP,MID,Espanyol,22,1996,23.0,2,2,2,21,2,0,9.5,0.91,0.09,0.00,0.00,2.1,0.5,0.03,-0.1,-0.5,1,1.3,-0.3,18,963,1201,80.2,17,41,41.5,662,758,87.3,284,402,70.6,887,219,35,5,6,0,159,15,2
417,Rubén Rochina,es ESP,MID,Levante,28,1991,14.0,4,0,0,45,10,3,22.2,3.21,0.71,0.09,0.40,2.0,2.0,0.04,+2.0,+2.0,0,1.5,-1.5,16,460,650,70.8,4,18,22.2,328,388,84.5,128,244,52.5,524,84,23,8,24,11,66,12,5
418,Rodrigo,es ESP,FWD,Valencia,28,1991,15.2,2,0,0,28,10,0,35.7,1.84,0.66,0.07,0.20,4.1,4.1,0.15,-2.1,-2.1,7,4.3,+2.7,22,365,471,77.5,10,21,47.6,283,342,82.7,72,108,66.7,370,47,1,4,0,3,42,17,4
419,Kévin Rodrigues,pt POR,DEF,Real Sociedad,25,1994,0.1,0,0,0,0,0,0,0,0.00,0.00,0,0,0.0,0.0,0,0.0,0.0,0,0.0,0.0,0,4,7,57.1,0,2,0.0,4,5,80.0,0,0,0,5,1,0,0,0,0,0,0,0
420,Kévin Rodrigues,pt POR,DEF,Leganés,25,1994,13.1,1,0,0,11,6,1,54.5,0.84,0.46,0.09,0.17,0.7,0.7,0.06,+0.3,+0.3,2,2.3,-0.3,20,289,439,65.8,6,29,20.7,224,274,81.8,59,136,43.4,297,62,18,1,20,37,14,12,6
421,Óscar Rodríguez Arnaiz,es ESP,MID,Leganés,21,1998,16.6,5,0,0,39,17,11,43.6,2.35,1.02,0.13,0.29,2.2,2.2,0.06,+2.8,+2.8,1,2.2,-1.2,20,396,589,67.2,17,44,38.6,302,383,78.9,77,162,47.5,76,475,20,3,30,1,31,16,6
422,Ángel Rodríguez,es ESP,FWD,Getafe,32,1987,11.1,10,1,1,36,16,0,44.4,3.26,1.45,0.25,0.56,4.9,4.1,0.11,+5.1,+4.9,2,1.3,+0.7,10,139,229,60.7,6,14,42.9,114,172,66.3,19,43,44.2,30,168,1,0,0,2,12,7,2
423,Dani Rodríguez,es ESP,MID,Mallorca,31,1988,22.5,4,1,1,35,8,0,22.9,1.56,0.36,0.09,0.38,4.0,3.2,0.09,0.0,-0.2,1,1.2,-0.2,19,562,689,81.6,24,48,50.0,434,493,88.0,104,148,70.3,121,520,22,1,5,3,61,14,1
424,Guido Rodríguez,ar ARG,MID,Betis,25,1994,1.8,0,0,0,0,0,0,0,0.00,0.00,0,0,0.0,0.0,0,0.0,0.0,0,0.0,0.0,0,57,66,86.4,0,2,0.0,45,50,90.0,12,14,85.7,6,53,2,0,0,0,2,0,0
425,James Rodríguez,co COL,MID,Real Madrid,28,1991,3.8,1,0,0,9,1,1,11.1,2.38,0.26,0.11,1.00,0.9,0.9,0.10,+0.1,+0.1,1,1.8,-0.8,13,207,263,78.7,9,16,56.3,148,167,88.6,50,80,62.5,243,10,11,4,13,4,28,10,0
426,Rodrygo,br BRA,FWD,Real Madrid,18,2001,7.4,2,0,0,11,5,0,45.5,1.49,0.68,0.18,0.40,1.8,1.8,0.16,+0.2,+0.2,0,0.9,-0.9,11,290,342,84.8,6,14,42.9,265,295,89.8,19,33,57.6,22,307,1,1,1,4,10,10,4
427,Facundo Roncaglia,ar ARG,DEF,Osasuna,32,1987,9.3,1,0,0,2,1,0,50.0,0.21,0.11,0.50,1.00,0.0,0.0,0.01,+1.0,+1.0,0,0.1,-0.1,2,336,416,80.8,3,8,37.5,214,239,89.5,119,169,70.4,51,275,14,1,0,34,21,3,0
428,Roberto Rosales,ve VEN,DEF,Leganés,30,1988,12.5,0,0,0,2,0,1,0.0,0.16,0.00,0.00,0,0.1,0.1,0.03,-0.1,-0.1,1,1.6,-0.6,13,366,552,66.3,7,31,22.6,283,340,83.2,76,181,42.0,83,289,5,0,6,139,25,3,1
429,Rubén,es ESP,GK,Osasuna,35,1984,12.2,0,0,0,0,0,0,0,0.00,0.00,0,0,0.0,0.0,0,0.0,0.0,0,0.0,0.0,0,199,365,54.5,0,0,0,48,48,100.0,151,317,47.6,14,264,36,0,0,0,7,0,0
430,Waldo Rubio,es ESP,MID,Valladolid,23,1995,4.9,0,0,0,9,2,0,22.2,1.83,0.41,0.00,0.00,0.3,0.3,0.03,-0.3,-0.3,1,0.4,+0.6,7,91,151,60.3,1,17,5.9,78,99,78.8,12,35,34.3,21,116,2,0,0,2,10,2,2
431,Aitor Ruibal,es ESP,DEF,Leganés,23,1996,4.4,0,0,0,4,0,0,0.0,0.90,0.00,0.00,0,0.3,0.3,0.08,-0.3,-0.3,0,0.4,-0.4,4,116,150,77.3,6,10,60.0,99,112,88.4,11,28,39.3,15,120,2,0,1,7,9,2,1
432,Jorge Sáenz,es ESP,DEF,Celta Vigo,22,1996,1.4,0,0,0,0,0,0,0,0.00,0.00,0,0,0.0,0.0,0,0.0,0.0,0,0.0,0.0,0,75,85,88.2,0,0,0,42,44,95.5,33,41,80.5,16,61,3,2,0,0,1,0,0
433,Borja Sainz,es ESP,MID,Alavés,18,2001,3.5,0,0,0,6,4,0,66.7,1.72,1.15,0.00,0.00,0.9,0.9,0.15,-0.9,-0.9,0,0.3,-0.3,3,52,71,73.2,4,8,50.0,42,49,85.7,6,14,42.9,7,57,0,0,0,1,3,2,0
434,Yannis Salibur,fr FRA,FWD,Mallorca,28,1991,0.6,0,0,0,0,0,0,0,0.00,0.00,0,0,0.0,0.0,0,0.0,0.0,0,0.0,0.0,0,21,26,80.8,1,1,100.0,20,24,83.3,0,1,0.0,16,8,0,0,0,0,2,2,0
435,Mohammed Salisu,gh GHA,DEF,Valladolid,20,1999,24.3,1,0,0,5,1,0,20.0,0.21,0.04,0.20,1.00,1.0,1.0,0.20,0.0,0.0,1,0.1,+0.9,2,723,863,83.8,4,12,33.3,497,544,91.4,222,307,72.3,694,86,22,1,0,3,34,1,1
436,Fede San Emeterio,es ESP,MID,Valladolid,22,1997,10.9,0,0,0,1,0,0,0.0,0.09,0.00,0.00,0,0.0,0.0,0.03,0.0,0.0,0,0.1,-0.1,4,348,412,84.5,6,11,54.5,256,288,88.9,86,113,76.1,32,330,7,0,0,0,25,1,0
437,Mikel San José,es ESP,MID,Athletic Bilbao,30,1989,3.9,0,0,0,6,1,0,16.7,1.53,0.25,0.00,0.00,0.6,0.6,0.10,-0.6,-0.6,0,0.0,0.0,1,93,125,74.4,3,7,42.9,74,89,83.1,16,29,55.2,20,86,1,0,0,0,4,2,0
438,Oihan Sancet,es ESP,MID,Athletic Bilbao,19,2000,3.4,0,0,0,5,2,0,40.0,1.46,0.58,0.00,0.00,0.3,0.3,0.06,-0.3,-0.3,1,0.4,+0.6,4,76,93,81.7,3,7,42.9,58,67,86.6,15,19,78.9,5,78,0,1,1,0,6,0,0
439,Germán Sánchez,es ESP,DEF,Granada,32,1986,16.7,2,0,0,8,3,0,37.5,0.48,0.18,0.25,0.67,1.2,1.2,0.15,+0.8,+0.8,0,0.0,0.0,0,474,572,82.9,3,4,75.0,284,324,87.7,187,244,76.6,102,405,24,0,0,4,11,1,0
440,Manuel Sánchez,es ESP,DEF,Atlético Madrid,18,2000,0.7,0,0,0,0,0,0,0,0.00,0.00,0,0,0.0,0.0,0,0.0,0.0,0,0.1,-0.1,2,16,21,76.2,1,1,100.0,13,17,76.5,2,3,66.7,13,2,0,0,0,4,0,2,1
441,Víctor Sánchez,es ESP,MID,Espanyol,31,1987,15.6,0,0,0,6,0,1,0.0,0.38,0.00,0.00,0,0.2,0.2,0.03,-0.2,-0.2,1,1.0,0.0,22,648,835,77.6,13,26,50.0,484,568,85.2,151,241,62.7,144,607,42,0,22,15,56,7,2
442,Luca Sangalli,es ESP,MID,Real Sociedad,24,1995,3.4,0,0,0,7,5,0,71.4,2.05,1.46,0.00,0.00,0.5,0.5,0.07,-0.5,-0.5,1,0.5,+0.5,6,121,163,74.2,3,9,33.3,101,125,80.8,17,29,58.6,23,131,3,1,2,1,13,5,2
443,Oier Sanjurjo,es ESP,MID,Osasuna,33,1986,16.5,2,0,0,10,4,0,40.0,0.61,0.24,0.20,0.50,1.3,1.3,0.13,+0.7,+0.7,0,0.8,-0.8,10,454,610,74.4,6,27,22.2,351,424,82.8,97,159,61.0,75,447,9,1,0,2,53,4,1
444,Ivan Šaponjić,rs SRB,DEF,Atlético Madrid,21,1997,0.0,0,0,0,1,0,0,0.0,45.00,0.00,0.00,0,0.2,0.2,0.19,-0.2,-0.2,0,0.0,0.0,0,0,2,0.0,0,0,0,0,0,0,0,2,0.0,0,1,0,0,1,0,0,0,0
445,Joan Sastre Vanrell,es ESP,DEF,Mallorca,22,1997,14.2,0,0,0,14,1,1,7.1,0.98,0.07,0.00,0.00,0.4,0.4,0.03,-0.4,-0.4,2,1.4,+0.6,14,425,624,68.1,6,27,22.2,297,382,77.7,122,215,56.7,60,405,11,0,0,129,29,13,4
446,Stefan Savić,me MNE,DEF,Atlético Madrid,28,1991,12.0,0,0,0,1,1,0,100.0,0.08,0.08,0.00,0.00,0.0,0.0,0.05,0.0,0.0,0,0.1,-0.1,2,418,496,84.3,5,6,83.3,283,306,92.5,130,184,70.7,31,409,23,1,0,0,28,3,0
447,Aleksandar Sedlar,rs SRB,DEF,Mallorca,27,1991,1.8,0,0,0,0,0,0,0,0.00,0.00,0,0,0.0,0.0,0,0.0,0.0,0,0.0,0.0,0,57,64,89.1,0,1,0.0,38,41,92.7,19,22,86.4,4,49,2,0,0,3,3,0,0
448,Nélson Semedo,pt POR,DEF,Barcelona,25,1993,13.4,0,0,0,4,0,0,0.0,0.30,0.00,0.00,0,0.3,0.3,0.07,-0.3,-0.3,2,1.0,+1.0,5,832,932,89.3,8,31,25.8,723,783,92.3,101,118,85.6,149,679,10,0,1,93,61,16,1
449,Josep Señé,es ESP,MID,Mallorca,27,1991,1.5,0,0,0,0,0,0,0,0.00,0.00,0,0,0.0,0.0,0,0.0,0.0,0,0.0,0.0,1,72,76,94.7,0,0,0,51,52,98.1,21,24,87.5,2,73,4,0,0,0,3,1,1
450,Salva Sevilla,es ESP,MID,Mallorca,35,1984,20.0,3,2,3,19,7,8,36.8,0.95,0.35,0.05,0.14,3.0,0.7,0.04,0.0,+0.3,3,3.1,-0.1,45,1022,1239,82.5,33,48,68.8,790,863,91.5,199,328,60.7,128,1061,121,2,86,6,110,10,0
451,Sidnei,br BRA,DEF,Betis,29,1989,6.6,0,0,0,2,1,0,50.0,0.30,0.15,0.00,0.00,0.1,0.1,0.06,-0.1,-0.1,0,0.0,0.0,0,355,387,91.7,7,9,77.8,229,242,94.6,119,136,87.5,84,279,14,0,0,3,7,1,0
452,Jonathan Silva,ar ARG,DEF,Leganés,25,1994,22.6,0,0,0,15,2,3,13.3,0.66,0.09,0.00,0.00,1.0,1.0,0.07,-1.0,-1.0,0,1.5,-1.5,21,689,998,69.0,15,52,28.8,523,611,85.6,151,335,45.1,708,53,44,3,9,173,57,31,22
453,Rui Silva,pt POR,GK,Granada,25,1994,24.0,0,0,0,0,0,0,0,0.00,0.00,0,0,0.0,0.0,0,0.0,0.0,0,0.0,0.0,1,478,873,54.8,0,0,0,175,177,98.9,303,696,43.5,549,179,95,1,0,0,22,0,0
454,Unai Simón,es ESP,GK,Athletic Bilbao,22,1997,22.0,0,0,0,0,0,0,0,0.00,0.00,0,0,0.0,0.0,0,0.0,0.0,0,0.0,0.0,0,425,709,59.9,0,2,0.0,122,123,99.2,303,584,51.9,26,554,75,0,0,0,10,0,0
455,Dimitris Siovas,gr GRE,DEF,Leganés,30,1988,13.6,0,0,0,8,2,0,25.0,0.59,0.15,0.00,0.00,0.8,0.8,0.10,-0.8,-0.8,0,0.1,-0.1,1,407,538,75.7,7,20,35.0,252,292,86.3,148,226,65.5,387,46,25,1,0,44,32,0,0
456,Pione Sisto,dk DEN,FWD,Celta Vigo,24,1995,7.7,2,0,0,26,12,1,46.2,3.36,1.55,0.08,0.17,1.7,1.7,0.06,+0.3,+0.3,0,0.4,-0.4,8,279,367,76.0,10,27,37.0,226,260,86.9,43,80,53.8,35,317,8,0,10,4,19,8,1
457,Antonio Sivera,es ESP,GK,Alavés,22,1996,3.0,0,0,0,0,0,0,0,0.00,0.00,0,0,0.0,0.0,0,0.0,0.0,0,0.0,0.0,0,43,83,51.8,0,0,0,16,16,100.0,27,67,40.3,6,64,14,0,0,0,1,0,0
458,Fyodor Smolov,ru RUS,FWD,Celta Vigo,29,1990,2.6,1,0,0,4,2,0,50.0,1.53,0.77,0.25,0.50,0.7,0.7,0.19,+0.3,+0.3,0,0.0,0.0,0,36,54,66.7,0,3,0.0,36,49,73.5,0,2,0.0,5,37,1,0,0,1,1,1,0
459,Rubén Sobrino,es ESP,FWD,Valencia,27,1992,1.4,1,0,0,5,3,0,60.0,3.57,2.14,0.20,0.33,0.3,0.3,0.07,+0.7,+0.7,0,0.2,-0.2,3,26,35,74.3,1,4,25.0,19,23,82.6,6,8,75.0,4,26,0,1,0,0,2,1,0
460,Roberto Soldado,es ESP,FWD,Granada,34,1985,17.6,2,1,1,16,5,2,31.3,0.91,0.28,0.06,0.20,2.4,1.6,0.10,-0.4,-0.6,4,3.2,+0.8,19,263,364,72.3,10,23,43.5,220,277,79.4,33,64,51.6,19,290,2,0,0,1,12,4,0
461,Carlos Soler,es ESP,MID,Valencia,22,1997,13.4,2,0,0,11,3,0,27.3,0.82,0.22,0.18,0.67,1.2,1.2,0.11,+0.8,+0.8,0,1.0,-1.0,9,301,388,77.6,8,19,42.1,242,284,85.2,51,85,60.0,38,326,6,1,5,1,27,14,0
462,Kévin Soni,cm CMR,FWD,Espanyol,21,1998,0.0,0,0,0,0,0,0,0,0.00,0.00,0,0,0.0,0.0,0,0.0,0.0,0,0.0,0.0,0,1,2,50.0,0,0,0,1,2,50.0,0,0,0,1,1,0,0,0,0,0,0,0
463,David Soria,es ESP,GK,Getafe,26,1993,25.0,0,0,0,0,0,0,0,0.00,0.00,0,0,0.0,0.0,0,0.0,0.0,0,0.0,0.0,0,309,721,42.9,0,0,0,30,31,96.8,279,690,40.4,21,545,160,1,0,1,40,1,0
464,Juan Soriano,es ESP,GK,Leganés,21,1997,11.0,0,0,0,1,1,0,100.0,0.09,0.09,0.00,0.00,0.3,0.3,0.35,-0.3,-0.3,0,0.0,0.0,0,168,297,56.6,0,0,0,66,67,98.5,102,230,44.3,189,41,36,0,1,0,2,0,0
465,Damián Suárez,uy URU,DEF,Getafe,31,1988,19.5,1,0,0,13,3,4,23.1,0.67,0.15,0.08,0.33,0.6,0.6,0.04,+0.4,+0.4,4,2.0,+2.0,23,632,1001,63.1,9,34,26.5,473,612,77.3,150,355,42.3,49,638,70,0,55,233,93,22,7
466,Denis Suárez,es ESP,MID,Celta Vigo,25,1994,14.7,1,0,1,15,7,0,46.7,1.02,0.48,0.07,0.14,2.0,1.3,0.09,-1.0,-0.3,3,3.3,-0.3,36,525,688,76.3,11,39,28.2,423,488,86.7,91,161,56.5,99,559,24,5,48,13,51,28,7
467,Luis Suárez,uy URU,FWD,Barcelona,32,1987,14.2,11,1,1,51,28,1,54.9,3.59,1.97,0.20,0.36,9.7,9.0,0.18,+1.3,+1.0,7,2.8,+4.2,23,337,449,75.1,13,41,31.7,270,332,81.3,54,76,71.1,84,318,0,4,0,6,14,11,0
468,Suso,es ESP,FWD,Sevilla,25,1993,3.0,1,0,0,5,3,1,60.0,1.69,1.01,0.20,0.33,0.2,0.2,0.04,+0.8,+0.8,1,0.8,+0.2,8,104,140,74.3,1,6,16.7,88,104,84.6,15,30,50.0,125,10,3,6,4,2,11,13,1
469,Tachi,es ESP,MID,Alavés,21,1997,0.1,0,0,0,0,0,0,0,0.00,0.00,0,0,0.0,0.0,0,0.0,0.0,0,0.0,0.0,0,2,3,66.7,0,0,0,1,2,50.0,1,1,100.0,0,3,1,0,0,0,0,0,0
470,Rodrigo Tarín,es ESP,DEF,Leganés,23,1996,4.0,0,0,0,1,0,0,0.0,0.25,0.00,0.00,0,0.2,0.2,0.16,-0.2,-0.2,0,0.0,0.0,0,79,98,80.6,1,1,100.0,60,68,88.2,18,29,62.1,19,68,4,0,0,4,6,1,0
471,Álvaro Tejero,es ESP,DEF,Eibar,23,1996,13.3,0,0,0,5,1,0,20.0,0.38,0.08,0.00,0.00,0.1,0.1,0.03,-0.1,-0.1,0,0.7,-0.7,12,477,655,72.8,10,26,38.5,355,413,86.0,112,216,51.9,64,397,16,0,0,149,46,18,9
472,Cristian Tello,es ESP,MID,Betis,27,1991,4.5,0,0,0,12,4,2,33.3,2.67,0.89,0.00,0.00,1.1,1.1,0.09,-1.1,-1.1,0,0.2,-0.2,5,152,201,75.6,3,10,30.0,126,153,82.4,23,38,60.5,35,146,1,0,10,9,5,2,0
473,Marc-André ter Stegen,de GER,GK,Barcelona,27,1992,24.0,0,0,0,0,0,0,0,0.00,0.00,0,0,0.0,0.0,0,0.0,0.0,2,0.7,+1.3,2,784,885,88.6,4,4,100.0,443,443,100.0,337,438,76.9,169,585,24,2,0,0,2,0,0
474,David Timor,es ESP,MID,Getafe,29,1989,3.5,2,0,0,8,3,4,37.5,2.31,0.87,0.25,0.67,0.2,0.2,0.03,+1.8,+1.8,0,0.0,0.0,1,82,129,63.6,1,3,33.3,51,78,65.4,30,48,62.5,88,8,9,0,3,0,13,2,1
475,Jean-Clair Todibo,fr FRA,DEF,Barcelona,19,1999,0.9,0,0,0,0,0,0,0,0.00,0.00,0,0,0.0,0.0,0,0.0,0.0,0,0.0,0.0,0,50,53,94.3,1,1,100.0,37,39,94.9,12,13,92.3,2,48,1,0,0,0,2,0,0
476,Karl Toko Ekambi,cm CMR,FWD,Villarreal,26,1992,11.1,6,0,0,39,18,0,46.2,3.53,1.63,0.15,0.33,6.6,6.6,0.17,-0.6,-0.6,2,1.2,+0.8,8,178,230,77.4,2,11,18.2,148,187,79.1,28,32,87.5,31,178,0,0,0,0,5,3,1
477,Raúl de Tomás,es ESP,FWD,Espanyol,24,1994,4.0,4,1,1,19,7,1,36.8,4.75,1.75,0.16,0.43,2.5,1.8,0.10,+1.5,+1.2,0,0.1,-0.1,3,71,89,79.8,2,4,50.0,54,61,88.5,15,24,62.5,22,61,0,0,0,0,3,1,0
478,Toño,es ESP,DEF,Levante,29,1989,12.0,0,0,0,2,0,0,0.0,0.17,0.00,0.00,0,0.1,0.1,0.07,-0.1,-0.1,2,1.3,+0.7,13,479,591,81.0,8,28,28.6,394,433,91.0,77,130,59.2,434,27,9,1,1,108,35,15,6
479,Ferrán Torres,es ESP,MID,Valencia,19,2000,18.7,4,0,0,27,9,0,33.3,1.44,0.48,0.15,0.44,3.2,3.2,0.12,+0.8,+0.8,4,3.2,+0.8,20,407,556,73.2,6,31,19.4,342,402,85.1,59,123,48.0,42,476,7,1,2,10,25,20,6
480,Óliver Torres,es ESP,FWD,Sevilla,24,1994,11.4,1,0,0,11,7,0,63.6,0.97,0.61,0.09,0.14,1.2,1.2,0.11,-0.2,-0.2,1,1.5,-0.5,10,488,603,80.9,16,35,45.7,345,391,88.2,127,177,71.8,51,521,6,3,4,6,53,15,3
481,Pau Torres,es ESP,DEF,Villarreal,22,1997,21.0,1,0,0,6,1,0,16.7,0.29,0.05,0.17,1.00,1.1,1.1,0.18,-0.1,-0.1,1,1.3,-0.3,6,1068,1247,85.6,8,18,44.4,617,656,94.1,443,573,77.3,1025,143,37,2,0,4,68,1,0
482,Roberto Torres,es ESP,MID,Osasuna,30,1989,21.0,4,3,3,53,13,6,24.5,2.52,0.62,0.02,0.08,4.9,2.7,0.05,-0.9,-1.7,6,3.9,+2.1,30,524,791,66.2,16,48,33.3,386,493,78.3,122,250,48.8,106,611,30,2,51,26,59,14,2
483,Aleksandar Trajkovski,mk MKD,MID,Mallorca,26,1992,1.6,0,0,0,3,0,0,0.0,1.84,0.00,0.00,0,0.1,0.1,0.05,-0.1,-0.1,0,0.6,-0.6,6,46,70,65.7,1,5,20.0,33,44,75.0,12,21,57.1,5,64,1,0,7,0,2,1,0
484,Manu Trigueros,es ESP,MID,Villarreal,27,1991,11.7,1,1,1,15,5,1,33.3,1.28,0.43,0.00,0.00,1.7,1.0,0.07,-0.7,-1.0,4,3.6,+0.4,26,522,611,85.4,13,29,44.8,393,430,91.4,116,152,76.3,158,416,16,5,15,2,76,17,0
485,Kieran Trippier,eng ENG,DEF,Atlético Madrid,28,1990,15.0,0,0,0,3,0,2,0.0,0.20,0.00,0.00,0,0.2,0.2,0.06,-0.2,-0.2,3,2.8,+0.2,30,611,872,70.1,10,35,28.6,475,554,85.7,126,283,44.5,25,629,21,2,32,168,37,22,3
486,Samuel Umtiti,fr FRA,DEF,Barcelona,25,1993,8.3,0,0,0,0,0,0,0,0.00,0.00,0,0,0.0,0.0,0,0.0,0.0,0,0.0,0.0,0,611,657,93.0,7,13,53.8,456,475,96.0,148,169,87.6,482,146,24,0,0,4,50,0,0
487,Enes Ünal,tr TUR,FWD,Valladolid,22,1997,17.0,4,1,1,34,13,2,38.2,2.00,0.76,0.09,0.23,4.0,3.2,0.09,0.0,-0.2,2,2.3,-0.3,20,294,427,68.9,8,28,28.6,243,331,73.4,43,68,63.2,43,263,0,2,0,1,30,7,1
488,Tomáš Vaclík,cz CZE,GK,Sevilla,30,1989,24.5,0,0,0,0,0,0,0,0.00,0.00,0,0,0.0,0.0,0,0.0,0.0,0,0.0,0.0,0,493,694,71.0,2,3,66.7,210,212,99.1,281,479,58.7,52,500,49,0,0,0,7,0,0
489,Álvaro Vadillo,es ESP,FWD,Granada,24,1994,12.9,3,1,1,16,5,11,31.3,1.24,0.39,0.13,0.40,1.8,1.0,0.07,+1.2,+1.0,1,1.4,-0.4,16,288,435,66.2,9,30,30.0,226,291,77.7,53,114,46.5,24,375,28,0,45,6,15,10,1
490,Germán Valera,es ESP,FWD,Atlético Madrid,17,2002,0.0,0,0,0,0,0,0,0,0.00,0.00,0,0,0.0,0.0,0,0.0,0.0,0,0.1,-0.1,1,1,2,50.0,0,0,0,1,2,50.0,0,0,0,2,0,0,0,0,0,0,0,0
491,Martin Valjent,sk SVK,DEF,Mallorca,23,1995,25.0,0,0,0,11,3,0,27.3,0.44,0.12,0.00,0.00,0.4,0.4,0.03,-0.4,-0.4,0,0.5,-0.5,2,683,804,85.0,5,9,55.6,473,516,91.7,205,279,73.5,174,543,37,0,0,8,44,0,0
492,Jesús Vallejo,es ESP,DEF,Granada,22,1997,0.0,0,0,0,0,0,0,0,0.00,0.00,0,0,0.0,0.0,0,0.0,0.0,0,0.0,0.0,0,9,9,100.0,0,0,0,3,3,100.0,6,6,100.0,0,9,0,0,0,0,0,0,0
493,Manu Vallejo,es ESP,MID,Valencia,22,1997,3.5,1,0,0,6,2,0,33.3,1.71,0.57,0.17,0.50,1.3,1.3,0.21,-0.3,-0.3,0,0.4,-0.4,3,54,71,76.1,2,6,33.3,40,49,81.6,12,16,75.0,6,57,1,1,0,1,6,1,0
494,Federico Valverde,uy URU,MID,Real Madrid,21,1998,13.0,2,0,0,21,9,0,42.9,1.62,0.69,0.10,0.22,1.8,1.8,0.09,+0.2,+0.2,4,3.2,+0.8,13,603,686,87.9,15,24,62.5,495,543,91.2,93,119,78.2,48,592,5,3,0,3,50,8,1
495,Raphaël Varane,fr FRA,DEF,Real Madrid,26,1993,21.0,3,0,0,8,3,0,37.5,0.38,0.14,0.38,1.00,0.7,0.7,0.09,+2.3,+2.3,1,0.3,+0.7,5,951,1079,88.1,4,13,30.8,576,612,94.1,371,454,81.7,405,586,37,0,0,8,60,3,2
496,Matías Vargas,ar ARG,FWD,Espanyol,21,1997,10.5,0,0,0,18,2,1,11.1,1.72,0.19,0.00,0.00,0.9,0.9,0.05,-0.9,-0.9,3,2.3,+0.7,18,241,359,67.1,7,26,26.9,194,250,77.6,40,83,48.2,29,313,2,8,14,3,18,17,2
497,Franco Vázquez,ar ARG,MID,Sevilla,30,1989,9.0,3,0,0,14,5,0,35.7,1.56,0.56,0.21,0.60,1.2,1.2,0.09,+1.8,+1.8,0,0.2,-0.2,6,395,457,86.4,7,15,46.7,311,348,89.4,77,94,81.9,359,48,7,0,2,3,42,5,0
498,Kevin Vázquez,es ESP,DEF,Celta Vigo,26,1993,8.2,0,0,0,0,0,0,0,0.00,0.00,0,0,0.0,0.0,0,0.0,0.0,0,0.1,-0.1,3,377,466,80.9,10,24,41.7,310,351,88.3,57,91,62.6,32,315,13,0,0,83,16,2,0
499,Lucas Vázquez,es ESP,FWD,Real Madrid,28,1991,6.1,2,0,0,9,3,0,33.3,1.49,0.50,0.22,0.67,1.1,1.1,0.12,+0.9,+0.9,1,1.4,-0.4,10,241,318,75.8,5,19,26.3,205,239,85.8,31,60,51.7,34,267,2,1,1,5,7,9,3
500,Unai Vencedor Paris,es ESP,MID,Athletic Bilbao,18,2000,0.8,0,0,0,1,0,1,0.0,1.22,0.00,0.00,0,0.1,0.1,0.06,-0.1,-0.1,0,0.0,0.0,0,31,41,75.6,0,0,0,24,26,92.3,7,15,46.7,7,33,5,0,3,0,3,1,1
501,Mikel Vesga,es ESP,MID,Athletic Bilbao,26,1993,6.2,0,0,0,4,1,0,25.0,0.65,0.16,0.00,0.00,0.1,0.1,0.02,-0.1,-0.1,0,0.1,-0.1,2,207,266,77.8,5,12,41.7,163,186,87.6,39,68,57.4,166,60,3,0,1,7,17,5,0
502,Rúben Vezo,pt POR,DEF,Levante,25,1994,18.0,0,0,0,7,2,0,28.6,0.39,0.11,0.00,0.00,0.7,0.7,0.10,-0.7,-0.7,0,0.4,-0.4,1,572,699,81.8,7,13,53.8,344,392,87.8,221,294,75.2,149,471,51,0,0,1,27,0,0
503,Fede Vico,es ESP,MID,Granada,25,1994,3.2,1,1,1,3,0,0,0.0,0.93,0.00,0.00,0,0.8,0.1,0.03,+0.2,-0.1,1,0.5,+0.5,5,94,126,74.6,2,7,28.6,76,85,89.4,16,34,47.1,110,10,2,1,8,0,10,3,2
504,Aleix Vidal,es ESP,MID,Alavés,29,1989,21.2,2,0,0,19,7,3,36.8,0.90,0.33,0.11,0.29,2.3,2.3,0.12,-0.3,-0.3,4,3.6,+0.4,35,552,751,73.5,11,35,31.4,416,504,82.5,125,212,59.0,78,612,56,1,40,22,51,17,8
505,Arturo Vidal,cl CHI,MID,Barcelona,32,1987,9.3,6,0,0,12,8,0,66.7,1.29,0.86,0.50,0.75,2.7,2.7,0.22,+3.3,+3.3,2,2.3,-0.3,11,552,620,89.0,17,28,60.7,464,506,91.7,71,86,82.6,106,484,8,2,0,1,35,7,0
506,Nacho Vidal,es ESP,DEF,Osasuna,24,1995,17.3,0,0,0,9,2,0,22.2,0.52,0.12,0.00,0.00,0.6,0.6,0.06,-0.6,-0.6,0,1.3,-1.3,15,661,890,74.3,9,30,30.0,517,606,85.3,135,254,53.1,46,607,15,1,0,167,52,19,5
507,Dídac Vilà,es ESP,DEF,Espanyol,30,1989,17.4,0,0,0,9,2,0,22.2,0.52,0.12,0.00,0.00,0.6,0.6,0.06,-0.6,-0.6,0,1.1,-1.1,12,595,809,73.5,4,40,10.0,484,573,84.5,107,196,54.6,505,75,13,1,1,153,40,13,6
508,Toni Villa,es ESP,MID,Valladolid,24,1995,12.0,0,0,0,14,5,0,35.7,1.17,0.42,0.00,0.00,0.7,0.7,0.05,-0.7,-0.7,1,1.5,-0.5,12,269,377,71.4,2,20,10.0,217,274,79.2,50,83,60.2,40,319,2,0,2,4,27,12,4
509,Asier Villalibre,es ESP,FWD,Athletic Bilbao,21,1997,3.8,1,0,0,9,2,0,22.2,2.38,0.53,0.11,0.50,0.9,0.9,0.10,+0.1,+0.1,0,0.0,0.0,0,42,70,60.0,1,9,11.1,35,54,64.8,6,7,85.7,23,22,1,0,0,0,3,1,0
510,Juan Villar,es ESP,FWD,Osasuna,31,1988,2.6,1,1,1,5,2,0,40.0,1.92,0.77,0.00,0.00,1.1,0.3,0.07,-0.1,-0.3,0,0.2,-0.2,3,60,87,69.0,1,7,14.3,54,70,77.1,5,10,50.0,10,57,0,1,0,2,7,3,0
511,Vitolo,es ESP,MID,Atlético Madrid,29,1989,11.2,2,0,0,15,9,0,60.0,1.34,0.81,0.13,0.22,1.9,1.9,0.13,+0.1,+0.1,1,1.3,-0.3,11,356,428,83.2,31,45,68.9,299,349,85.7,26,34,76.5,50,336,3,6,0,8,28,5,0
512,Šime Vrsaljko,hr CRO,DEF,Atlético Madrid,27,1992,4.0,0,0,0,0,0,0,0,0.00,0.00,0,0,0.0,0.0,0,0.0,0.0,1,0.3,+0.7,3,113,169,66.9,2,5,40.0,95,125,76.0,16,39,41.0,3,114,1,0,0,29,4,3,2
513,Nikola Vukčević,me MNE,MID,Levante,27,1991,10.4,0,0,0,3,1,0,33.3,0.29,0.10,0.00,0.00,0.2,0.2,0.06,-0.2,-0.2,2,0.2,+1.8,6,298,349,85.4,3,6,50.0,227,257,88.3,68,86,79.1,272,42,13,3,0,1,20,2,0
514,Moussa Wagué,sn SEN,DEF,Barcelona,20,1998,1.0,0,0,0,0,0,0,0,0.00,0.00,0,0,0.0,0.0,0,0.0,0.0,0,0.0,0.0,0,63,81,77.8,0,6,0.0,56,64,87.5,7,11,63.6,11,52,0,0,0,15,2,1,0
515,Wakaso,gh GHA,MID,Alavés,29,1990,14.3,0,0,0,14,1,0,7.1,0.98,0.07,0.00,0.00,0.3,0.3,0.02,-0.3,-0.3,0,0.1,-0.1,2,351,488,71.9,5,12,41.7,216,263,82.1,130,213,61.0,403,21,10,3,1,15,42,3,0
516,Daniel Wass,dk DEN,DEF,Valencia,30,1989,22.1,1,0,0,15,4,0,26.7,0.68,0.18,0.07,0.25,1.0,1.0,0.07,0.0,0.0,5,2.0,+3.0,17,914,1138,80.3,16,36,44.4,771,882,87.4,127,220,57.7,56,838,27,0,1,145,58,11,4
517,Iñaki Williams,es ESP,FWD,Athletic Bilbao,25,1994,23.1,5,1,1,28,16,0,57.1,1.21,0.69,0.14,0.25,5.0,4.2,0.15,0.0,-0.2,0,2.1,-2.1,21,357,486,73.5,16,42,38.1,297,371,80.1,44,73,60.3,24,403,2,1,0,1,10,12,2
518,Okay Yokuşlu,tr TUR,MID,Celta Vigo,25,1994,13.2,0,0,0,4,1,0,25.0,0.30,0.08,0.00,0.00,0.1,0.1,0.02,-0.1,-0.1,1,0.2,+0.8,4,529,632,83.7,19,33,57.6,424,486,87.2,86,113,76.1,65,493,19,0,0,0,31,0,0
519,Joseba Zaldúa,es ESP,DEF,Real Sociedad,27,1992,20.8,0,0,0,7,2,0,28.6,0.34,0.10,0.00,0.00,0.2,0.2,0.02,-0.2,-0.2,2,1.4,+0.6,12,910,1150,79.1,10,33,30.3,752,855,88.0,148,262,56.5,67,767,25,0,3,226,49,12,9
520,Andre-Frank Zambo Anguissa,cm CMR,MID,Villarreal,23,1995,18.3,1,0,0,23,6,0,26.1,1.26,0.33,0.04,0.17,1.4,1.4,0.06,-0.4,-0.4,0,0.6,-0.6,13,819,943,86.9,11,24,45.8,682,760,89.7,126,159,79.2,117,738,13,0,0,6,75,10,0
521,Igor Zubeldia,es ESP,MID,Real Sociedad,22,1997,20.0,0,0,0,9,0,0,0.0,0.45,0.00,0.00,0,0.2,0.2,0.02,-0.2,-0.2,1,0.4,+0.6,2,1051,1176,89.4,8,19,42.1,741,789,93.9,302,368,82.1,56,1053,16,2,0,1,52,1,0
522,David Zurutuza,es ESP,MID,Real Sociedad,33,1986,1.0,0,0,0,0,0,0,0,0.00,0.00,0,0,0.0,0.0,0,0.0,0.0,0,0.0,0.0,0,41,53,77.4,2,2,100.0,32,40,80.0,7,11,63.6,7,38,1,0,0,0,3,1,0
523,Martin Ødegaard,no NOR,MID,Real Sociedad,20,1998,20.4,4,0,0,39,15,3,38.5,1.91,0.74,0.10,0.27,2.7,2.7,0.07,+1.3,+1.3,5,4.8,+0.2,46,982,1216,80.8,20,49,40.8,791,893,88.6,171,274,62.4,1072,102,64,8,61,9,115,60,2
