Rk,Player,Nation,Position,Squad,Age,Born,90s,Goals,PK,PKatt,Shots Total,Shots on Target,FK Shots,Shots on Target %,Shots per 90,SOT per 90,Goals per Shot,Goals per SOT,xG,npxG,npxG per Shot,Goals minus xG,np Goals minus xG,Matches,Assists,xA,Assists-xA,KeyPasses,Total Passes Completed,Total Passes Attempted,Total Passes Completed%,Short Passes Completed,Short Attempted Passes,Short Passes Completed%,Medium Passes Completed,Medium Passes Attempted,Medium Passes Completed%,Long Passes Completed,Long Passes Attempted,Long Passes Completed%,Passes With LF,Passes with RF,Free Kick Passes,Through Ball Passes,Corner Kicks,Throw Ins,Passes into final third,Passes Into Penalty Box,Crosses into Penalty Box
1,Patrick van Aanholt,nl NED,DEF,Crystal Palace,28,1990,19.0,3,1,1,19,3,3,15.8,1.00,0.16,0.11,0.67,1.8,1.0,0.05,+1.2,+1.0,Matches,0,1.6,-1.6,21,864,1068,80.9,9,31,29.0,706,803,87.9,149,234,63.7,684,180,33,0,25,181,61,19,4
2,Max Aarons,eng ENG,DEF,Norwich City,19,2000,25.0,0,0,0,13,3,0,23.1,0.52,0.12,0.00,0.00,0.5,0.5,0.04,-0.5,-0.5,Matches,0,3.4,-3.4,18,940,1192,78.9,23,69,33.3,821,942,87.2,96,181,53.0,158,773,19,1,0,220,33,10,3
3,Tammy Abraham,eng ENG,FWD,Chelsea,21,1997,21.6,13,0,0,73,30,0,41.1,3.38,1.39,0.18,0.43,12.2,12.2,0.17,+0.8,+0.8,Matches,3,2.3,+0.7,17,250,357,70.0,23,48,47.9,193,263,73.4,34,46,73.9,27,262,0,0,0,0,16,5,0
4,Che Adams,eng ENG,FWD,Southampton,23,1996,7.9,0,0,0,19,2,0,10.5,2.40,0.25,0.00,0.00,1.9,1.9,0.10,-1.9,-1.9,Matches,2,0.9,+1.1,8,116,168,69.0,8,17,47.1,96,125,76.8,12,26,46.2,14,133,0,2,0,0,9,1,0
5,Adrián,es ESP,GK,Liverpool,32,1987,8.7,0,0,0,0,0,0,0,0.00,0.00,0,0,0.0,0.0,0,0.0,0.0,Matches,0,0.0,0.0,0,211,295,71.5,2,4,50.0,99,100,99.0,110,191,57.6,30,201,24,0,0,0,3,0,0
6,Sergio Agüero,ar ARG,FWD,Manchester City,31,1988,14.9,16,2,3,69,24,0,34.8,4.63,1.61,0.20,0.58,13.3,11.0,0.16,+2.7,+3.0,Matches,3,2.5,+0.5,16,257,331,77.6,15,33,45.5,226,278,81.3,16,20,80.0,37,272,1,5,0,1,11,19,0
7,Albian Ajeti,ch SUI,MID,West Ham,22,1997,1.4,0,0,0,2,0,0,0.0,1.42,0.00,0.00,0,0.1,0.1,0.06,-0.1,-0.1,Matches,0,0.1,-0.1,2,15,18,83.3,1,1,100.0,14,17,82.4,0,0,0,2,12,0,0,0,0,0,0,0
8,Nathan Aké,nl NED,DEF,Bournemouth,24,1995,20.4,2,0,0,19,5,0,26.3,0.93,0.25,0.11,0.40,2.2,2.2,0.12,-0.2,-0.2,Matches,1,0.6,+0.4,4,821,920,89.2,6,15,40.0,579,622,93.1,236,283,83.4,654,161,26,1,0,20,49,7,0
9,Marc Albrighton,eng ENG,MID,Leicester City,29,1989,4.2,0,0,0,6,2,0,33.3,1.44,0.48,0.00,0.00,0.2,0.2,0.04,-0.2,-0.2,Matches,1,0.9,+0.1,8,167,242,69.0,3,17,17.6,127,156,81.4,37,69,53.6,26,197,0,0,2,7,15,8,2
10,Toby Alderweireld,be BEL,DEF,Tottenham,30,1989,25.9,1,0,0,10,4,0,40.0,0.39,0.15,0.10,0.25,0.7,0.7,0.07,+0.3,+0.3,Matches,2,0.9,+1.1,11,1322,1584,83.5,8,20,40.0,822,878,93.6,492,686,71.7,286,1175,62,6,0,9,119,15,0
11,Trent Alexander-Arnold,eng ENG,DEF,Liverpool,20,1998,26.3,2,0,0,34,8,6,23.5,1.29,0.30,0.06,0.25,2.1,2.1,0.06,-0.1,-0.1,Matches,12,8.5,+3.5,71,1661,2343,70.9,26,98,26.5,1157,1354,85.5,478,891,53.6,206,1766,65,3,123,301,142,51,12
12,Alisson,br BRA,GK,Liverpool,26,1992,18.3,0,0,0,0,0,0,0,0.00,0.00,0,0,0.0,0.0,0,0.0,0.0,Matches,1,0.4,+0.6,1,520,614,84.7,1,1,100.0,264,266,99.2,255,347,73.5,34,460,37,1,0,0,5,1,0
13,Dele Alli,eng ENG,MID,Tottenham,23,1996,17.6,7,0,0,32,16,0,50.0,1.82,0.91,0.22,0.44,5.4,5.4,0.17,+1.6,+1.6,Matches,3,2.2,+0.8,20,528,676,78.1,11,45,24.4,421,489,86.1,96,142,67.6,32,587,7,6,4,17,37,19,0
14,Miguel Almirón,py PAR,FWD,Newcastle Utd,25,1994,24.4,2,0,0,37,9,0,24.3,1.51,0.37,0.05,0.22,4.4,4.4,0.12,-2.4,-2.4,Matches,1,0.6,+0.4,12,444,600,74.0,13,40,32.5,371,448,82.8,60,112,53.6,514,47,2,1,1,7,24,14,1
15,Marcos Alonso,es ESP,DEF,Chelsea,28,1990,7.5,2,0,0,10,4,1,40.0,1.33,0.53,0.20,0.50,0.6,0.6,0.06,+1.4,+1.4,Matches,2,0.9,+1.1,11,446,548,81.4,8,22,36.4,367,413,88.9,71,113,62.8,384,42,3,0,1,88,23,10,5
16,Steven Alzate,co COL,MID,Brighton,20,1998,13.1,0,0,0,13,3,0,23.1,1.00,0.23,0.00,0.00,1.1,1.1,0.09,-1.1,-1.1,Matches,0,0.7,-0.7,13,553,651,84.9,11,28,39.3,483,543,89.0,59,80,73.8,30,532,5,1,0,48,33,11,0
17,Ibrahim Amadou,fr FRA,DEF,Norwich City,26,1993,8.4,0,0,0,6,1,0,16.7,0.71,0.12,0.00,0.00,1.0,1.0,0.17,-1.0,-1.0,Matches,0,0.1,-0.1,1,310,361,85.9,2,6,33.3,219,244,89.8,89,111,80.2,23,314,4,0,0,2,14,0,0
18,Felipe Anderson,br BRA,MID,West Ham,26,1993,15.7,1,0,0,22,8,0,36.4,1.40,0.51,0.05,0.13,2.5,2.5,0.11,-1.5,-1.5,Matches,4,2.9,+1.1,25,691,889,77.7,20,58,34.5,569,686,82.9,102,145,70.3,117,714,9,3,5,12,44,31,6
19,Florin Andone,ro ROU,MID,Brighton,26,1993,0.8,1,0,0,1,1,0,100.0,1.27,1.27,1.00,1.00,0.2,0.2,0.15,+0.8,+0.8,Matches,0,0.0,0.0,1,8,12,66.7,0,1,0.0,8,11,72.7,0,0,0,2,6,0,0,1,0,0,0,0
20,Angeliño,es ESP,DEF,Manchester City,22,1997,4.7,0,0,0,5,0,0,0.0,1.07,0.00,0.00,0,0.2,0.2,0.05,-0.2,-0.2,Matches,0,1.2,-1.2,9,335,426,78.6,4,14,28.6,266,304,87.5,65,108,60.2,342,15,3,0,0,46,33,14,7
21,Michail Antonio,eng ENG,FWD,West Ham,29,1990,9.4,1,0,0,30,12,0,40.0,3.18,1.27,0.03,0.08,3.1,3.1,0.10,-2.1,-2.1,Matches,1,1.2,-0.2,9,158,247,64.0,1,17,5.9,133,179,74.3,24,51,47.1,20,175,1,4,0,4,9,5,3
22,Stuart Armstrong,sco SCO,MID,Southampton,27,1992,11.7,3,0,0,29,11,0,37.9,2.49,0.94,0.10,0.27,1.9,1.9,0.07,+1.1,+1.1,Matches,0,0.9,-0.9,10,270,358,75.4,8,29,27.6,229,280,81.8,33,49,67.3,76,246,0,0,0,13,17,8,0
23,Kepa Arrizabalaga,es ESP,GK,Chelsea,24,1994,24.0,0,0,0,0,0,0,0,0.00,0.00,0,0,0.0,0.0,0,0.0,0.0,Matches,0,0.0,0.0,0,620,781,79.4,0,0,0,341,345,98.8,279,436,64.0,115,559,43,0,0,0,1,0,0
24,Christian Atsu,gh GHA,FWD,Newcastle Utd,27,1992,8.1,0,0,0,5,1,0,20.0,0.61,0.12,0.00,0.00,0.2,0.2,0.04,-0.2,-0.2,Matches,3,1.0,+2.0,13,160,204,78.4,6,14,42.9,131,149,87.9,23,41,56.1,165,25,2,1,6,1,2,11,4
25,Pierre-Emerick Aubameyang,ga GAB,FWD,Arsenal,30,1989,24.6,17,1,1,63,26,1,41.3,2.56,1.06,0.25,0.62,11.2,10.5,0.17,+5.8,+5.5,Matches,1,1.8,-0.8,16,438,632,69.3,8,44,18.2,381,495,77.0,49,93,52.7,72,534,0,0,1,2,19,31,7
26,Serge Aurier,ci CIV,DEF,Tottenham,26,1992,20.2,0,0,0,10,3,0,30.0,0.49,0.15,0.00,0.00,0.4,0.4,0.04,-0.4,-0.4,Matches,4,2.3,+1.7,22,841,1099,76.5,11,49,22.4,715,837,85.4,115,213,54.0,132,702,5,1,0,184,41,17,6
27,Jordan Ayew,gh GHA,FWD,Crystal Palace,27,1991,24.6,6,0,0,42,19,0,45.2,1.71,0.77,0.14,0.32,5.3,5.3,0.13,+0.7,+0.7,Matches,1,1.6,-0.6,18,466,583,79.9,25,49,51.0,381,446,85.4,60,88,68.2,29,468,1,2,0,8,31,16,0
28,César Azpilicueta,es ESP,DEF,Chelsea,29,1989,24.9,2,0,0,18,5,0,27.8,0.72,0.20,0.11,0.40,2.1,2.1,0.12,-0.1,-0.1,Matches,3,4.1,-1.1,28,1457,1858,78.4,28,86,32.6,1227,1424,86.2,202,348,58.0,191,1256,16,1,0,291,82,21,7
29,Eric Bailly,ci CIV,DEF,Manchester Utd,25,1994,1.0,0,0,0,0,0,0,0,0.00,0.00,0,0,0.0,0.0,0,0.0,0.0,Matches,0,0.0,0.0,0,28,33,84.8,0,1,0.0,21,24,87.5,7,8,87.5,6,20,0,0,0,0,1,0,0
30,Leighton Baines,eng ENG,DEF,Everton,34,1984,2.7,0,0,0,1,0,1,0.0,0.37,0.00,0.00,0,0.1,0.1,0.05,-0.1,-0.1,Matches,0,0.2,-0.2,2,100,123,81.3,0,4,0.0,83,89,93.3,17,30,56.7,84,14,4,0,3,19,4,4,3
31,Fabián Balbuena,py PAR,DEF,West Ham,27,1991,12.0,1,0,0,10,4,0,40.0,0.83,0.33,0.10,0.25,1.7,1.7,0.17,-0.7,-0.7,Matches,0,0.0,0.0,0,337,451,74.7,2,7,28.6,203,240,84.6,132,204,64.7,64,334,11,1,0,5,23,2,0
32,George Baldock,eng ENG,DEF,Sheffield Utd,26,1993,27.0,2,0,0,9,4,0,44.4,0.33,0.15,0.22,0.50,0.5,0.5,0.06,+1.5,+1.5,Matches,3,1.8,+1.2,17,820,1105,74.2,28,84,33.3,702,800,87.8,90,221,40.7,36,784,4,0,1,217,44,12,7
33,Phil Bardsley,sco SCO,DEF,Burnley,34,1985,12.0,0,0,0,6,2,0,33.3,0.50,0.17,0.00,0.00,0.1,0.1,0.02,-0.1,-0.1,Matches,1,0.3,+0.7,2,305,465,65.6,6,24,25.0,239,299,79.9,60,142,42.3,31,270,10,1,0,125,34,7,2
34,Ross Barkley,eng ENG,MID,Chelsea,25,1993,6.2,0,0,0,23,7,2,30.4,3.70,1.13,0.00,0.00,1.6,1.6,0.07,-1.6,-1.6,Matches,1,1.1,-0.1,13,261,307,85.0,3,8,37.5,199,230,86.5,59,69,85.5,49,248,0,0,1,0,22,11,1
35,Ashley Barnes,at AUT,FWD,Burnley,29,1989,15.1,6,1,1,39,11,0,28.2,2.58,0.73,0.13,0.45,5.4,4.6,0.12,+0.6,+0.4,Matches,0,0.5,-0.5,4,155,253,61.3,7,22,31.8,134,187,71.7,14,44,31.8,46,142,0,1,0,1,5,8,0
36,Harvey Barnes,eng ENG,MID,Leicester City,21,1997,17.1,4,0,0,43,17,0,39.5,2.51,0.99,0.09,0.24,6.1,6.1,0.14,-2.1,-2.1,Matches,6,2.2,+3.8,22,388,512,75.8,11,36,30.6,342,416,82.2,35,60,58.3,74,401,1,1,0,1,24,32,2
37,Chris Basham,eng ENG,DEF,Sheffield Utd,31,1988,26.1,0,0,0,5,0,0,0.0,0.19,0.00,0.00,0,0.5,0.5,0.10,-0.5,-0.5,Matches,0,0.7,-0.7,8,763,1050,72.7,22,50,44.0,573,706,81.2,168,294,57.1,77,709,15,0,0,117,47,5,3
38,Borja Bastón,es ESP,MID,Aston Villa,26,1992,0.2,0,0,0,0,0,0,0,0.00,0.00,0,0,0.0,0.0,0,0.0,0.0,Matches,0,0.0,0.0,0,4,5,80.0,0,0,0,2,3,66.7,2,2,100.0,0,4,0,0,0,0,1,0,0
39,Michy Batshuayi,be BEL,FWD,Chelsea,25,1993,2.3,1,0,0,15,2,0,13.3,6.52,0.87,0.07,0.50,2.2,2.2,0.15,-1.2,-1.2,Matches,1,0.2,+0.8,3,57,71,80.3,5,9,55.6,47,56,83.9,5,6,83.3,23,43,0,0,0,0,1,0,0
40,Jan Bednarek,pl POL,DEF,Southampton,23,1996,25.0,1,0,0,5,1,0,20.0,0.20,0.04,0.20,1.00,0.8,0.8,0.17,+0.2,+0.2,Matches,0,0.1,-0.1,2,772,967,79.8,7,17,41.2,564,650,86.8,201,300,67.0,147,649,15,0,0,33,44,2,0
41,Héctor Bellerín,es ESP,DEF,Arsenal,24,1995,6.9,1,0,0,4,1,0,25.0,0.58,0.14,0.25,1.00,0.2,0.2,0.05,+0.8,+0.8,Matches,0,0.1,-0.1,1,341,417,81.8,6,20,30.0,298,339,87.9,37,58,63.8,30,305,11,1,0,65,25,3,1
42,Ryan Bennett,eng ENG,DEF,Wolves,29,1990,6.7,0,0,0,0,0,0,0,0.00,0.00,0,0,0.0,0.0,0,0.0,0.0,Matches,0,0.1,-0.1,2,185,239,77.4,3,4,75.0,115,136,84.6,67,99,67.7,14,180,3,0,0,12,23,1,0
43,Nabil Bentaleb,dz ALG,MID,Newcastle Utd,24,1994,3.0,0,0,0,1,0,0,0.0,0.33,0.00,0.00,0,0.0,0.0,0.02,0.0,0.0,Matches,0,0.1,-0.1,5,118,136,86.8,5,8,62.5,83,93,89.2,30,35,85.7,110,15,6,0,0,0,10,2,1
44,Christian Benteke,be BEL,FWD,Crystal Palace,28,1990,8.2,1,0,0,24,13,0,54.2,2.91,1.58,0.04,0.08,2.7,2.7,0.11,-1.7,-1.7,Matches,0,1.3,-1.3,11,112,204,54.9,6,16,37.5,91,161,56.5,15,27,55.6,15,103,0,2,0,0,8,7,2
45,Jóhann Berg Guðmundsson,is ISL,MID,Burnley,28,1990,4.5,1,0,0,9,2,2,22.2,2.02,0.45,0.11,0.50,0.6,0.6,0.07,+0.4,+0.4,Matches,0,0.5,-0.5,6,73,119,61.3,1,5,20.0,52,74,70.3,20,40,50.0,92,19,0,0,6,0,2,4,3
46,Sander Berge,no NOR,MID,Sheffield Utd,21,1998,2.3,0,0,0,1,0,0,0.0,0.43,0.00,0.00,0,0.0,0.0,0.04,0.0,0.0,Matches,0,0.0,0.0,0,56,80,70.0,0,4,0.0,45,60,75.0,11,16,68.8,9,57,1,0,0,1,3,1,0
47,Steven Bergwijn,nl NED,FWD,Tottenham,21,1997,2.6,1,0,0,5,2,0,40.0,1.89,0.76,0.20,0.50,0.6,0.6,0.11,+0.4,+0.4,Matches,0,0.5,-0.5,5,55,64,85.9,1,2,50.0,51,56,91.1,3,6,50.0,2,51,0,0,0,0,3,3,0
48,Bernard,br BRA,MID,Everton,26,1992,10.6,3,0,0,11,4,0,36.4,1.04,0.38,0.27,0.75,1.0,1.0,0.09,+2.0,+2.0,Matches,2,1.5,+0.5,18,311,428,72.7,7,28,25.0,266,329,80.9,38,71,53.5,113,305,2,4,6,1,25,20,2
49,Bernardo,br BRA,DEF,Brighton,24,1995,6.0,0,0,0,6,2,0,33.3,1.00,0.33,0.00,0.00,0.3,0.3,0.05,-0.3,-0.3,Matches,0,0.2,-0.2,2,238,312,76.3,3,14,21.4,202,241,83.8,33,57,57.9,211,24,1,0,0,47,20,7,3
50,Ryan Bertrand,eng ENG,DEF,Southampton,29,1989,20.5,1,0,0,13,3,1,23.1,0.63,0.15,0.08,0.33,1.8,1.8,0.14,-0.8,-0.8,Matches,1,2.7,-1.7,26,777,1056,73.6,11,56,19.6,638,762,83.7,128,238,53.8,678,61,30,0,17,226,77,24,9
51,Muhamed Bešić,ba BIH,MID,Sheffield Utd,26,1992,2.7,0,0,0,4,2,0,50.0,1.47,0.73,0.00,0.00,0.2,0.2,0.04,-0.2,-0.2,Matches,0,0.1,-0.1,1,86,106,81.1,1,5,20.0,66,76,86.8,19,25,76.0,14,80,2,0,0,0,6,2,0
52,Philip Billing,dk DEN,MID,Bournemouth,23,1996,22.1,1,0,0,28,7,1,25.0,1.27,0.32,0.04,0.14,1.5,1.5,0.05,-0.5,-0.5,Matches,1,0.9,+0.1,11,740,965,76.7,18,40,45.0,538,673,79.9,184,252,73.0,692,113,20,1,0,29,65,7,1
53,Yves Bissouma,ml MLI,MID,Brighton,22,1996,5.5,0,0,0,8,4,0,50.0,1.45,0.73,0.00,0.00,0.2,0.2,0.02,-0.2,-0.2,Matches,0,0.1,-0.1,2,208,254,81.9,4,7,57.1,155,183,84.7,49,64,76.6,21,214,6,0,0,2,16,2,0
54,Willy Boly,fr FRA,DEF,Wolves,28,1991,11.0,0,0,0,1,1,0,100.0,0.09,0.09,0.00,0.00,0.0,0.0,0.03,0.0,0.0,Matches,1,0.3,+0.7,3,343,433,79.2,5,11,45.5,252,282,89.4,86,140,61.4,49,333,10,4,0,3,19,2,0
55,Gaëtan Bong,cm CMR,MID,Brighton,31,1988,0.6,0,0,0,0,0,0,0,0.00,0.00,0,0,0.0,0.0,0,0.0,0.0,Matches,0,0.1,-0.1,2,24,35,68.6,0,1,0.0,16,22,72.7,8,12,66.7,32,1,1,0,0,2,3,1,1
56,Sofiane Boufal,ma MAR,MID,Southampton,25,1993,6.9,0,0,0,20,6,0,30.0,2.90,0.87,0.00,0.00,0.9,0.9,0.05,-0.9,-0.9,Matches,2,2.4,-0.4,12,210,273,76.9,5,13,38.5,177,213,83.1,28,47,59.6,50,202,1,1,1,6,14,12,2
57,Jarrod Bowen,eng ENG,FWD,West Ham,22,1996,0.2,0,0,0,1,1,0,100.0,5.63,5.63,0.00,0.00,0.2,0.2,0.18,-0.2,-0.2,Matches,0,0.0,0.0,0,4,6,66.7,0,1,0.0,4,5,80.0,0,0,0,6,0,0,0,0,0,0,0,0
58,Robbie Brady,ie IRL,MID,Burnley,27,1992,4.4,1,0,0,8,1,2,12.5,1.82,0.23,0.13,1.00,0.9,0.9,0.12,+0.1,+0.1,Matches,2,0.2,+1.8,6,73,122,59.8,2,6,33.3,58,80,72.5,13,36,36.1,83,18,3,0,3,1,4,4,1
59,Claudio Bravo,cl CHI,GK,Manchester City,36,1983,3.8,0,0,0,0,0,0,0,0.00,0.00,0,0,0.0,0.0,0,0.0,0.0,Matches,0,0.0,0.0,0,101,132,76.5,0,0,0,60,61,98.4,41,71,57.7,11,105,8,0,0,0,0,0,0
60,Josh Brownhill,eng ENG,MID,Burnley,23,1995,0.0,0,0,0,0,0,0,0,0,0,0,0,0.0,0.0,0,0.0,0.0,Matches,0,0.0,0.0,0,0,2,0.0,0,0,0,0,0,0,0,2,0.0,1,0,0,0,0,0,0,0,0
61,Emi Buendía,ar ARG,FWD,Norwich City,22,1996,20.4,0,0,0,29,8,8,27.6,1.42,0.39,0.00,0.00,2.0,2.0,0.07,-2.0,-2.0,Matches,7,6.5,+0.5,67,904,1187,76.2,24,62,38.7,684,792,86.4,196,333,58.9,148,991,53,13,85,13,118,45,2
62,Dan Burn,eng ENG,DEF,Brighton,27,1992,21.9,0,0,0,10,0,0,0.0,0.46,0.00,0.00,0,0.7,0.7,0.07,-0.7,-0.7,Matches,0,1.0,-1.0,14,1013,1309,77.4,15,61,24.6,835,957,87.3,163,291,56.0,868,124,8,1,0,182,82,16,6
63,Sam Byram,eng ENG,DEF,Norwich City,25,1993,14.4,0,0,0,16,2,0,12.5,1.11,0.14,0.00,0.00,1.3,1.3,0.08,-1.3,-1.3,Matches,0,0.5,-0.5,7,625,763,81.9,14,32,43.8,529,600,88.2,82,131,62.6,107,450,11,0,0,128,22,5,0
64,Willy Caballero,ar ARG,GK,Chelsea,37,1981,3.0,0,0,0,0,0,0,0,0.00,0.00,0,0,0.0,0.0,0,0.0,0.0,Matches,0,0.0,0.0,0,64,96,66.7,0,0,0,42,42,100.0,22,54,40.7,15,65,0,0,0,0,0,0,0
65,Gary Cahill,eng ENG,DEF,Crystal Palace,33,1985,18.0,0,0,0,12,2,0,16.7,0.67,0.11,0.00,0.00,0.8,0.8,0.07,-0.8,-0.8,Matches,1,0.3,+0.7,2,625,710,88.0,5,12,41.7,397,429,92.5,223,269,82.9,66,558,24,0,0,3,25,2,0
66,Dominic Calvert-Lewin,eng ENG,FWD,Everton,22,1997,19.4,12,0,0,58,25,0,43.1,2.99,1.29,0.21,0.48,11.1,11.1,0.19,+0.9,+0.9,Matches,1,0.9,+0.1,13,275,415,66.3,9,29,31.0,233,337,69.1,33,49,67.3,41,219,1,1,0,1,24,7,1
67,Víctor Camarasa,es ESP,MID,Crystal Palace,25,1994,0.1,0,0,0,0,0,0,0,0.00,0.00,0,0,0.0,0.0,0,0.0,0.0,Matches,0,0.0,0.0,0,3,3,100.0,0,0,0,3,3,100.0,0,0,0,0,3,0,0,0,0,0,0,0
68,João Cancelo,pt POR,DEF,Manchester City,25,1994,7.7,0,0,0,8,3,0,37.5,1.04,0.39,0.00,0.00,0.2,0.2,0.03,-0.2,-0.2,Matches,0,1.0,-1.0,8,550,629,87.4,3,14,21.4,446,489,91.2,101,126,80.2,80,469,3,1,1,59,51,10,1
69,Todd Cantwell,eng ENG,FWD,Norwich City,21,1998,21.9,6,0,0,37,16,0,43.2,1.69,0.73,0.16,0.38,5.6,5.6,0.15,+0.4,+0.4,Matches,2,2.5,-0.5,30,718,900,79.8,31,58,53.4,612,711,86.1,75,131,57.3,76,771,11,0,3,10,53,18,1
70,Étienne Capoue,fr FRA,MID,Watford,31,1988,21.8,0,0,0,17,1,1,5.9,0.78,0.05,0.00,0.00,0.7,0.7,0.04,-0.7,-0.7,Matches,2,1.4,+0.6,11,903,1104,81.8,15,31,48.4,652,746,87.4,236,327,72.2,172,825,15,2,4,1,102,7,1
71,Andy Carroll,eng ENG,FWD,Newcastle Utd,30,1989,5.6,0,0,0,10,2,0,20.0,1.77,0.35,0.00,0.00,0.5,0.5,0.05,-0.5,-0.5,Matches,3,1.6,+1.4,9,100,163,61.3,5,11,45.5,78,118,66.1,17,34,50.0,59,32,0,1,0,0,10,5,1
72,Jonny Castro,es ESP,DEF,Wolves,25,1994,24.4,1,0,0,15,4,0,26.7,0.61,0.16,0.07,0.25,1.1,1.1,0.07,-0.1,-0.1,Matches,1,0.8,+0.2,15,870,1074,81.0,22,54,40.7,772,895,86.3,76,125,60.8,240,540,5,0,2,224,44,16,3
73,Craig Cathcart,nir NIR,DEF,Watford,30,1989,24.2,0,0,0,1,0,0,0.0,0.04,0.00,0.00,0,0.1,0.1,0.08,-0.1,-0.1,Matches,0,0.1,-0.1,1,626,748,83.7,5,12,41.7,414,453,91.4,207,283,73.1,177,480,18,0,0,4,34,3,1
74,Dani Ceballos,es ESP,MID,Arsenal,22,1996,9.1,0,0,0,10,3,0,30.0,1.09,0.33,0.00,0.00,0.4,0.4,0.04,-0.4,-0.4,Matches,2,0.9,+1.1,14,545,639,85.3,3,19,15.8,399,426,93.7,143,194,73.7,29,599,11,2,33,3,62,16,0
75,Nathaniel Chalobah,eng ENG,MID,Watford,24,1994,8.6,0,0,0,8,0,1,0.0,0.93,0.00,0.00,0,0.3,0.3,0.04,-0.3,-0.3,Matches,1,0.7,+0.3,5,218,289,75.4,5,13,38.5,176,215,81.9,37,61,60.7,49,211,5,1,12,1,23,2,0
76,Calum Chambers,eng ENG,DEF,Arsenal,24,1995,12.3,1,0,0,12,2,0,16.7,0.98,0.16,0.08,0.50,0.6,0.6,0.05,+0.4,+0.4,Matches,1,0.8,+0.2,4,702,865,81.2,7,31,22.6,503,571,88.1,192,263,73.0,54,684,8,0,0,83,36,5,2
77,Ben Chilwell,eng ENG,DEF,Leicester City,22,1996,21.9,2,0,0,10,5,0,50.0,0.46,0.23,0.20,0.40,0.7,0.7,0.07,+1.3,+1.3,Matches,3,2.8,+0.2,26,1253,1598,78.4,16,60,26.7,1069,1213,88.1,168,325,51.7,1153,154,26,2,7,220,79,16,10
78,Tahith Chong,nl NED,FWD,Manchester Utd,19,1999,0.4,0,0,0,1,0,0,0.0,2.65,0.00,0.00,0,0.1,0.1,0.06,-0.1,-0.1,Matches,0,0.0,0.0,0,9,14,64.3,0,2,0.0,9,11,81.8,0,1,0.0,14,0,0,0,0,0,0,0,0
79,Hamza Choudhury,eng ENG,MID,Leicester City,21,1997,7.9,1,0,0,6,2,0,33.3,0.76,0.25,0.17,0.50,0.3,0.3,0.06,+0.7,+0.7,Matches,1,0.1,+0.9,3,365,415,88.0,6,15,40.0,283,311,91.0,76,89,85.4,30,348,8,0,0,0,24,2,0
80,Andreas Christensen,dk DEN,DEF,Chelsea,23,1996,13.0,0,0,0,5,1,0,20.0,0.39,0.08,0.00,0.00,0.4,0.4,0.09,-0.4,-0.4,Matches,0,0.5,-0.5,2,670,728,92.0,3,7,42.9,390,411,94.9,277,310,89.4,48,638,24,1,0,3,37,2,0
81,Ciaran Clark,ie IRL,DEF,Newcastle Utd,29,1989,13.2,2,0,0,6,4,0,66.7,0.45,0.30,0.33,0.50,1.2,1.2,0.20,+0.8,+0.8,Matches,0,0.0,0.0,1,253,322,78.6,3,6,50.0,175,201,87.1,75,115,65.2,227,42,10,0,0,15,20,2,0
82,Leon Clarke,eng ENG,MID,Sheffield Utd,34,1985,0.1,0,0,0,1,0,0,0.0,6.92,0.00,0.00,0,0.4,0.4,0.41,-0.4,-0.4,Matches,0,0.0,0.0,0,3,3,100.0,0,0,0,3,3,100.0,0,0,0,2,1,0,0,0,0,0,0,0
83,Tom Cleverley,eng ENG,MID,Watford,29,1989,7.3,1,0,0,15,4,0,26.7,2.05,0.55,0.07,0.25,1.5,1.5,0.10,-0.5,-0.5,Matches,0,0.4,-0.4,12,263,322,81.7,9,16,56.3,220,245,89.8,34,61,55.7,36,260,1,1,3,5,23,11,2
84,Conor Coady,eng ENG,DEF,Wolves,26,1993,27.0,0,0,0,0,0,0,0,0.00,0.00,0,0,0.0,0.0,0,0.0,0.0,Matches,0,0.5,-0.5,5,1057,1236,85.5,5,11,45.5,536,578,92.7,516,647,79.8,45,1107,26,3,0,1,76,5,0
85,Séamus Coleman,ie IRL,DEF,Everton,30,1988,12.9,0,0,0,6,2,0,33.3,0.46,0.15,0.00,0.00,0.6,0.6,0.09,-0.6,-0.6,Matches,1,0.6,+0.4,7,580,741,78.3,9,45,20.0,477,548,87.0,94,148,63.5,80,461,7,1,0,161,49,4,0
86,Aaron Connolly,ie IRL,FWD,Brighton,19,2000,9.3,2,0,0,25,9,0,36.0,2.70,0.97,0.08,0.22,2.4,2.4,0.10,-0.4,-0.4,Matches,0,0.2,-0.2,4,84,115,73.0,8,15,53.3,66,87,75.9,10,13,76.9,17,75,0,1,0,1,2,1,0
87,Lewis Cook,eng ENG,MID,Bournemouth,22,1997,9.3,0,0,0,6,1,0,16.7,0.65,0.11,0.00,0.00,0.2,0.2,0.04,-0.2,-0.2,Matches,0,0.7,-0.7,7,389,485,80.2,5,20,25.0,285,330,86.4,99,135,73.3,31,425,7,4,1,2,41,6,0
88,Steve Cook,eng ENG,DEF,Bournemouth,28,1991,19.3,1,0,0,11,1,0,9.1,0.57,0.05,0.09,1.00,0.7,0.7,0.06,+0.3,+0.3,Matches,0,0.3,-0.3,3,777,943,82.4,5,17,29.4,489,547,89.4,283,379,74.7,33,799,33,0,0,16,32,2,0
89,Jack Cork,eng ENG,MID,Burnley,30,1989,24.3,0,0,0,16,4,0,25.0,0.66,0.16,0.00,0.00,1.6,1.6,0.10,-1.6,-1.6,Matches,0,0.7,-0.7,10,610,776,78.6,27,52,51.9,479,566,84.6,104,158,65.8,92,599,3,3,0,4,50,7,1
90,Aaron Cresswell,eng ENG,DEF,West Ham,29,1989,20.5,3,0,0,14,5,5,35.7,0.68,0.24,0.21,0.60,1.1,1.1,0.08,+1.9,+1.9,Matches,0,0.9,-0.9,13,900,1202,74.9,13,65,20.0,733,825,88.8,154,312,49.4,872,52,26,3,9,238,92,12,7
91,Patrick Cutrone,it ITA,FWD,Wolves,21,1998,3.2,2,0,0,11,3,0,27.3,3.39,0.92,0.18,0.67,2.3,2.3,0.21,-0.3,-0.3,Matches,0,0.0,0.0,1,38,56,67.9,2,2,100.0,36,49,73.5,0,5,0.0,9,40,0,0,0,0,2,0,0
92,Diogo Dalot,pt POR,DEF,Manchester Utd,20,1999,0.7,0,0,0,1,0,0,0.0,1.38,0.00,0.00,0,0.1,0.1,0.15,-0.1,-0.1,Matches,0,0.0,0.0,0,51,64,79.7,1,2,50.0,40,47,85.1,10,15,66.7,7,40,0,0,1,13,1,0,0
93,Charlie Daniels,eng ENG,DEF,Bournemouth,32,1986,1.4,0,0,0,0,0,0,0,0.00,0.00,0,0,0.0,0.0,0,0.0,0.0,Matches,0,0.1,-0.1,2,35,49,71.4,3,3,100.0,24,29,82.8,8,17,47.1,42,1,4,0,0,6,4,1,1
94,Scott Dann,eng ENG,DEF,Crystal Palace,32,1987,5.1,0,0,0,2,1,0,50.0,0.40,0.20,0.00,0.00,0.2,0.2,0.09,-0.2,-0.2,Matches,1,0.2,+0.8,2,177,211,83.9,2,6,33.3,130,140,92.9,45,65,69.2,28,156,6,0,0,0,5,0,0
95,Kevin Danso,at AUT,DEF,Southampton,20,1998,3.1,0,0,0,1,0,0,0.0,0.33,0.00,0.00,0,0.1,0.1,0.09,-0.1,-0.1,Matches,1,0.2,+0.8,1,115,159,72.3,0,3,0.0,93,109,85.3,22,47,46.8,10,105,1,0,0,33,10,1,0
96,Ben Davies,wal WAL,DEF,Tottenham,26,1993,6.0,0,0,0,1,0,0,0.0,0.17,0.00,0.00,0,0.0,0.0,0.03,0.0,0.0,Matches,0,0.2,-0.2,3,259,350,74.0,6,17,35.3,222,270,82.2,31,63,49.2,233,25,7,1,0,63,26,3,2
97,Tom Davies,eng ENG,MID,Everton,21,1998,13.6,1,0,0,13,5,0,38.5,0.96,0.37,0.08,0.20,1.7,1.7,0.13,-0.7,-0.7,Matches,0,0.3,-0.3,3,402,517,77.8,5,21,23.8,315,365,86.3,82,131,62.6,57,402,7,4,0,5,48,10,0
98,Keinan Davis,eng ENG,FWD,Aston Villa,21,1998,1.2,0,0,0,7,3,0,42.9,5.94,2.55,0.00,0.00,0.7,0.7,0.10,-0.7,-0.7,Matches,0,0.0,0.0,2,25,30,83.3,1,3,33.3,22,25,88.0,2,2,100.0,25,3,0,0,0,0,1,0,0
99,Craig Dawson,eng ENG,DEF,Watford,29,1990,17.2,0,0,0,8,2,0,25.0,0.46,0.12,0.00,0.00,0.8,0.8,0.10,-0.8,-0.8,Matches,0,0.0,0.0,1,500,618,80.9,2,8,25.0,301,337,89.3,197,273,72.2,28,505,10,0,0,17,39,0,0
100,Kevin De Bruyne,be BEL,MID,Manchester City,28,1991,24.0,8,0,0,75,21,6,28.0,3.13,0.88,0.11,0.38,4.9,4.9,0.07,+3.1,+3.1,Matches,17,13.4,+3.6,92,1293,1735,74.5,21,72,29.2,915,1108,82.6,357,555,64.3,186,1479,39,22,145,26,135,77,8
101,Troy Deeney,eng ENG,FWD,Watford,31,1988,14.9,5,2,3,25,11,0,44.0,1.68,0.74,0.12,0.27,5.8,3.6,0.14,-0.8,-0.6,Matches,1,2.0,-1.0,16,243,411,59.1,9,30,30.0,202,317,63.7,32,64,50.0,12,225,0,1,1,1,30,16,0
102,Fabian Delph,eng ENG,MID,Everton,29,1989,13.2,0,0,0,3,0,0,0.0,0.23,0.00,0.00,0,0.1,0.1,0.02,-0.1,-0.1,Matches,0,0.3,-0.3,6,676,778,86.9,7,16,43.8,480,522,92.0,189,240,78.8,483,250,11,2,0,2,63,15,4
103,Leander Dendoncker,be BEL,DEF,Wolves,24,1995,24.2,2,0,0,12,3,0,25.0,0.50,0.12,0.17,0.67,1.2,1.2,0.10,+0.8,+0.8,Matches,0,0.6,-0.6,5,895,1035,86.5,6,22,27.3,647,731,88.5,242,282,85.8,165,745,9,0,0,2,46,3,1
104,Gerard Deulofeu,es ESP,FWD,Watford,25,1994,23.0,4,1,1,61,22,8,36.1,2.65,0.96,0.05,0.14,5.2,4.4,0.07,-1.2,-1.4,Matches,5,4.5,+0.5,44,592,808,73.3,26,72,36.1,453,548,82.7,113,188,60.1,65,718,30,3,33,8,30,28,2
105,Eric Dier,eng ENG,MID,Tottenham,25,1994,7.9,0,0,0,4,1,0,25.0,0.51,0.13,0.00,0.00,0.9,0.9,0.23,-0.9,-0.9,Matches,2,0.1,+1.9,4,331,428,77.3,8,13,61.5,241,290,83.1,82,125,65.6,72,305,10,0,0,1,30,2,0
106,Lucas Digne,fr FRA,DEF,Everton,26,1993,23.9,0,0,0,22,4,10,18.2,0.92,0.17,0.00,0.00,1.1,1.1,0.05,-1.1,-1.1,Matches,5,4.6,+0.4,57,976,1410,69.2,12,60,20.0,762,930,81.9,202,420,48.1,927,76,46,2,90,272,69,30,16
107,Virgil van Dijk,nl NED,DEF,Liverpool,28,1991,27.0,4,0,0,20,9,0,45.0,0.74,0.33,0.20,0.44,2.0,2.0,0.10,+2.0,+2.0,Matches,0,0.5,-0.5,2,1900,2099,90.5,10,15,66.7,1158,1231,94.1,732,853,85.8,244,1678,48,4,0,8,142,3,0
108,Issa Diop,fr FRA,DEF,West Ham,22,1997,19.7,3,0,0,9,5,0,55.6,0.46,0.25,0.33,0.60,1.1,1.1,0.13,+1.9,+1.9,Matches,0,0.3,-0.3,1,518,627,82.6,13,23,56.5,353,400,88.3,152,204,74.5,90,457,30,0,0,1,39,0,0
109,Moussa Djenepo,ml MLI,MID,Southampton,21,1998,10.0,2,0,0,20,7,0,35.0,2.00,0.70,0.10,0.29,2.3,2.3,0.12,-0.3,-0.3,Matches,2,1.4,+0.6,13,189,257,73.5,8,21,38.1,164,199,82.4,17,37,45.9,59,170,0,3,0,9,11,12,2
110,Matt Doherty,ie IRL,DEF,Wolves,27,1992,21.9,3,0,0,27,13,0,48.1,1.23,0.59,0.11,0.23,4.0,4.0,0.15,-1.0,-1.0,Matches,1,0.8,+0.2,14,898,1185,75.8,21,50,42.0,738,911,81.0,139,224,62.1,49,771,2,1,0,224,57,7,1
111,Abdoulaye Doucouré,fr FRA,MID,Watford,26,1993,25.2,4,0,0,47,10,0,21.3,1.86,0.40,0.09,0.40,3.9,3.9,0.08,+0.1,+0.1,Matches,1,1.9,-0.9,25,994,1246,79.8,32,83,38.6,784,932,84.1,178,231,77.1,194,963,8,1,1,0,89,17,1
112,Danny Drinkwater,eng ENG,MID,Aston Villa,29,1990,2.9,0,0,0,2,0,0,0.0,0.68,0.00,0.00,0,0.1,0.1,0.05,-0.1,-0.1,Matches,0,0.0,0.0,1,136,167,81.4,2,7,28.6,98,113,86.7,36,47,76.6,35,126,4,0,0,0,16,1,0
113,Danny Drinkwater,eng ENG,MID,Burnley,29,1990,0.7,0,0,0,0,0,0,0,0.00,0.00,0,0,0.0,0.0,0,0.0,0.0,Matches,0,0.0,0.0,0,11,20,55.0,0,3,0.0,10,12,83.3,1,5,20.0,3,14,1,0,0,0,0,0,0
114,Josip Drmić,ch SUI,FWD,Norwich City,26,1992,1.8,1,0,0,3,1,0,33.3,1.68,0.56,0.33,1.00,1.2,1.2,0.40,-0.2,-0.2,Matches,0,0.1,-0.1,1,36,45,80.0,0,2,0.0,34,38,89.5,2,5,40.0,6,36,0,0,0,0,3,0,0
115,Martin Dúbravka,sk SVK,GK,Newcastle Utd,30,1989,27.0,0,0,0,0,0,0,0,0.00,0.00,0,0,0.0,0.0,0,0.0,0.0,Matches,0,0.0,0.0,0,416,773,53.8,2,4,50.0,108,111,97.3,306,658,46.5,35,600,103,0,0,1,13,0,0
116,Ondrej Duda,sk SVK,MID,Norwich City,24,1994,4.5,0,0,0,5,1,0,20.0,1.11,0.22,0.00,0.00,0.4,0.4,0.08,-0.4,-0.4,Matches,0,0.8,-0.8,9,176,225,78.2,8,18,44.4,142,157,90.4,26,50,52.0,28,179,6,0,15,1,9,6,0
117,Shane Duffy,ie IRL,DEF,Brighton,27,1992,11.9,1,0,0,5,1,0,20.0,0.42,0.08,0.20,1.00,1.5,1.5,0.31,-0.5,-0.5,Matches,0,0.0,0.0,1,457,546,83.7,5,10,50.0,271,306,88.6,181,230,78.7,38,421,28,0,0,4,23,4,0
118,Paul Dummett,wal WAL,DEF,Newcastle Utd,27,1991,13.7,0,0,0,1,1,0,100.0,0.07,0.07,0.00,0.00,0.0,0.0,0.03,0.0,0.0,Matches,0,0.1,-0.1,4,358,502,71.3,3,14,21.4,283,330,85.8,72,158,45.6,382,30,11,0,0,41,46,4,3
119,Lewis Dunk,eng ENG,DEF,Brighton,27,1991,25.0,2,0,0,22,8,5,36.4,0.88,0.32,0.09,0.25,2.6,2.6,0.12,-0.6,-0.6,Matches,3,0.9,+2.1,8,1474,1689,87.3,8,18,44.4,931,990,94.0,535,681,78.6,104,1427,47,1,0,30,112,4,0
120,Ederson,br BRA,GK,Manchester City,25,1993,23.1,0,0,0,0,0,0,0,0.00,0.00,0,0,0.0,0.0,0,0.0,0.0,Matches,0,0.0,0.0,0,555,631,88.0,0,0,0,334,338,98.8,221,293,75.4,392,115,29,0,0,1,6,0,0
121,John Egan,ie IRL,DEF,Sheffield Utd,26,1992,25.9,0,0,0,18,3,0,16.7,0.70,0.12,0.00,0.00,1.4,1.4,0.08,-1.4,-1.4,Matches,0,0.1,-0.1,1,763,896,85.2,7,14,50.0,436,482,90.5,320,400,80.0,113,663,17,0,0,4,44,1,0
122,Harvey Elliot,eng ENG,FWD,Liverpool,0,0,0.0,0,0,0,0,0,0,0,0,0,0,0,0.0,0.0,0,0.0,0.0,Matches,0,0.0,0.0,0,0,0,0,0,0,0,0,0,0,0,0,0,0,0,0,0,0,0,0,0,0
123,Ahmed Elmohamady,eg EGY,DEF,Aston Villa,31,1987,7.8,0,0,0,4,0,0,0.0,0.51,0.00,0.00,0,0.2,0.2,0.06,-0.2,-0.2,Matches,1,1.2,-0.2,12,336,446,75.3,4,17,23.5,257,293,87.7,75,136,55.1,4,347,5,0,0,68,32,9,6
124,Björn Engels,be BEL,DEF,Aston Villa,24,1994,15.1,1,0,0,7,1,0,14.3,0.46,0.07,0.14,1.00,0.9,0.9,0.12,+0.1,+0.1,Matches,0,0.1,-0.1,1,491,583,84.2,3,7,42.9,290,323,89.8,198,253,78.3,52,473,17,0,0,2,46,0,0
125,Christian Eriksen,dk DEN,MID,Tottenham,27,1992,12.1,2,0,0,26,9,7,34.6,2.14,0.74,0.08,0.22,2.0,2.0,0.08,0.0,0.0,Matches,2,2.0,0.0,23,549,743,73.9,7,19,36.8,419,499,84.0,123,225,54.7,173,532,26,4,46,10,58,21,1
126,Jonny Evans,nir NIR,DEF,Leicester City,31,1988,26.6,1,0,0,19,7,0,36.8,0.71,0.26,0.05,0.14,2.0,2.0,0.11,-1.0,-1.0,Matches,1,0.2,+0.8,3,1419,1602,88.6,3,6,50.0,912,979,93.2,504,617,81.7,380,1118,48,1,0,3,86,2,0
127,Łukasz Fabiański,pl POL,GK,West Ham,34,1985,12.5,0,0,0,0,0,0,0,0.00,0.00,0,0,0.0,0.0,0,0.0,0.0,Matches,0,0.0,0.0,0,195,365,53.4,1,3,33.3,33,34,97.1,161,328,49.1,12,272,33,0,0,0,2,0,0
128,Fabinho,br BRA,MID,Liverpool,25,1993,14.0,1,0,0,8,2,0,25.0,0.57,0.14,0.13,0.50,0.2,0.2,0.02,+0.8,+0.8,Matches,1,1.2,-0.2,15,782,910,85.9,6,20,30.0,534,592,90.2,242,298,81.2,58,795,12,4,0,3,89,16,1
129,Ralf Fährmann,de GER,GK,Norwich City,30,1988,0.2,0,0,0,0,0,0,0,0.00,0.00,0,0,0.0,0.0,0,0.0,0.0,Matches,0,0.0,0.0,0,7,10,70.0,0,0,0,5,5,100.0,2,5,40.0,2,6,0,0,0,0,0,0,0
130,Kiko Femenía,es ESP,DEF,Watford,28,1991,15.0,0,0,0,4,1,0,25.0,0.27,0.07,0.00,0.00,0.1,0.1,0.03,-0.1,-0.1,Matches,0,1.2,-1.2,13,607,763,79.6,9,17,52.9,517,609,84.9,81,137,59.1,92,496,9,0,2,136,35,8,3
131,Bruno Fernandes,pt POR,MID,Manchester Utd,24,1994,3.0,1,1,1,9,3,2,33.3,3.00,1.00,0.00,0.00,1.3,0.6,0.06,-0.3,-0.6,Matches,2,0.6,+1.4,8,146,197,74.1,1,6,16.7,106,128,82.8,39,63,61.9,19,175,9,1,9,2,19,4,1
132,Gedson Fernandes,pt POR,MID,Tottenham,20,1999,0.4,0,0,0,1,0,0,0.0,2.81,0.00,0.00,0,0.0,0.0,0.03,0.0,0.0,Matches,0,0.0,0.0,1,10,14,71.4,1,2,50.0,8,9,88.9,1,3,33.3,1,12,0,0,0,0,1,0,0
133,Federico Fernández,ar ARG,DEF,Newcastle Utd,30,1989,18.1,2,0,0,11,4,0,36.4,0.61,0.22,0.18,0.50,1.4,1.4,0.13,+0.6,+0.6,Matches,1,0.3,+0.7,3,516,715,72.2,9,29,31.0,364,432,84.3,143,254,56.3,32,543,27,1,0,89,34,4,3
134,Fernandinho,br BRA,DEF,Manchester City,34,1985,21.2,0,0,0,11,1,0,9.1,0.52,0.05,0.00,0.00,0.8,0.8,0.08,-0.8,-0.8,Matches,0,0.3,-0.3,5,1539,1698,90.6,7,20,35.0,1008,1071,94.1,524,607,86.3,198,1386,33,1,0,12,178,7,0
135,Roberto Firmino,br BRA,FWD,Liverpool,27,1991,25.0,8,0,0,84,31,0,36.9,3.36,1.24,0.10,0.26,11.9,11.9,0.14,-3.9,-3.9,Matches,7,4.9,+2.1,36,716,900,79.6,28,78,35.9,589,699,84.3,99,123,80.5,118,711,2,7,0,8,51,23,0
136,John Fleck,sco SCO,MID,Sheffield Utd,27,1991,23.3,5,0,0,32,12,0,37.5,1.37,0.51,0.16,0.42,3.4,3.4,0.11,+1.6,+1.6,Matches,2,3.2,-1.2,35,719,976,73.7,27,69,39.1,554,647,85.6,138,260,53.1,828,82,26,2,63,6,83,28,5
137,Phil Foden,eng ENG,MID,Manchester City,19,2000,2.9,0,0,0,8,5,0,62.5,2.73,1.70,0.00,0.00,0.3,0.3,0.04,-0.3,-0.3,Matches,1,0.5,+0.5,7,145,160,90.6,4,5,80.0,122,133,91.7,19,22,86.4,145,10,0,1,2,2,13,1,0
138,Pablo Fornals,es ESP,MID,West Ham,23,1996,14.3,2,0,0,25,9,0,36.0,1.75,0.63,0.08,0.22,2.0,2.0,0.08,0.0,0.0,Matches,3,1.4,+1.6,13,414,540,76.7,16,42,38.1,340,397,85.6,58,101,57.4,65,452,8,2,16,2,23,9,0
139,Ben Foster,eng ENG,GK,Watford,36,1983,27.0,0,0,0,1,1,0,100.0,0.04,0.04,0.00,0.00,0.1,0.1,0.07,-0.1,-0.1,Matches,0,0.0,0.0,0,371,876,42.4,1,1,100.0,84,87,96.6,286,788,36.3,567,125,124,0,0,1,24,1,0
140,Dimitri Foulquier,fr FRA,MID,Watford,26,1993,0.6,0,0,0,0,0,0,0,0.00,0.00,0,0,0.0,0.0,0,0.0,0.0,Matches,0,0.0,0.0,1,10,13,76.9,1,2,50.0,6,6,100.0,3,5,60.0,2,10,0,0,0,1,1,0,0
141,Juan Foyth,ar ARG,DEF,Tottenham,21,1998,0.7,0,0,0,0,0,0,0,0.00,0.00,0,0,0.0,0.0,0,0.0,0.0,Matches,0,0.0,0.0,1,53,60,88.3,0,0,0,40,43,93.0,13,17,76.5,6,46,1,0,0,7,3,0,0
142,Simon Francis,eng ENG,DEF,Bournemouth,34,1985,10.7,0,0,0,3,0,0,0.0,0.28,0.00,0.00,0,0.2,0.2,0.06,-0.2,-0.2,Matches,0,0.4,-0.4,4,425,545,78.0,1,9,11.1,312,355,87.9,112,181,61.9,48,403,11,1,0,29,26,3,2
143,Ryan Fraser,sco SCO,MID,Bournemouth,25,1994,20.9,1,0,0,25,12,2,48.0,1.19,0.57,0.04,0.08,2.9,2.9,0.12,-1.9,-1.9,Matches,3,3.7,-0.7,39,611,892,68.5,14,48,29.2,510,616,82.8,87,228,38.2,182,655,33,9,58,19,52,37,6
144,Fred,br BRA,MID,Manchester Utd,26,1993,20.5,0,0,0,36,8,3,22.2,1.75,0.39,0.00,0.00,1.6,1.6,0.05,-1.6,-1.6,Matches,0,2.6,-2.6,35,1268,1485,85.4,18,44,40.9,906,997,90.9,344,444,77.5,1049,398,47,3,42,7,132,12,2
145,Ryan Fredericks,eng ENG,DEF,West Ham,26,1992,18.8,0,0,0,0,0,0,0,0.00,0.00,0,0,0.0,0.0,0,0.0,0.0,Matches,2,1.5,+0.5,18,577,803,71.9,17,49,34.7,481,593,81.1,79,161,49.1,67,528,4,0,0,148,22,8,3
146,Luke Freeman,eng ENG,MID,Sheffield Utd,27,1992,3.6,0,0,0,2,0,0,0.0,0.56,0.00,0.00,0,0.0,0.0,0.02,0.0,0.0,Matches,0,0.3,-0.3,3,99,133,74.4,3,11,27.3,84,102,82.4,12,20,60.0,111,16,0,0,7,0,6,3,2
147,Christian Fuchs,at AUT,DEF,Leicester City,33,1986,7.0,0,0,0,5,1,2,20.0,0.71,0.14,0.00,0.00,0.1,0.1,0.03,-0.1,-0.1,Matches,0,0.1,-0.1,2,416,509,81.7,3,12,25.0,321,353,90.9,92,144,63.9,364,50,11,1,0,62,39,5,2
148,Eric García,es ESP,DEF,Manchester City,18,2001,3.0,0,0,0,0,0,0,0,0.00,0.00,0,0,0.0,0.0,0,0.0,0.0,Matches,0,0.0,0.0,0,240,251,95.6,1,2,50.0,184,188,97.9,55,61,90.2,24,223,1,0,0,0,11,0,0
149,James Garner,eng ENG,MID,Manchester Utd,18,2001,0.1,0,0,0,0,0,0,0,0.00,0.00,0,0,0.0,0.0,0,0.0,0.0,Matches,0,0.0,0.0,0,15,15,100.0,0,0,0,12,12,100.0,3,3,100.0,2,12,0,0,0,0,1,0,0
150,Dwight Gayle,eng ENG,FWD,Newcastle Utd,28,1990,2.2,0,0,0,2,0,0,0.0,0.91,0.00,0.00,0,0.8,0.8,0.38,-0.8,-0.8,Matches,1,0.2,+0.8,1,33,40,82.5,2,2,100.0,24,29,82.8,7,9,77.8,3,27,1,0,0,0,1,0,0
151,Paulo Gazzaniga,ar ARG,GK,Tottenham,27,1992,16.9,0,0,0,0,0,0,0,0.00,0.00,0,0,0.0,0.0,0,0.0,0.0,Matches,0,0.4,-0.4,1,304,494,61.5,0,0,0,177,178,99.4,127,316,40.2,20,374,24,1,0,0,6,0,0
152,Jean-Philippe Gbamin,ci CIV,MID,Everton,23,1995,1.5,0,0,0,0,0,0,0,0.00,0.00,0,0,0.0,0.0,0,0.0,0.0,Matches,0,0.0,0.0,0,50,67,74.6,1,4,25.0,42,47,89.4,7,16,43.8,7,55,3,0,0,0,5,0,0
153,David de Gea,es ESP,GK,Manchester Utd,28,1990,27.0,0,0,0,0,0,0,0,0.00,0.00,0,0,0.0,0.0,0,0.0,0.0,Matches,0,0.0,0.0,0,514,674,76.3,0,3,0.0,312,315,99.0,202,356,56.7,33,497,55,0,0,1,2,0,0
154,Anwar El Ghazi,nl NED,FWD,Aston Villa,24,1995,18.4,4,1,1,43,16,4,37.2,2.34,0.87,0.07,0.19,5.5,4.7,0.11,-1.5,-1.7,Matches,4,2.5,+1.5,29,336,504,66.7,14,41,34.1,260,335,77.6,62,128,48.4,79,373,3,0,17,11,13,13,7
155,Morgan Gibbs-White,eng ENG,MID,Wolves,19,2000,1.4,0,0,0,2,0,0,0.0,1.46,0.00,0.00,0,0.1,0.1,0.04,-0.1,-0.1,Matches,0,0.1,-0.1,3,62,77,80.5,0,0,0,52,60,86.7,10,17,58.8,2,64,1,1,0,1,4,3,0
156,Billy Gilmour,sco SCO,MID,Chelsea,18,2001,0.1,0,0,0,0,0,0,0,0.00,0.00,0,0,0.0,0.0,0,0.0,0.0,Matches,0,0.1,-0.1,1,9,11,81.8,1,1,100.0,6,8,75.0,2,2,100.0,0,10,0,0,0,0,0,0,0
157,Olivier Giroud,fr FRA,FWD,Chelsea,32,1986,3.2,1,0,0,7,4,0,57.1,2.22,1.27,0.14,0.25,1.0,1.0,0.14,0.0,0.0,Matches,0,0.8,-0.8,4,70,90,77.8,6,10,60.0,62,77,80.5,2,3,66.7,58,15,0,0,0,0,2,2,0
158,Ben Godfrey,eng ENG,DEF,Norwich City,21,1998,18.4,0,0,0,8,2,0,25.0,0.44,0.11,0.00,0.00,0.4,0.4,0.05,-0.4,-0.4,Matches,0,0.0,0.0,0,923,1030,89.6,8,20,40.0,639,680,94.0,276,330,83.6,102,877,21,1,0,9,43,1,0
159,André Gomes,pt POR,MID,Everton,26,1993,6.8,0,0,0,2,0,0,0.0,0.29,0.00,0.00,0,0.2,0.2,0.09,-0.2,-0.2,Matches,0,0.4,-0.4,6,303,363,83.5,2,9,22.2,215,238,90.3,86,116,74.1,103,240,8,0,0,2,47,8,2
160,Angel Gomes,eng ENG,MID,Manchester Utd,18,2000,0.2,0,0,0,0,0,0,0,0.00,0.00,0,0,0.0,0.0,0,0.0,0.0,Matches,0,0.2,-0.2,2,11,13,84.6,1,1,100.0,7,9,77.8,3,3,100.0,0,13,0,1,0,0,1,2,0
161,Joe Gomez,eng ENG,DEF,Liverpool,22,1997,13.2,0,0,0,1,0,0,0.0,0.08,0.00,0.00,0,0.0,0.0,0.02,0.0,0.0,Matches,0,0.1,-0.1,4,1007,1127,89.4,8,17,47.1,645,686,94.0,354,424,83.5,86,959,18,0,0,7,53,3,0
162,Anthony Gordon,eng ENG,MID,Everton,18,2001,0.5,0,0,0,2,0,0,0.0,4.00,0.00,0.00,0,0.2,0.2,0.08,-0.2,-0.2,Matches,0,0.0,0.0,0,8,10,80.0,0,1,0.0,8,9,88.9,0,0,0,0,10,0,0,0,0,0,0,0
163,Dan Gosling,eng ENG,MID,Bournemouth,29,1990,9.6,2,0,0,8,4,0,50.0,0.83,0.42,0.25,0.50,1.6,1.6,0.20,+0.4,+0.4,Matches,1,0.3,+0.7,4,278,350,79.4,10,27,37.0,226,260,86.9,42,63,66.7,28,289,3,0,0,1,27,5,0
164,Andre Gray,eng ENG,FWD,Watford,28,1991,7.9,2,0,0,19,6,0,31.6,2.41,0.76,0.11,0.33,2.8,2.8,0.15,-0.8,-0.8,Matches,0,1.7,-1.7,8,93,141,66.0,4,14,28.6,77,108,71.3,12,19,63.2,30,93,0,1,0,0,8,3,1
165,Demarai Gray,eng ENG,MID,Leicester City,23,1996,4.6,1,0,1,10,4,0,40.0,2.19,0.88,0.10,0.25,1.9,1.1,0.11,-0.9,-0.1,Matches,1,0.7,+0.3,7,165,193,85.5,5,15,33.3,139,149,93.3,21,29,72.4,16,170,2,2,1,1,5,4,0
166,Jack Grealish,eng ENG,FWD,Aston Villa,23,1995,24.9,7,0,1,54,16,0,29.6,2.17,0.64,0.13,0.44,5.5,4.7,0.09,+1.5,+2.3,Matches,6,5.2,+0.8,70,892,1131,78.9,21,63,33.3,668,764,87.4,203,304,66.8,76,1005,55,3,59,23,75,50,1
167,Mason Greenwood,eng ENG,FWD,Manchester Utd,17,2001,6.4,5,0,0,20,12,0,60.0,3.14,1.88,0.25,0.42,2.0,2.0,0.10,+3.0,+3.0,Matches,0,0.3,-0.3,6,167,207,80.7,5,15,33.3,145,166,87.3,17,26,65.4,161,38,0,0,1,0,5,3,0
168,Arnaut Groeneveld,nl NED,MID,Bournemouth,22,1997,4.5,0,0,0,10,4,0,40.0,2.21,0.88,0.00,0.00,0.7,0.7,0.07,-0.7,-0.7,Matches,0,0.1,-0.1,2,124,159,78.0,3,12,25.0,95,117,81.2,26,30,86.7,24,125,0,0,0,1,7,4,1
169,Pascal Groß,de GER,MID,Brighton,28,1991,16.6,2,0,0,27,9,4,33.3,1.63,0.54,0.07,0.22,1.8,1.8,0.07,+0.2,+0.2,Matches,4,4.9,-0.9,54,668,892,74.9,8,42,19.0,515,587,87.7,145,263,55.1,158,698,34,2,62,2,49,25,5
170,Vicente Guaita,es ESP,GK,Crystal Palace,32,1987,25.0,0,0,0,0,0,0,0,0.00,0.00,0,0,0.0,0.0,0,0.0,0.0,Matches,0,0.0,0.0,0,426,772,55.2,3,4,75.0,165,165,100.0,258,603,42.8,67,530,65,0,0,1,8,0,0
171,Mattéo Guendouzi,fr FRA,MID,Arsenal,20,1999,17.7,0,0,0,11,5,0,45.5,0.62,0.28,0.00,0.00,0.6,0.6,0.05,-0.6,-0.6,Matches,1,1.1,-0.1,13,958,1079,88.8,14,38,36.8,708,762,92.9,236,279,84.6,58,972,22,2,1,8,125,18,1
172,Frederic Guilbert,fr FRA,DEF,Aston Villa,24,1994,20.1,0,0,0,6,2,0,33.3,0.30,0.10,0.00,0.00,0.3,0.3,0.04,-0.3,-0.3,Matches,2,1.4,+0.6,13,634,936,67.7,7,43,16.3,481,612,78.6,146,281,52.0,84,589,12,1,1,173,67,16,8
173,İlkay Gündoğan,de GER,MID,Manchester City,28,1990,16.7,2,1,2,28,5,2,17.9,1.68,0.30,0.04,0.20,4.3,2.8,0.10,-2.3,-1.8,Matches,1,2.3,-1.3,30,1310,1440,91.0,15,32,46.9,1009,1085,93.0,286,323,88.5,386,995,19,8,12,5,125,28,1
174,Angus Gunn,eng ENG,GK,Southampton,23,1996,10.0,0,0,0,0,0,0,0,0.00,0.00,0,0,0.0,0.0,0,0.0,0.0,Matches,0,0.0,0.0,0,111,256,43.4,0,0,0,47,47,100.0,64,209,30.6,8,202,33,0,0,0,6,1,0
175,Sébastien Haller,fr FRA,FWD,West Ham,25,1994,21.9,6,0,0,46,22,0,47.8,2.10,1.01,0.13,0.27,5.9,5.9,0.13,+0.1,+0.1,Matches,1,1.3,-0.3,19,457,669,68.3,22,48,45.8,391,545,71.7,44,76,57.9,72,388,0,1,0,0,41,13,2
176,Grant Hanley,sco SCO,DEF,Norwich City,27,1991,12.0,0,0,0,7,2,0,28.6,0.58,0.17,0.00,0.00,0.6,0.6,0.09,-0.6,-0.6,Matches,0,0.0,0.0,1,455,541,84.1,7,12,58.3,300,327,91.7,148,202,73.3,57,444,29,0,0,0,19,0,0
177,Kortney Hause,eng ENG,DEF,Aston Villa,24,1995,11.0,0,0,0,7,0,0,0.0,0.64,0.00,0.00,0,0.7,0.7,0.10,-0.7,-0.7,Matches,0,0.0,0.0,0,439,593,74.0,7,21,33.3,331,390,84.9,101,182,55.5,429,52,15,0,0,21,36,1,0
178,Isaac Hayden,eng ENG,MID,Newcastle Utd,24,1995,20.0,1,0,0,14,3,0,21.4,0.70,0.15,0.07,0.33,0.8,0.8,0.06,+0.2,+0.2,Matches,1,1.3,-0.3,9,448,613,73.1,7,37,18.9,361,447,80.8,80,129,62.0,81,453,13,3,0,12,32,6,1
179,Tom Heaton,eng ENG,GK,Aston Villa,33,1986,19.9,0,0,0,0,0,0,0,0.00,0.00,0,0,0.0,0.0,0,0.0,0.0,Matches,0,0.0,0.0,0,350,614,57.0,2,2,100.0,159,159,100.0,189,453,41.7,28,461,76,0,0,0,8,0,0
180,Dean Henderson,eng ENG,GK,Sheffield Utd,22,1997,26.0,0,0,0,1,0,0,0.0,0.04,0.00,0.00,0,0.0,0.0,0.05,0.0,0.0,Matches,0,0.0,0.0,0,294,746,39.4,0,0,0,75,76,98.7,219,670,32.7,41,541,85,0,0,0,34,1,0
181,Jordan Henderson,eng ENG,MID,Liverpool,29,1990,21.0,3,0,0,15,6,0,40.0,0.71,0.29,0.20,0.50,1.1,1.1,0.07,+1.9,+1.9,Matches,5,2.8,+2.2,22,1333,1585,84.1,19,49,38.8,945,1027,92.0,369,509,72.5,169,1323,14,10,1,13,148,23,3
182,Jeff Hendrick,ie IRL,MID,Burnley,27,1992,19.5,2,0,0,20,6,0,30.0,1.03,0.31,0.10,0.33,1.6,1.6,0.08,+0.4,+0.4,Matches,2,0.7,+1.3,9,380,520,73.1,8,39,20.5,309,367,84.2,63,114,55.3,55,416,3,0,6,6,21,8,1
183,Wayne Hennessey,wal WAL,GK,Crystal Palace,32,1987,2.0,0,0,0,0,0,0,0,0.00,0.00,0,0,0.0,0.0,0,0.0,0.0,Matches,0,0.0,0.0,0,32,66,48.5,0,0,0,7,7,100.0,25,59,42.4,6,52,11,0,0,0,3,0,0
184,Javier Hernández,mx MEX,FWD,West Ham,31,1988,1.2,1,0,0,3,2,1,66.7,2.52,1.68,0.33,0.50,0.7,0.7,0.25,+0.3,+0.3,Matches,0,0.0,0.0,0,19,22,86.4,3,4,75.0,14,16,87.5,2,2,100.0,6,14,0,0,0,0,2,1,0
185,Onel Hernández,cu CUB,FWD,Norwich City,26,1993,8.4,1,0,0,16,6,0,37.5,1.90,0.71,0.06,0.17,1.1,1.1,0.07,-0.1,-0.1,Matches,1,0.6,+0.4,12,131,192,68.2,3,17,17.6,120,152,78.9,8,23,34.8,42,143,0,1,1,4,2,8,2
186,Son Heung-min,kr KOR,FWD,Tottenham,27,1992,19.4,9,0,1,64,30,0,46.9,3.30,1.54,0.14,0.30,7.2,6.3,0.10,+1.8,+2.7,Matches,7,4.9,+2.1,31,473,577,82.0,7,36,19.4,395,441,89.6,71,100,71.0,85,458,6,5,18,15,32,20,3
187,Rob Holding,eng ENG,DEF,Arsenal,23,1995,1.0,0,0,0,0,0,0,0,0.00,0.00,0,0,0.0,0.0,0,0.0,0.0,Matches,0,0.0,0.0,0,35,43,81.4,0,0,0,21,23,91.3,14,20,70.0,10,31,0,0,0,0,1,0,0
188,José Holebas,gr GRE,DEF,Watford,35,1984,11.2,0,0,0,6,3,1,50.0,0.54,0.27,0.00,0.00,0.4,0.4,0.07,-0.4,-0.4,Matches,0,0.7,-0.7,10,422,589,71.6,10,19,52.6,311,367,84.7,101,203,49.8,366,48,17,0,35,124,43,8,5
189,Mason Holgate,eng ENG,DEF,Everton,22,1996,17.2,0,0,0,11,5,0,45.5,0.64,0.29,0.00,0.00,2.2,2.2,0.20,-2.2,-2.2,Matches,3,0.5,+2.5,2,633,742,85.3,4,16,25.0,360,397,90.7,269,329,81.8,115,564,20,0,0,9,39,4,0
190,Nathan Holland,eng ENG,MID,West Ham,21,1998,0.3,0,0,0,1,1,0,100.0,2.90,2.90,0.00,0.00,0.0,0.0,0.04,0.0,0.0,Matches,0,0.0,0.0,0,11,14,78.6,0,0,0,11,13,84.6,0,1,0.0,0,13,0,0,0,1,0,0,0
191,Conor Hourihane,ie IRL,MID,Aston Villa,28,1991,9.8,3,0,0,16,7,2,43.8,1.63,0.72,0.19,0.43,1.0,1.0,0.06,+2.0,+2.0,Matches,2,2.5,-0.5,18,330,414,79.7,10,20,50.0,252,285,88.4,68,109,62.4,361,38,36,2,24,6,32,10,5
192,Callum Hudson-Odoi,eng ENG,FWD,Chelsea,18,2000,8.6,1,0,0,22,4,0,18.2,2.57,0.47,0.05,0.25,2.0,2.0,0.09,-1.0,-1.0,Matches,4,2.3,+1.7,19,351,436,80.5,7,21,33.3,272,312,87.2,72,103,69.9,54,355,2,1,17,7,14,22,4
193,Will Hughes,eng ENG,MID,Watford,24,1995,14.9,1,0,0,16,2,0,12.5,1.07,0.13,0.06,0.50,2.2,2.2,0.14,-1.2,-1.2,Matches,1,0.8,+0.2,12,372,514,72.4,9,28,32.1,323,396,81.6,40,90,44.4,386,90,10,1,12,1,34,11,1
194,Pierre Højbjerg,dk DEN,MID,Southampton,23,1995,25.2,0,0,0,39,9,0,23.1,1.55,0.36,0.00,0.00,2.0,2.0,0.05,-2.0,-2.0,Matches,1,1.5,-0.5,25,1112,1436,77.4,16,46,34.8,848,1013,83.7,248,377,65.8,247,1028,31,1,1,8,116,25,5
195,Jordon Ibe,eng ENG,DEF,Bournemouth,23,1995,0.5,0,0,0,0,0,0,0,0.00,0.00,0,0,0.0,0.0,0,0.0,0.0,Matches,0,0.0,0.0,0,17,22,77.3,0,2,0.0,14,17,82.4,3,3,100.0,5,13,1,0,1,2,2,1,0
196,Adam Idah,ie IRL,FWD,Norwich City,18,2001,0.7,0,0,0,0,0,0,0,0.00,0.00,0,0,0.0,0.0,0,0.0,0.0,Matches,0,0.0,0.0,0,3,6,50.0,0,1,0.0,3,4,75.0,0,1,0.0,1,4,0,0,0,0,0,0,0
197,Odion Ighalo,ng NGA,FWD,Manchester Utd,30,1989,0.1,0,0,0,3,1,0,33.3,27.00,9.00,0.00,0.00,0.6,0.6,0.18,-0.6,-0.6,Matches,0,0.0,0.0,0,3,3,100.0,0,0,0,3,3,100.0,0,0,0,0,3,0,0,0,0,0,0,0
198,Kelechi Iheanacho,ng NGA,FWD,Leicester City,22,1996,4.8,3,0,0,15,8,0,53.3,3.11,1.66,0.20,0.38,2.2,2.2,0.15,+0.8,+0.8,Matches,3,2.1,+0.9,11,91,112,81.3,3,13,23.1,77,86,89.5,11,13,84.6,94,14,0,6,0,0,5,5,0
199,Danny Ings,eng ENG,FWD,Southampton,27,1992,20.9,15,0,0,65,28,0,43.1,3.11,1.34,0.23,0.54,11.4,11.4,0.18,+3.6,+3.6,Matches,1,1.6,-0.6,21,259,417,62.1,9,30,30.0,209,294,71.1,41,93,44.1,52,318,0,1,0,0,21,16,5
200,Alex Iwobi,ng NGA,MID,Everton,23,1996,13.0,1,0,0,21,8,0,38.1,1.62,0.62,0.05,0.13,2.1,2.1,0.10,-1.1,-1.1,Matches,0,2.0,-2.0,17,339,448,75.7,5,28,17.9,247,296,83.4,87,124,70.2,49,388,1,5,1,0,48,25,4
201,Phil Jagielka,eng ENG,DEF,Sheffield Utd,36,1982,1.4,0,0,0,0,0,0,0,0.00,0.00,0,0,0.0,0.0,0,0.0,0.0,Matches,0,0.0,0.0,0,29,37,78.4,0,0,0,20,22,90.9,9,15,60.0,4,28,0,0,0,1,2,1,1
202,Alireza Jahanbakhsh,ir IRN,FWD,Brighton,25,1993,3.0,2,0,0,9,2,0,22.2,3.03,0.67,0.22,1.00,0.4,0.4,0.05,+1.6,+1.6,Matches,0,0.1,-0.1,2,67,106,63.2,1,6,16.7,58,77,75.3,8,23,34.8,11,88,0,0,1,2,2,2,0
203,Daniel James,wal WAL,FWD,Manchester Utd,21,1997,23.2,3,0,0,37,15,0,40.5,1.60,0.65,0.08,0.20,2.9,2.9,0.08,+0.1,+0.1,Matches,6,4.0,+2.0,26,524,720,72.8,17,67,25.4,453,548,82.7,54,105,51.4,91,611,4,3,3,4,32,18,3
204,Matty James,eng ENG,MID,Leicester City,28,1991,0.1,0,0,0,0,0,0,0,0.00,0.00,0,0,0.0,0.0,0,0.0,0.0,Matches,0,0.0,0.0,0,6,6,100.0,0,0,0,5,5,100.0,1,1,100.0,1,5,0,0,0,0,0,0,0
205,Reece James,eng ENG,DEF,Chelsea,19,1999,10.5,0,0,0,13,1,0,7.7,1.24,0.10,0.00,0.00,0.6,0.6,0.05,-0.6,-0.6,Matches,2,1.6,+0.4,12,617,743,83.0,12,28,42.9,480,533,90.1,125,182,68.7,55,543,18,2,4,114,34,12,3
206,Daryl Janmaat,nl NED,DEF,Watford,30,1989,6.8,0,0,0,4,0,0,0.0,0.59,0.00,0.00,0,0.3,0.3,0.07,-0.3,-0.3,Matches,1,0.4,+0.6,7,257,341,75.4,7,18,38.9,213,238,89.5,37,85,43.5,43,237,1,0,0,53,23,8,3
207,Gabriel Jesus,br BRA,FWD,Manchester City,22,1997,14.5,10,0,1,67,31,0,46.3,4.62,2.14,0.15,0.32,13.1,12.4,0.19,-3.1,-2.4,Matches,4,1.4,+2.6,15,343,391,87.7,20,33,60.6,294,320,91.9,29,38,76.3,49,305,0,0,1,4,12,6,0
208,Raúl Jiménez,mx MEX,FWD,Wolves,28,1991,25.4,12,3,3,86,29,0,33.7,3.39,1.14,0.10,0.31,12.0,9.7,0.11,0.0,-0.7,Matches,6,5.0,+1.0,35,516,689,74.9,15,58,25.9,408,493,82.8,93,138,67.4,40,548,2,6,0,11,48,15,2
209,Joelinton,br BRA,FWD,Newcastle Utd,22,1996,23.7,1,0,0,43,12,0,27.9,1.82,0.51,0.02,0.08,3.8,3.8,0.09,-2.8,-2.8,Matches,2,2.2,-0.2,23,490,607,80.7,19,39,48.7,415,496,83.7,56,72,77.8,89,364,1,3,0,2,36,6,1
210,Curtis Jones,eng ENG,MID,Liverpool,18,2001,0.2,0,0,0,1,0,0,0.0,4.74,0.00,0.00,0,0.0,0.0,0.05,0.0,0.0,Matches,0,0.0,0.0,0,22,23,95.7,0,0,0,22,22,100.0,0,1,0.0,4,19,0,0,0,0,2,1,0
211,Phil Jones,eng ENG,DEF,Manchester Utd,27,1992,1.5,0,0,0,2,1,0,50.0,1.33,0.67,0.00,0.00,0.2,0.2,0.11,-0.2,-0.2,Matches,0,0.0,0.0,0,79,89,88.8,2,3,66.7,60,66,90.9,17,20,85.0,7,73,2,0,0,1,6,0,0
212,Jorginho,it ITA,MID,Chelsea,27,1991,21.7,4,3,3,10,1,0,10.0,0.46,0.05,0.10,1.00,3.5,1.2,0.12,+0.5,-0.2,Matches,2,2.2,-0.2,21,1523,1748,87.1,28,44,63.6,1169,1288,90.8,326,416,78.4,104,1588,45,4,0,4,182,27,0
213,Jota,es ESP,FWD,Aston Villa,28,1991,3.5,0,0,0,4,1,0,25.0,1.15,0.29,0.00,0.00,0.1,0.1,0.03,-0.1,-0.1,Matches,1,0.6,+0.4,5,66,86,76.7,1,4,25.0,50,61,82.0,15,21,71.4,73,9,2,2,0,2,10,4,0
214,Diogo Jota,pt POR,FWD,Wolves,22,1996,18.0,5,0,0,53,20,0,37.7,2.94,1.11,0.09,0.25,7.4,7.4,0.14,-2.4,-2.4,Matches,0,2.2,-2.2,24,465,601,77.4,12,35,34.3,391,482,81.1,62,84,73.8,193,373,0,0,1,4,26,15,5
215,James Justin,eng ENG,DEF,Leicester City,21,1998,1.2,0,0,0,0,0,0,0,0.00,0.00,0,0,0.0,0.0,0,0.0,0.0,Matches,1,0.3,+0.7,2,76,91,83.5,2,5,40.0,69,73,94.5,5,13,38.5,8,59,0,0,0,18,3,1,0
216,Christian Kabasele,be BEL,DEF,Watford,28,1991,15.5,0,0,0,5,1,0,20.0,0.32,0.06,0.00,0.00,0.6,0.6,0.13,-0.6,-0.6,Matches,1,0.3,+0.7,2,321,419,76.6,5,12,41.7,210,237,88.6,106,170,62.4,33,339,6,0,0,1,26,0,0
217,Harry Kane,eng ENG,FWD,Tottenham,26,1993,19.8,11,2,2,53,21,3,39.6,2.68,1.06,0.17,0.43,6.9,5.4,0.10,+4.1,+3.6,Matches,2,1.8,+0.2,19,284,424,67.0,6,28,21.4,215,291,73.9,63,105,60.0,40,315,4,5,0,5,36,10,0
218,N'Golo Kanté,fr FRA,MID,Chelsea,28,1991,15.4,3,0,0,16,6,0,37.5,1.04,0.39,0.19,0.50,1.5,1.5,0.09,+1.5,+1.5,Matches,0,2.0,-2.0,24,720,859,83.8,24,52,46.2,566,651,86.9,130,156,83.3,119,690,4,0,0,0,79,22,6
219,Moise Kean,it ITA,FWD,Everton,19,2000,7.1,1,0,0,23,8,0,34.8,3.26,1.13,0.04,0.13,2.9,2.9,0.13,-1.9,-1.9,Matches,2,0.5,+1.5,4,83,114,72.8,9,21,42.9,67,81,82.7,7,12,58.3,19,81,0,0,0,1,4,3,0
220,Michael Keane,eng ENG,DEF,Everton,26,1993,17.4,1,0,0,10,3,0,30.0,0.57,0.17,0.10,0.33,1.4,1.4,0.14,-0.4,-0.4,Matches,0,0.2,-0.2,2,623,754,82.6,5,11,45.5,368,420,87.6,250,323,77.4,115,544,29,0,0,4,41,1,0
221,Naby Keïta,gn GUI,MID,Liverpool,24,1995,4.1,1,0,0,7,5,0,71.4,1.71,1.22,0.14,0.20,1.5,1.5,0.21,-0.5,-0.5,Matches,1,1.2,-0.2,8,285,314,90.8,7,12,58.3,242,260,93.1,36,42,85.7,41,258,1,3,2,2,26,10,2
222,Martin Kelly,eng ENG,DEF,Crystal Palace,29,1990,17.2,0,0,0,3,0,0,0.0,0.17,0.00,0.00,0,0.1,0.1,0.03,-0.1,-0.1,Matches,1,0.9,+0.1,6,493,670,73.6,8,26,30.8,365,439,83.1,120,205,58.5,65,448,13,0,0,115,26,5,4
223,Max Kilman,eng ENG,DEF,Wolves,22,1997,2.0,0,0,0,0,0,0,0,0.00,0.00,0,0,0.0,0.0,0,0.0,0.0,Matches,0,0.0,0.0,0,72,90,80.0,1,3,33.3,55,62,88.7,16,25,64.0,76,6,0,0,0,0,4,0,0
224,Joshua King,no NOR,FWD,Bournemouth,27,1992,15.5,3,1,1,16,7,0,43.8,1.03,0.45,0.13,0.29,3.9,3.2,0.20,-0.9,-1.2,Matches,2,2.5,-0.5,20,246,351,70.1,8,34,23.5,209,272,76.8,29,45,64.4,32,279,1,1,1,1,18,11,2
225,Jonathan Kodjia,ci CIV,FWD,Aston Villa,29,1989,1.2,0,0,0,2,0,0,0.0,1.62,0.00,0.00,0,0.1,0.1,0.03,-0.1,-0.1,Matches,0,0.0,0.0,0,19,30,63.3,0,1,0.0,16,25,64.0,3,4,75.0,2,24,0,0,0,0,1,0,0
226,Sead Kolašinac,ba BIH,DEF,Arsenal,26,1993,12.3,0,0,0,3,0,0,0.0,0.24,0.00,0.00,0,0.7,0.7,0.24,-0.7,-0.7,Matches,2,1.0,+1.0,9,541,652,83.0,5,23,21.7,468,531,88.1,68,98,69.4,443,67,1,0,0,89,26,13,4
227,Ezri Konsa,eng ENG,DEF,Aston Villa,21,1998,13.3,0,0,0,8,2,0,25.0,0.60,0.15,0.00,0.00,0.6,0.6,0.08,-0.6,-0.6,Matches,2,0.1,+1.9,3,418,507,82.4,3,12,25.0,292,324,90.1,123,171,71.9,45,388,9,0,0,24,27,0,0
228,Cheikhou Kouyaté,sn SEN,MID,Crystal Palace,29,1989,20.1,1,0,0,20,4,0,20.0,0.99,0.20,0.05,0.25,1.5,1.5,0.08,-0.5,-0.5,Matches,1,0.9,+0.1,8,456,602,75.7,19,42,45.2,367,453,81.0,70,107,65.4,51,450,6,0,0,4,28,3,0
229,Mateo Kovačić,hr CRO,MID,Chelsea,25,1994,17.7,1,0,0,18,4,0,22.2,1.02,0.23,0.06,0.25,1.1,1.1,0.06,-0.1,-0.1,Matches,3,1.9,+1.1,25,1300,1444,90.0,18,29,62.1,969,1032,93.9,313,383,81.7,64,1349,34,5,0,5,137,19,2
230,Emil Krafth,se SWE,DEF,Newcastle Utd,24,1994,6.3,0,0,0,3,0,0,0.0,0.48,0.00,0.00,0,0.2,0.2,0.08,-0.2,-0.2,Matches,0,0.0,0.0,0,160,226,70.8,2,12,16.7,137,164,83.5,21,50,42.0,18,153,3,0,0,49,9,1,0
231,Tim Krul,nl NED,GK,Norwich City,31,1988,25.0,0,0,0,0,0,0,0,0.00,0.00,0,0,0.0,0.0,0,0.0,0.0,Matches,0,0.0,0.0,0,645,996,64.8,0,4,0.0,287,290,99.0,358,702,51.0,623,197,69,0,0,1,6,0,0
232,Alexandre Lacazette,fr FRA,FWD,Arsenal,28,1991,14.3,6,0,0,40,17,2,42.5,2.80,1.19,0.15,0.35,5.0,5.0,0.13,+1.0,+1.0,Matches,3,2.1,+0.9,17,264,345,76.5,13,34,38.2,212,247,85.8,39,64,60.9,52,279,0,3,0,0,19,11,1
233,Adam Lallana,eng ENG,MID,Liverpool,31,1988,3.8,1,0,0,3,1,0,33.3,0.80,0.27,0.33,1.00,1.0,1.0,0.33,0.0,0.0,Matches,1,0.4,+0.6,4,176,212,83.0,6,15,40.0,155,173,89.6,15,24,62.5,59,134,1,0,0,0,14,3,0
234,Érik Lamela,ar ARG,MID,Tottenham,27,1992,9.5,2,0,0,23,6,4,26.1,2.41,0.63,0.09,0.33,2.0,2.0,0.09,0.0,0.0,Matches,1,1.5,-0.5,14,343,445,77.1,16,31,51.6,284,324,87.7,43,90,47.8,392,41,7,1,36,1,18,12,1
235,Tariq Lamptey,eng ENG,DEF,Chelsea,18,2000,0.3,0,0,0,0,0,0,0,0.00,0.00,0,0,0.0,0.0,0,0.0,0.0,Matches,0,0.1,-0.1,1,12,14,85.7,0,1,0.0,9,10,90.0,3,3,100.0,4,5,0,1,0,5,0,1,0
236,Henri Lansbury,eng ENG,MID,Aston Villa,28,1990,2.1,0,0,0,2,0,0,0.0,0.95,0.00,0.00,0,0.1,0.1,0.05,-0.1,-0.1,Matches,0,0.1,-0.1,2,60,81,74.1,1,3,33.3,37,49,75.5,22,29,75.9,7,62,0,0,0,0,9,0,0
237,Manuel Lanzini,ar ARG,MID,West Ham,26,1993,13.2,0,0,0,19,7,2,36.8,1.44,0.53,0.00,0.00,1.7,1.7,0.09,-1.7,-1.7,Matches,2,2.3,-0.3,28,594,707,84.0,27,39,69.2,470,527,89.2,97,141,68.8,79,601,17,3,31,2,60,13,3
238,Aymeric Laporte,fr FRA,DEF,Manchester City,25,1994,5.6,0,0,0,1,0,0,0.0,0.18,0.00,0.00,0,0.1,0.1,0.09,-0.1,-0.1,Matches,0,0.1,-0.1,1,465,497,93.6,1,6,16.7,344,352,97.7,120,139,86.3,363,95,10,0,0,4,50,0,0
239,Jamaal Lascelles,eng ENG,DEF,Newcastle Utd,25,1993,16.1,1,0,0,7,2,0,28.6,0.43,0.12,0.14,0.50,0.3,0.3,0.05,+0.7,+0.7,Matches,0,0.1,-0.1,2,368,439,83.8,5,10,50.0,250,291,85.9,113,138,81.9,75,302,8,1,0,0,12,1,0
240,Valentino Lazaro,at AUT,DEF,Newcastle Utd,23,1996,2.2,0,0,0,0,0,0,0,0.00,0.00,0,0,0.0,0.0,0,0.0,0.0,Matches,0,0.1,-0.1,3,70,92,76.1,4,5,80.0,58,64,90.6,8,23,34.8,9,71,4,0,10,5,3,2,0
241,Moritz Leitner,de GER,MID,Norwich City,26,1992,7.6,0,0,0,8,0,0,0.0,1.05,0.00,0.00,0,0.2,0.2,0.03,-0.2,-0.2,Matches,0,0.3,-0.3,8,472,553,85.4,12,23,52.2,390,430,90.7,70,100,70.0,88,449,20,2,1,4,46,15,1
242,Florian Lejeune,fr FRA,DEF,Newcastle Utd,28,1991,4.9,2,0,0,4,3,0,75.0,0.82,0.61,0.50,0.67,0.7,0.7,0.17,+1.3,+1.3,Matches,0,0.1,-0.1,1,136,187,72.7,0,3,0.0,97,117,82.9,39,67,58.2,40,120,6,0,0,12,9,0,0
243,Aaron Lennon,eng ENG,MID,Burnley,32,1987,5.4,0,0,0,1,0,0,0.0,0.19,0.00,0.00,0,0.0,0.0,0.03,0.0,0.0,Matches,0,0.1,-0.1,2,91,130,70.0,2,13,15.4,75,92,81.5,14,25,56.0,11,111,0,0,1,1,5,1,0
244,Bernd Leno,de GER,GK,Arsenal,27,1992,27.0,0,0,0,0,0,0,0,0.00,0.00,0,0,0.0,0.0,0,0.0,0.0,Matches,0,0.0,0.0,0,668,895,74.6,4,5,80.0,432,436,99.1,232,454,51.1,144,559,53,0,0,0,3,0,0
245,Jefferson Lerma,co COL,MID,Bournemouth,24,1994,19.7,0,0,0,20,1,0,5.0,1.01,0.05,0.00,0.00,0.6,0.6,0.03,-0.6,-0.6,Matches,1,0.8,+0.2,8,768,959,80.1,14,32,43.8,560,649,86.3,194,278,69.8,94,766,23,0,0,5,84,11,0
246,Jamal Lewis,nir NIR,DEF,Norwich City,21,1998,14.6,0,0,0,6,2,0,33.3,0.41,0.14,0.00,0.00,0.2,0.2,0.03,-0.2,-0.2,Matches,0,0.4,-0.4,6,646,812,79.6,12,38,31.6,556,646,86.1,78,128,60.9,565,85,9,1,0,140,31,12,4
247,Victor Lindelöf,se SWE,DEF,Manchester Utd,25,1994,24.0,1,0,0,5,1,0,20.0,0.21,0.04,0.20,1.00,0.4,0.4,0.07,+0.6,+0.6,Matches,0,0.4,-0.4,4,1183,1363,86.8,10,27,37.0,852,920,92.6,321,416,77.2,181,1068,39,2,0,11,64,1,0
248,Jesse Lingard,eng ENG,MID,Manchester Utd,26,1992,9.9,0,0,0,20,5,0,25.0,2.02,0.51,0.00,0.00,1.9,1.9,0.09,-1.9,-1.9,Matches,0,0.8,-0.8,16,334,391,85.4,15,25,60.0,282,316,89.2,37,50,74.0,16,352,3,1,2,6,31,10,0
249,Hugo Lloris,fr FRA,GK,Tottenham,32,1986,10.1,0,0,0,0,0,0,0,0.00,0.00,0,0,0.0,0.0,0,0.0,0.0,Matches,0,0.0,0.0,0,230,305,75.4,2,2,100.0,115,116,99.1,113,187,60.4,176,64,16,0,0,0,4,0,0
250,Giovani Lo Celso,ar ARG,MID,Tottenham,23,1996,8.2,0,0,0,9,2,0,22.2,1.10,0.25,0.00,0.00,0.7,0.7,0.08,-0.7,-0.7,Matches,0,0.8,-0.8,14,364,441,82.5,8,16,50.0,287,324,88.6,69,101,68.3,376,46,15,2,14,2,41,8,0
251,Jürgen Locadia,nl NED,MID,Brighton,25,1993,1.0,0,0,0,2,1,0,50.0,2.09,1.05,0.00,0.00,0.4,0.4,0.19,-0.4,-0.4,Matches,0,0.0,0.0,0,9,19,47.4,0,3,0.0,9,15,60.0,0,1,0.0,2,14,0,0,0,0,0,0,0
252,Kevin Long,ie IRL,MID,Burnley,28,1990,0.0,0,0,0,0,0,0,0,0.00,0.00,0,0,0.0,0.0,0,0.0,0.0,Matches,0,0.0,0.0,0,1,3,33.3,0,0,0,1,3,33.3,0,0,0,0,1,0,0,0,0,1,0,0
253,Shane Long,ie IRL,FWD,Southampton,32,1987,10.8,2,0,0,26,9,0,34.6,2.40,0.83,0.08,0.22,4.2,4.2,0.16,-2.2,-2.2,Matches,2,1.2,+0.8,13,165,297,55.6,11,31,35.5,143,237,60.3,11,29,37.9,38,131,0,0,0,1,13,7,3
254,Matthew Longstaff,eng ENG,MID,Newcastle Utd,19,2000,6.1,2,0,0,3,2,0,66.7,0.50,0.33,0.67,1.00,0.3,0.3,0.11,+1.7,+1.7,Matches,0,0.2,-0.2,3,183,225,81.3,3,8,37.5,138,159,86.8,42,58,72.4,20,190,3,0,0,0,12,4,1
255,Sean Longstaff,eng ENG,MID,Newcastle Utd,21,1997,14.3,0,0,0,22,5,3,22.7,1.54,0.35,0.00,0.00,0.7,0.7,0.03,-0.7,-0.7,Matches,1,0.9,+0.1,15,484,621,77.9,9,25,36.0,358,414,86.5,117,182,64.3,108,449,39,1,11,1,40,4,1
256,Dejan Lovren,hr CRO,DEF,Liverpool,30,1989,7.4,0,0,0,4,1,0,25.0,0.54,0.13,0.00,0.00,0.3,0.3,0.09,-0.3,-0.3,Matches,1,0.4,+0.6,1,429,483,88.8,1,5,20.0,284,297,95.6,144,181,79.6,95,345,12,1,0,0,30,2,0
257,Matthew Lowton,eng ENG,DEF,Burnley,30,1989,15.0,0,0,0,0,0,0,0,0.00,0.00,0,0,0.0,0.0,0,0.0,0.0,Matches,1,1.1,-0.1,12,440,648,67.9,8,24,33.3,313,387,80.9,119,237,50.2,45,429,10,2,0,139,42,10,3
258,David Luiz,br BRA,DEF,Arsenal,32,1987,23.3,2,0,0,19,5,5,26.3,0.82,0.21,0.11,0.40,1.5,1.5,0.08,+0.5,+0.5,Matches,1,1.0,0.0,4,1105,1287,85.9,8,18,44.4,642,684,93.9,455,585,77.8,326,906,74,5,0,3,79,8,0
259,Douglas Luiz,br BRA,MID,Aston Villa,21,1998,18.0,3,0,0,33,11,2,33.3,1.83,0.61,0.09,0.27,2.1,2.1,0.06,+0.9,+0.9,Matches,2,0.8,+1.2,10,643,787,81.7,9,19,47.4,434,506,85.8,200,262,76.3,82,633,21,1,2,4,76,13,1
260,John Lundstram,eng ENG,MID,Sheffield Utd,25,1994,22.0,4,0,0,35,8,0,22.9,1.59,0.36,0.11,0.50,4.0,4.0,0.11,0.0,0.0,Matches,2,2.2,-0.2,18,779,959,81.2,17,46,37.0,580,669,86.7,182,244,74.6,250,645,5,4,3,3,63,23,1
261,James Maddison,eng ENG,MID,Leicester City,22,1996,24.7,6,0,0,60,17,12,28.3,2.43,0.69,0.10,0.35,4.3,4.3,0.07,+1.7,+1.7,Matches,3,6.3,-3.3,73,1073,1400,76.6,19,42,45.2,751,867,86.6,303,491,61.7,138,1216,68,15,128,4,125,32,4
262,Harry Maguire,eng ENG,DEF,Manchester Utd,26,1993,27.0,1,0,0,26,8,0,30.8,0.96,0.30,0.04,0.13,1.8,1.8,0.07,-0.8,-0.8,Matches,1,0.5,+0.5,13,1450,1658,87.5,9,15,60.0,955,1049,91.0,486,594,81.8,210,1289,48,1,0,8,118,3,0
263,Riyad Mahrez,dz ALG,FWD,Manchester City,28,1991,15.0,7,0,0,52,23,6,44.2,3.46,1.53,0.13,0.30,3.9,3.9,0.07,+3.1,+3.1,Matches,8,6.7,+1.3,42,719,852,84.4,11,32,34.4,565,621,91.0,143,199,71.9,748,81,7,17,37,7,37,46,4
264,Ainsley Maitland-Niles,eng ENG,DEF,Arsenal,21,1997,13.4,0,0,0,3,0,0,0.0,0.22,0.00,0.00,0,0.2,0.2,0.07,-0.2,-0.2,Matches,2,1.5,+0.5,9,737,889,82.9,17,33,51.5,600,672,89.3,120,184,65.2,114,595,16,0,0,155,45,5,1
265,Sadio Mané,sn SEN,FWD,Liverpool,27,1992,21.2,13,0,0,56,28,0,50.0,2.65,1.32,0.23,0.46,10.9,10.9,0.20,+2.1,+2.1,Matches,6,5.1,+0.9,37,621,769,80.8,14,40,35.0,516,602,85.7,91,127,71.7,144,565,5,10,0,8,36,40,6
266,Javier Manquillo,es ESP,DEF,Newcastle Utd,25,1994,8.9,0,0,0,1,0,0,0.0,0.11,0.00,0.00,0,0.0,0.0,0.04,0.0,0.0,Matches,1,0.1,+0.9,2,163,245,66.5,6,16,37.5,135,171,78.9,22,58,37.9,18,159,2,0,0,47,15,1,1
267,Solly March,eng ENG,DEF,Brighton,25,1994,8.2,0,0,0,12,5,1,41.7,1.46,0.61,0.00,0.00,0.6,0.6,0.05,-0.6,-0.6,Matches,1,0.5,+0.5,9,327,436,75.0,3,19,15.8,258,296,87.2,66,121,54.5,331,34,6,0,7,46,14,12,4
268,Adrian Mariappa,jm JAM,DEF,Watford,32,1986,13.6,0,0,0,3,0,0,0.0,0.22,0.00,0.00,0,0.3,0.3,0.10,-0.3,-0.3,Matches,0,0.4,-0.4,4,336,462,72.7,5,12,41.7,232,281,82.6,99,169,58.6,39,289,6,0,0,94,25,2,2
269,Anthony Martial,fr FRA,FWD,Manchester Utd,23,1995,19.1,10,0,1,53,25,0,47.2,2.78,1.31,0.19,0.40,7.1,6.3,0.12,+2.9,+3.7,Matches,3,2.3,+0.7,20,395,488,80.9,20,47,42.6,339,395,85.8,36,46,78.3,74,388,1,4,0,2,25,19,1
270,David Martin,eng ENG,GK,West Ham,33,1986,4.8,0,0,0,0,0,0,0,0.00,0.00,0,0,0.0,0.0,0,0.0,0.0,Matches,0,0.0,0.0,0,55,124,44.4,0,0,0,7,7,100.0,48,117,41.0,1,98,19,0,0,0,2,0,0
271,Martinelli,br BRA,FWD,Arsenal,18,2001,7.3,3,0,0,12,5,0,41.7,1.65,0.69,0.25,0.60,2.4,2.4,0.20,+0.6,+0.6,Matches,0,0.2,-0.2,2,86,138,62.3,2,13,15.4,75,109,68.8,9,16,56.3,23,102,1,1,0,1,2,5,0
272,Adam Masina,it ITA,DEF,Watford,25,1994,11.6,1,0,0,6,1,0,16.7,0.52,0.09,0.17,1.00,0.3,0.3,0.04,+0.7,+0.7,Matches,0,0.4,-0.4,8,336,539,62.3,9,32,28.1,238,302,78.8,89,205,43.4,334,40,10,0,5,102,31,9,7
273,Arthur Masuaku,cd COD,DEF,West Ham,25,1993,10.1,0,0,0,5,2,0,40.0,0.50,0.20,0.00,0.00,0.1,0.1,0.02,-0.1,-0.1,Matches,1,0.9,+0.1,6,455,569,80.0,10,31,32.3,383,434,88.2,62,104,59.6,429,33,8,1,0,80,27,5,3
274,Juan Mata,es ESP,MID,Manchester Utd,31,1988,7.9,0,0,0,9,1,2,11.1,1.13,0.13,0.00,0.00,1.2,1.2,0.14,-1.2,-1.2,Matches,2,1.8,+0.2,18,414,482,85.9,5,21,23.8,353,376,93.9,56,85,65.9,409,59,8,2,7,6,39,15,1
275,Nemanja Matić,rs SRB,MID,Manchester Utd,30,1988,8.7,0,0,0,4,1,0,25.0,0.46,0.12,0.00,0.00,0.1,0.1,0.03,-0.1,-0.1,Matches,0,0.8,-0.8,8,489,568,86.1,4,12,33.3,385,429,89.7,100,127,78.7,462,72,6,1,0,3,51,10,1
276,Joël Matip,cm CMR,DEF,Liverpool,27,1991,7.0,1,0,0,3,1,0,33.3,0.43,0.14,0.33,1.00,0.2,0.2,0.07,+0.8,+0.8,Matches,0,0.0,0.0,0,388,452,85.8,0,2,0.0,250,276,90.6,138,174,79.3,49,367,11,0,0,3,34,1,0
277,Neal Maupay,fr FRA,FWD,Brighton,22,1996,21.5,8,1,1,70,25,0,35.7,3.26,1.16,0.10,0.28,9.1,8.3,0.12,-1.1,-1.3,Matches,2,2.0,0.0,18,376,481,78.2,23,47,48.9,300,363,82.6,53,71,74.6,88,347,2,3,0,9,18,19,2
278,James McArthur,sco SCO,MID,Crystal Palace,31,1987,25.3,0,0,0,24,6,0,25.0,0.95,0.24,0.00,0.00,2.2,2.2,0.09,-2.2,-2.2,Matches,2,1.8,+0.2,21,810,1029,78.7,24,60,40.0,639,746,85.7,147,223,65.9,237,697,4,2,1,24,86,16,0
279,Oliver McBurnie,sco SCO,FWD,Sheffield Utd,23,1996,14.9,4,0,0,35,15,0,42.9,2.34,1.00,0.11,0.27,6.7,6.7,0.19,-2.7,-2.7,Matches,0,1.2,-1.2,9,271,414,65.5,10,34,29.4,229,333,68.8,32,47,68.1,17,223,0,0,0,2,20,8,0
280,Alex McCarthy,eng ENG,GK,Southampton,29,1989,17.0,0,0,0,0,0,0,0,0.00,0.00,0,0,0.0,0.0,0,0.0,0.0,Matches,0,0.0,0.0,0,224,454,49.3,1,2,50.0,68,69,98.6,155,383,40.5,35,313,64,0,0,0,18,1,0
281,James McCarthy,ie IRL,MID,Crystal Palace,28,1990,11.5,0,0,0,8,2,0,25.0,0.69,0.17,0.00,0.00,0.3,0.3,0.04,-0.3,-0.3,Matches,0,0.4,-0.4,9,356,470,75.7,25,40,62.5,260,302,86.1,71,128,55.5,131,294,22,0,6,4,36,6,0
282,John McGinn,sco SCO,MID,Aston Villa,24,1994,17.1,3,0,0,38,14,0,36.8,2.22,0.82,0.08,0.21,2.7,2.7,0.07,+0.3,+0.3,Matches,2,1.9,+0.1,29,433,569,76.1,10,27,37.0,267,325,82.2,156,217,71.9,418,119,23,3,19,2,51,23,4
283,David McGoldrick,ie IRL,FWD,Sheffield Utd,31,1987,14.9,0,0,0,36,16,0,44.4,2.41,1.07,0.00,0.00,5.6,5.6,0.15,-5.6,-5.6,Matches,2,1.5,+0.5,11,326,434,75.1,6,20,30.0,280,350,80.0,40,64,62.5,44,315,0,3,0,1,18,8,3
284,Michael McGovern,nir NIR,GK,Norwich City,35,1984,1.8,0,0,0,0,0,0,0,0.00,0.00,0,0,0.0,0.0,0,0.0,0.0,Matches,0,0.0,0.0,0,31,51,60.8,2,2,100.0,16,16,100.0,13,33,39.4,4,36,5,0,0,0,0,0,0
285,Kenny McLean,sco SCO,MID,Norwich City,27,1992,23.4,1,0,0,24,8,1,33.3,1.02,0.34,0.04,0.13,1.4,1.4,0.06,-0.4,-0.4,Matches,1,1.6,-0.6,20,940,1208,77.8,31,60,51.7,736,878,83.8,173,270,64.1,860,214,25,4,18,14,89,14,3
286,Dwight McNeil,eng ENG,MID,Burnley,19,1999,26.2,2,0,0,33,10,7,30.3,1.26,0.38,0.06,0.20,1.4,1.4,0.04,+0.6,+0.6,Matches,5,5.2,-0.2,40,566,839,67.5,12,57,21.1,417,506,82.4,137,276,49.6,753,32,42,3,45,6,58,26,18
287,Scott McTominay,sco SCO,MID,Manchester Utd,22,1996,16.3,3,0,0,27,8,0,29.6,1.66,0.49,0.11,0.38,1.4,1.4,0.05,+1.6,+1.6,Matches,1,0.7,+0.3,13,638,795,80.3,9,23,39.1,442,527,83.9,187,245,76.3,28,709,22,2,0,0,69,9,2
288,Ben Mee,eng ENG,DEF,Burnley,29,1989,27.0,0,0,0,14,4,0,28.6,0.52,0.15,0.00,0.00,1.3,1.3,0.09,-1.3,-1.3,Matches,1,0.6,+0.4,5,706,943,74.9,6,16,37.5,418,473,88.4,282,454,62.1,733,105,39,0,0,5,43,1,0
289,Benjamin Mendy,fr FRA,DEF,Manchester City,25,1994,12.3,0,0,0,6,1,0,16.7,0.49,0.08,0.00,0.00,0.2,0.2,0.03,-0.2,-0.2,Matches,2,1.1,+0.9,16,841,977,86.1,10,29,34.5,701,767,91.4,130,181,71.8,801,78,11,0,0,78,41,32,15
290,Nampalys Mendy,fr FRA,MID,Leicester City,27,1992,2.2,0,0,0,1,1,0,100.0,0.46,0.46,0.00,0.00,0.0,0.0,0.02,0.0,0.0,Matches,0,0.1,-0.1,2,113,123,91.9,4,6,66.7,86,93,92.5,23,24,95.8,14,104,0,0,0,0,9,1,0
291,Chris Mepham,wal WAL,DEF,Bournemouth,21,1997,10.0,1,0,0,6,1,0,16.7,0.60,0.10,0.17,1.00,0.6,0.6,0.10,+0.4,+0.4,Matches,0,0.1,-0.1,1,399,468,85.3,3,8,37.5,282,311,90.7,114,149,76.5,55,363,8,0,0,0,14,0,0
292,Max Meyer,de GER,MID,Crystal Palace,23,1995,6.1,0,0,0,8,2,0,25.0,1.32,0.33,0.00,0.00,0.6,0.6,0.08,-0.6,-0.6,Matches,0,0.6,-0.6,2,121,163,74.2,6,22,27.3,105,123,85.4,10,18,55.6,54,99,1,1,0,1,9,6,1
293,Luka Milivojević,rs SRB,MID,Crystal Palace,28,1991,21.8,2,2,2,22,5,6,22.7,1.01,0.23,0.00,0.00,2.1,0.6,0.03,-0.1,-0.6,Matches,1,2.0,-1.0,25,899,1184,75.9,15,24,62.5,611,702,87.0,273,458,59.6,144,962,120,1,87,4,81,7,0
294,James Milner,eng ENG,MID,Liverpool,33,1986,7.4,2,2,2,9,0,0,0.0,1.21,0.00,0.00,0,1.9,0.4,0.04,+0.1,-0.4,Matches,2,0.6,+1.4,7,458,535,85.6,2,10,20.0,338,367,92.1,118,158,74.7,59,438,8,3,6,15,43,7,0
295,Yerry Mina,co COL,DEF,Everton,24,1994,23.2,2,0,0,29,10,0,34.5,1.25,0.43,0.07,0.20,2.6,2.6,0.09,-0.6,-0.6,Matches,1,0.2,+0.8,3,964,1127,85.5,5,14,35.7,559,622,89.9,400,491,81.5,139,879,33,0,0,1,48,1,0
296,Takumi Minamino,jp JPN,FWD,Liverpool,24,1995,0.7,0,0,0,2,0,0,0.0,2.73,0.00,0.00,0,0.6,0.6,0.32,-0.6,-0.6,Matches,0,0.0,0.0,0,29,30,96.7,2,2,100.0,25,26,96.2,2,2,100.0,4,24,0,0,0,0,2,0,0
297,Tyrone Mings,eng ENG,DEF,Aston Villa,26,1993,21.3,2,0,0,8,4,0,50.0,0.38,0.19,0.25,0.50,0.9,0.9,0.12,+1.1,+1.1,Matches,1,0.5,+0.5,6,770,943,81.7,4,21,19.0,426,458,93.0,340,464,73.3,771,102,33,2,0,2,43,2,0
298,Henrikh Mkhitaryan,am ARM,FWD,Arsenal,30,1989,1.2,0,0,0,2,0,0,0.0,1.62,0.00,0.00,0,0.2,0.2,0.11,-0.2,-0.2,Matches,0,0.2,-0.2,2,58,77,75.3,2,7,28.6,46,54,85.2,10,16,62.5,20,52,1,2,2,1,3,2,0
299,Nacho Monreal,es ESP,DEF,Arsenal,33,1986,3.0,0,0,0,1,0,0,0.0,0.33,0.00,0.00,0,0.1,0.1,0.08,-0.1,-0.1,Matches,0,0.3,-0.3,3,182,201,90.5,4,6,66.7,167,177,94.4,11,18,61.1,162,11,1,0,0,25,8,0,0
300,Martín Montoya,es ESP,DEF,Brighton,28,1991,17.1,0,0,0,8,3,0,37.5,0.47,0.17,0.00,0.00,1.3,1.3,0.16,-1.3,-1.3,Matches,1,1.3,-0.3,16,826,1031,80.1,11,41,26.8,679,782,86.8,136,208,65.4,110,688,10,0,1,185,32,16,4
301,Simon Moore,eng ENG,GK,Sheffield Utd,29,1990,1.0,0,0,0,0,0,0,0,0.00,0.00,0,0,0.0,0.0,0,0.0,0.0,Matches,0,0.0,0.0,0,6,22,27.3,0,0,0,2,2,100.0,4,20,20.0,3,12,5,0,0,0,0,0,0
302,Aaron Mooy,au AUS,MID,Brighton,28,1990,16.4,2,0,0,26,6,0,23.1,1.58,0.37,0.08,0.33,1.8,1.8,0.07,+0.2,+0.2,Matches,1,2.0,-1.0,28,597,793,75.3,14,45,31.1,483,551,87.7,100,197,50.8,134,626,17,2,40,6,60,17,2
303,Wesley Moraes,br BRA,FWD,Aston Villa,22,1996,19.9,5,0,1,35,17,0,48.6,1.76,0.85,0.14,0.29,5.2,4.4,0.14,-0.2,+0.6,Matches,1,0.9,+0.1,11,277,377,73.5,11,25,44.0,229,302,75.8,37,50,74.0,16,282,0,0,0,2,20,2,0
304,Wes Morgan,jm JAM,DEF,Leicester City,35,1984,1.8,0,0,0,1,1,0,100.0,0.57,0.57,0.00,0.00,0.0,0.0,0.05,0.0,0.0,Matches,0,0.0,0.0,0,71,81,87.7,0,1,0.0,54,56,96.4,17,24,70.8,9,70,1,0,0,0,1,0,0
305,Ravel Morrison,eng ENG,MID,Sheffield Utd,26,1993,0.1,0,0,0,1,0,0,0.0,7.50,0.00,0.00,0,0.0,0.0,0.04,0.0,0.0,Matches,0,0.0,0.0,0,4,6,66.7,0,1,0.0,4,5,80.0,0,0,0,1,5,0,0,0,0,2,0,0
306,Mason Mount,eng ENG,MID,Chelsea,20,1999,23.9,5,0,0,63,22,10,34.9,2.63,0.92,0.08,0.23,5.5,5.5,0.09,-0.5,-0.5,Matches,4,3.3,+0.7,42,780,979,79.7,36,69,52.2,633,716,88.4,111,194,57.2,113,829,41,2,70,6,59,28,5
307,Lucas Moura,br BRA,FWD,Tottenham,26,1992,17.2,4,0,0,41,11,0,26.8,2.38,0.64,0.10,0.36,5.2,5.2,0.13,-1.2,-1.2,Matches,2,1.6,+0.4,23,391,524,74.6,12,36,33.3,345,416,82.9,34,72,47.2,52,421,5,2,4,1,28,16,0
308,Lys Mousset,fr FRA,FWD,Sheffield Utd,23,1996,11.3,5,0,0,31,8,0,25.8,2.74,0.71,0.16,0.63,3.3,3.3,0.11,+1.7,+1.7,Matches,4,2.4,+1.6,11,160,205,78.0,5,15,33.3,144,173,83.2,11,17,64.7,21,162,0,1,0,1,8,3,0
309,João Moutinho,pt POR,MID,Wolves,32,1986,25.1,1,0,0,18,6,4,33.3,0.72,0.24,0.06,0.17,0.7,0.7,0.04,+0.3,+0.3,Matches,6,4.9,+1.1,63,1179,1486,79.3,12,41,29.3,776,877,88.5,391,568,68.8,94,1303,106,6,127,3,120,23,7
310,Glenn Murray,eng ENG,FWD,Brighton,35,1983,7.6,1,0,0,13,4,0,30.8,1.72,0.53,0.08,0.25,1.9,1.9,0.15,-0.9,-0.9,Matches,0,0.4,-0.4,2,103,156,66.0,5,14,35.7,86,116,74.1,12,26,46.2,15,105,1,1,0,2,7,2,0
311,Shkodran Mustafi,de GER,DEF,Arsenal,27,1992,6.9,0,0,0,7,1,0,14.3,1.02,0.15,0.00,0.00,0.7,0.7,0.09,-0.7,-0.7,Matches,1,0.0,+1.0,0,343,410,83.7,1,9,11.1,197,223,88.3,145,178,81.5,14,356,7,0,0,0,30,0,0
312,Yoshinori Mutō,jp JPN,FWD,Newcastle Utd,27,1992,2.2,0,0,0,1,0,0,0.0,0.45,0.00,0.00,0,0.1,0.1,0.09,-0.1,-0.1,Matches,0,0.1,-0.1,2,25,29,86.2,1,2,50.0,21,23,91.3,3,4,75.0,10,18,1,0,0,0,1,2,1
313,Georges-Kévin N'Koudou,fr FRA,FWD,Tottenham,24,1995,0.0,0,0,0,1,0,0,0.0,45.00,0.00,0.00,0,0.0,0.0,0.02,0.0,0.0,Matches,0,0.0,0.0,0,0,0,0,0,0,0,0,0,0,0,0,0,0,0,0,0,0,0,0,0,0
314,Marvelous Nakamba,zw ZIM,MID,Aston Villa,25,1994,17.2,0,0,0,7,1,0,14.3,0.41,0.06,0.00,0.00,0.2,0.2,0.03,-0.2,-0.2,Matches,0,0.5,-0.5,11,570,676,84.3,10,23,43.5,438,499,87.8,122,154,79.2,540,90,18,0,0,3,27,4,0
315,Wilfred Ndidi,ng NGA,MID,Leicester City,22,1996,19.8,2,0,0,18,2,0,11.1,0.91,0.10,0.11,1.00,1.3,1.3,0.07,+0.7,+0.7,Matches,1,0.4,+0.6,8,906,1052,86.1,20,34,58.8,679,755,89.9,207,263,78.7,114,855,14,1,0,0,85,2,0
316,Tanguy Ndombele,fr FRA,MID,Tottenham,22,1996,9.8,2,0,0,9,4,0,44.4,0.92,0.41,0.22,0.50,0.4,0.4,0.04,+1.6,+1.6,Matches,2,1.3,+0.7,13,439,520,84.4,15,26,57.7,350,397,88.2,74,97,76.3,48,461,13,0,5,0,42,10,0
317,Reiss Nelson,eng ENG,FWD,Arsenal,19,1999,4.9,0,0,0,8,3,0,37.5,1.64,0.62,0.00,0.00,0.6,0.6,0.07,-0.6,-0.6,Matches,0,0.3,-0.3,6,144,180,80.0,4,13,30.8,119,136,87.5,21,31,67.7,23,154,3,1,9,1,8,2,0
318,Pedro Neto,pt POR,FWD,Wolves,19,2000,7.9,2,0,0,13,4,0,30.8,1.65,0.51,0.15,0.50,1.4,1.4,0.10,+0.6,+0.6,Matches,2,2.1,-0.1,11,215,290,74.1,9,30,30.0,172,208,82.7,34,52,65.4,221,47,4,0,7,2,11,4,1
319,Rúben Neves,pt POR,MID,Wolves,22,1997,23.6,2,0,0,44,8,5,18.2,1.86,0.34,0.05,0.25,1.1,1.1,0.03,+0.9,+0.9,Matches,1,1.2,-0.2,16,1039,1318,78.8,6,22,27.3,624,725,86.1,409,571,71.6,105,1123,31,3,9,4,127,18,2
320,Jeremy Ngakia,eng ENG,DEF,West Ham,18,2000,2.0,0,0,0,0,0,0,0,0.00,0.00,0,0,0.0,0.0,0,0.0,0.0,Matches,0,0.0,0.0,0,32,58,55.2,0,2,0.0,29,39,74.4,3,17,17.6,8,29,0,0,0,17,0,1,1
321,Oumar Niasse,sn SEN,FWD,Everton,29,1990,0.2,0,0,0,0,0,0,0,0.00,0.00,0,0,0.0,0.0,0,0.0,0.0,Matches,0,0.0,0.0,0,3,5,60.0,0,0,0,3,4,75.0,0,1,0.0,1,3,0,0,0,0,0,0,0
322,Eddie Nketiah,eng ENG,FWD,Arsenal,20,1999,2.1,1,0,0,6,2,0,33.3,2.81,0.94,0.17,0.50,1.1,1.1,0.19,-0.1,-0.1,Matches,0,0.1,-0.1,1,33,41,80.5,0,3,0.0,30,35,85.7,3,3,100.0,4,36,0,0,0,0,1,0,0
323,Mark Noble,eng ENG,MID,West Ham,32,1987,22.0,4,3,3,14,3,0,21.4,0.64,0.14,0.07,0.33,2.9,0.6,0.04,+1.1,+0.4,Matches,1,1.0,0.0,14,873,1076,81.1,14,44,31.8,614,715,85.9,245,317,77.3,77,940,36,3,1,6,99,18,2
324,Oliver Norwood,nir NIR,MID,Sheffield Utd,28,1991,25.5,1,1,1,16,5,4,31.3,0.63,0.20,0.00,0.00,1.5,0.7,0.04,-0.5,-0.7,Matches,0,3.4,-3.4,40,1254,1620,77.4,16,37,43.2,819,914,89.6,419,669,62.6,61,1438,59,2,82,5,164,28,9
325,Ørjan Nyland,no NOR,GK,Aston Villa,28,1990,2.0,0,0,0,0,0,0,0,0.00,0.00,0,0,0.0,0.0,0,0.0,0.0,Matches,0,0.0,0.0,0,37,63,58.7,0,0,0,14,14,100.0,23,49,46.9,6,46,6,0,0,0,0,0,0
326,Jack O'Connell,eng ENG,DEF,Sheffield Utd,25,1994,27.0,0,0,0,15,2,0,13.3,0.56,0.07,0.00,0.00,1.2,1.2,0.08,-1.2,-1.2,Matches,1,2.1,-1.1,9,956,1286,74.3,8,36,22.2,683,792,86.2,265,458,57.9,1063,50,23,2,0,49,77,21,3
327,Michael Obafemi,ie IRL,FWD,Southampton,19,2000,4.6,1,0,0,6,2,0,33.3,1.32,0.44,0.17,0.50,0.5,0.5,0.08,+0.5,+0.5,Matches,0,0.7,-0.7,5,80,96,83.3,7,14,50.0,69,78,88.5,4,4,100.0,8,74,0,1,0,0,0,1,0
328,Angelo Ogbonna,it ITA,DEF,West Ham,31,1988,22.0,2,0,0,10,4,0,40.0,0.45,0.18,0.20,0.50,1.3,1.3,0.13,+0.7,+0.7,Matches,0,0.0,0.0,1,533,677,78.7,2,9,22.2,359,408,88.0,172,260,66.2,423,157,14,0,0,0,36,1,0
329,Divock Origi,be BEL,FWD,Liverpool,24,1995,5.5,3,0,0,11,5,0,45.5,2.02,0.92,0.27,0.60,2.0,2.0,0.18,+1.0,+1.0,Matches,1,0.1,+0.9,3,101,142,71.1,3,4,75.0,82,107,76.6,16,31,51.6,19,102,0,0,0,0,4,5,1
330,Ben Osborn,eng ENG,DEF,Sheffield Utd,24,1994,1.1,0,0,0,0,0,0,0,0.00,0.00,0,0,0.0,0.0,0,0.0,0.0,Matches,0,0.3,-0.3,2,40,54,74.1,2,5,40.0,29,33,87.9,9,16,56.3,38,7,0,1,0,8,3,1,0
331,Nicolás Otamendi,ar ARG,DEF,Manchester City,31,1988,14.7,2,0,0,13,6,0,46.2,0.88,0.41,0.15,0.33,2.3,2.3,0.17,-0.3,-0.3,Matches,0,0.2,-0.2,3,987,1062,92.9,5,10,50.0,650,685,94.9,332,367,90.5,72,936,6,0,0,2,46,0,0
332,Alex Oxlade-Chamberlain,eng ENG,MID,Liverpool,25,1993,10.7,3,0,0,28,8,0,28.6,2.63,0.75,0.11,0.38,2.3,2.3,0.08,+0.7,+0.7,Matches,0,0.9,-0.9,11,379,473,80.1,5,19,26.3,276,323,85.4,98,131,74.8,59,381,1,2,0,3,49,20,3
333,Mesut Özil,de GER,MID,Arsenal,30,1988,15.1,1,0,0,8,3,0,37.5,0.53,0.20,0.13,0.33,1.2,1.2,0.15,-0.2,-0.2,Matches,1,1.9,-0.9,35,711,838,84.8,12,29,41.4,588,632,93.0,111,177,62.7,733,88,30,0,54,0,56,21,1
334,Emerson Palmieri,it ITA,DEF,Chelsea,24,1994,11.4,0,0,0,13,7,1,53.8,1.14,0.62,0.00,0.00,0.9,0.9,0.07,-0.9,-0.9,Matches,0,1.4,-1.4,18,704,850,82.8,13,24,54.2,608,685,88.8,83,141,58.9,662,43,11,2,21,100,27,8,5
335,Sokratis Papastathopoulos,gr GRE,DEF,Arsenal,31,1988,17.9,2,0,0,6,2,0,33.3,0.34,0.11,0.33,1.00,0.9,0.9,0.15,+1.1,+1.1,Matches,0,0.2,-0.2,1,811,906,89.5,6,13,46.2,529,553,95.7,276,340,81.2,33,835,30,0,0,3,19,1,0
336,Troy Parrott,ie IRL,MID,Tottenham,17,2002,0.1,0,0,0,0,0,0,0,0.00,0.00,0,0,0.0,0.0,0,0.0,0.0,Matches,0,0.0,0.0,0,4,4,100.0,0,0,0,4,4,100.0,0,0,0,2,2,0,0,0,0,0,0,0
337,Rui Patrício,pt POR,GK,Wolves,31,1988,27.0,0,0,0,0,0,0,0,0.00,0.00,0,0,0.0,0.0,0,0.0,0.0,Matches,0,0.0,0.0,0,391,615,63.6,1,1,100.0,114,116,98.3,276,498,55.4,328,137,51,0,0,0,4,0,0
338,Pedro,es ESP,FWD,Chelsea,32,1987,5.3,0,0,0,16,5,0,31.3,3.03,0.95,0.00,0.00,1.4,1.4,0.09,-1.4,-1.4,Matches,0,0.6,-0.6,13,179,221,81.0,6,15,40.0,144,166,86.7,29,40,72.5,72,138,1,3,0,1,6,8,0
339,Nicolas Pépé,ci CIV,FWD,Arsenal,24,1995,16.9,4,1,1,41,14,5,34.1,2.42,0.83,0.07,0.21,4.3,3.5,0.09,-0.3,-0.5,Matches,6,3.4,+2.6,33,490,648,75.6,9,34,26.5,406,465,87.3,75,149,50.3,553,64,9,2,54,6,19,20,3
340,Andreas Pereira,br BRA,MID,Manchester Utd,23,1996,16.1,1,0,0,37,14,3,37.8,2.29,0.87,0.03,0.07,2.3,2.3,0.06,-1.3,-1.3,Matches,3,3.6,-0.6,29,545,745,73.2,12,36,33.3,439,528,83.1,94,181,51.9,86,612,23,1,32,9,51,14,3
341,Ricardo Pereira,pt POR,DEF,Leicester City,25,1993,26.0,3,0,0,17,5,0,29.4,0.65,0.19,0.18,0.60,1.2,1.2,0.07,+1.8,+1.8,Matches,2,3.3,-1.3,23,1389,1729,80.3,11,59,18.6,1186,1362,87.1,192,308,62.3,183,1209,14,3,0,278,93,24,2
342,Roberto Pereyra,ar ARG,FWD,Watford,28,1991,13.3,3,1,1,15,5,3,33.3,1.13,0.37,0.13,0.40,2.2,1.4,0.10,+0.8,+0.6,Matches,0,1.5,-1.5,15,407,490,83.1,16,27,59.3,331,378,87.6,60,85,70.6,69,378,1,3,13,10,27,10,2
343,Ayoze Pérez,es ESP,MID,Leicester City,26,1993,16.8,7,1,1,32,15,0,46.9,1.90,0.89,0.19,0.40,4.8,4.1,0.13,+2.2,+1.9,Matches,4,2.9,+1.1,20,449,567,79.2,22,57,38.6,385,446,86.3,42,64,65.6,54,475,3,6,0,5,27,14,1
344,Jordan Pickford,eng ENG,GK,Everton,25,1994,27.0,0,0,0,0,0,0,0,0.00,0.00,0,0,0.0,0.0,0,0.0,0.0,Matches,0,0.0,0.0,0,601,973,61.8,3,3,100.0,267,268,99.6,331,702,47.2,613,171,110,1,0,0,37,4,0
345,Brandon Pierrick,eng ENG,DEF,Crystal Palace,17,2001,0.1,0,0,0,0,0,0,0,0.00,0.00,0,0,0.0,0.0,0,0.0,0.0,Matches,0,0.1,-0.1,1,5,8,62.5,1,3,33.3,4,5,80.0,0,0,0,0,8,0,0,0,0,0,1,0
346,Erik Pieters,nl NED,DEF,Burnley,30,1988,13.7,0,0,0,7,1,0,14.3,0.51,0.07,0.00,0.00,0.2,0.2,0.02,-0.2,-0.2,Matches,3,1.0,+2.0,9,485,657,73.8,8,28,28.6,391,459,85.2,86,170,50.6,429,34,10,0,0,152,30,9,5
347,Daniel Podence,pt POR,FWD,Wolves,23,1995,0.3,0,0,0,1,0,0,0.0,3.46,0.00,0.00,0,0.1,0.1,0.14,-0.1,-0.1,Matches,0,0.1,-0.1,1,9,11,81.8,0,0,0,8,9,88.9,1,2,50.0,1,8,0,0,0,0,2,0,0
348,Paul Pogba,fr FRA,MID,Manchester Utd,26,1993,5.8,0,0,1,13,4,1,30.8,2.25,0.69,0.00,0.00,1.6,0.9,0.07,-1.6,-0.9,Matches,2,1.5,+0.5,15,381,458,83.2,6,17,35.3,282,319,88.4,93,122,76.2,62,373,15,5,0,1,43,15,0
349,Nick Pope,eng ENG,GK,Burnley,27,1992,27.0,0,0,0,0,0,0,0,0.00,0.00,0,0,0.0,0.0,0,0.0,0.0,Matches,0,0.6,-0.6,4,377,839,44.9,1,2,50.0,88,90,97.8,288,747,38.6,48,597,118,1,1,1,33,1,0
350,Dennis Praet,be BEL,MID,Leicester City,25,1994,9.1,1,0,0,10,2,0,20.0,1.10,0.22,0.10,0.50,0.9,0.9,0.09,+0.1,+0.1,Matches,2,0.6,+1.4,6,311,379,82.1,9,18,50.0,247,287,86.1,55,74,74.3,30,315,3,2,0,2,23,4,1
351,Sebastian Prödl,at AUT,DEF,Watford,32,1987,0.6,0,0,0,2,0,0,0.0,3.16,0.00,0.00,0,0.1,0.1,0.04,-0.1,-0.1,Matches,0,0.0,0.0,0,6,10,60.0,0,0,0,6,7,85.7,0,3,0.0,1,6,0,0,0,0,0,0,0
352,Davy Pröpper,nl NED,MID,Brighton,27,1991,24.0,1,0,0,27,7,0,25.9,1.13,0.29,0.04,0.14,1.4,1.4,0.05,-0.4,-0.4,Matches,2,1.8,+0.2,20,1194,1420,84.1,17,53,32.1,906,1022,88.6,271,345,78.6,121,1231,15,5,0,3,134,17,0
353,Teemu Pukki,fi FIN,FWD,Norwich City,29,1990,25.7,11,2,2,68,31,0,45.6,2.64,1.21,0.13,0.29,11.4,9.9,0.14,-0.4,-0.9,Matches,3,3.2,-0.2,25,345,420,82.1,17,37,45.9,294,336,87.5,34,47,72.3,75,306,0,2,0,2,8,3,2
354,Christian Pulisic,us USA,FWD,Chelsea,20,1998,12.0,5,0,0,39,17,0,43.6,3.26,1.42,0.13,0.29,5.1,5.1,0.13,-0.1,-0.1,Matches,2,2.1,-0.1,18,351,451,77.8,7,25,28.0,300,355,84.5,44,71,62.0,94,330,1,2,4,1,18,17,0
355,Ignacio Pussetto,ar ARG,MID,Watford,23,1995,0.4,0,0,0,0,0,0,0,0.00,0.00,0,0,0.0,0.0,0,0.0,0.0,Matches,0,0.0,0.0,0,10,17,58.8,1,1,100.0,7,9,77.8,2,7,28.6,1,14,1,0,0,0,0,1,0
356,Domingos Quina,pt POR,MID,Watford,19,1999,0.2,0,0,0,1,1,0,100.0,5.00,5.00,0.00,0.00,0.0,0.0,0.03,0.0,0.0,Matches,0,0.0,0.0,0,9,9,100.0,0,0,0,8,8,100.0,1,1,100.0,0,9,0,0,0,0,0,1,0
357,Aaron Ramsdale,eng ENG,GK,Bournemouth,21,1998,26.0,0,0,0,0,0,0,0,0.00,0.00,0,0,0.0,0.0,0,0.0,0.0,Matches,1,0.0,+1.0,1,489,816,59.9,2,4,50.0,257,258,99.6,230,554,41.5,45,585,86,0,0,0,7,0,0
358,Darren Randolph,ie IRL,GK,West Ham,32,1987,2.0,0,0,0,0,0,0,0,0.00,0.00,0,0,0.0,0.0,0,0.0,0.0,Matches,0,0.0,0.0,0,22,40,55.0,0,0,0,2,2,100.0,20,38,52.6,0,30,4,0,0,0,3,0,0
359,Marcus Rashford,eng ENG,FWD,Manchester Utd,21,1997,20.9,14,5,7,65,28,14,43.1,3.11,1.34,0.14,0.32,13.6,8.3,0.13,+0.4,+0.7,Matches,4,2.7,+1.3,24,452,605,74.7,15,47,31.9,393,482,81.5,44,76,57.9,59,502,2,4,6,5,34,34,3
360,Nathan Redmond,eng ENG,MID,Southampton,25,1994,21.8,3,0,0,42,14,0,33.3,1.93,0.64,0.07,0.21,3.9,3.9,0.09,-0.9,-0.9,Matches,1,2.7,-1.7,29,509,704,72.3,19,45,42.2,405,507,79.9,85,152,55.9,50,611,0,3,0,2,32,24,4
361,Pepe Reina,es ESP,GK,Aston Villa,36,1982,5.0,0,0,0,0,0,0,0,0.00,0.00,0,0,0.0,0.0,0,0.0,0.0,Matches,0,0.0,0.0,0,126,168,75.0,3,3,100.0,44,45,97.8,79,120,65.8,15,119,15,0,0,0,1,0,0
362,Declan Rice,eng ENG,MID,West Ham,20,1999,27.0,0,0,0,15,7,0,46.7,0.56,0.26,0.00,0.00,0.6,0.6,0.04,-0.6,-0.6,Matches,2,1.1,+0.9,12,1071,1243,86.2,23,47,48.9,756,827,91.4,292,369,79.1,221,933,19,1,0,3,111,4,1
363,Richarlison,br BRA,FWD,Everton,22,1997,24.2,10,0,0,66,24,0,36.4,2.73,0.99,0.15,0.42,6.5,6.5,0.10,+3.5,+3.5,Matches,3,4.2,-1.2,28,408,624,65.4,11,62,17.7,327,440,74.3,70,122,57.4,151,401,2,3,2,7,22,16,0
364,Diego Rico,es ESP,DEF,Bournemouth,26,1993,19.9,0,0,0,9,3,1,33.3,0.45,0.15,0.00,0.00,0.3,0.3,0.04,-0.3,-0.3,Matches,2,2.0,0.0,24,792,1145,69.2,19,65,29.2,612,744,82.3,161,336,47.9,830,49,43,2,50,192,86,23,9
365,Jaïro Riedewald,nl NED,DEF,Crystal Palace,22,1996,6.3,0,0,0,2,0,0,0.0,0.32,0.00,0.00,0,0.0,0.0,0.02,0.0,0.0,Matches,0,0.4,-0.4,2,235,322,73.0,5,9,55.6,198,244,81.1,32,69,46.4,221,17,11,0,0,65,27,5,0
366,Matt Ritchie,sco SCO,DEF,Newcastle Utd,29,1989,6.2,0,0,0,6,0,1,0.0,0.96,0.00,0.00,0,0.1,0.1,0.02,-0.1,-0.1,Matches,0,0.7,-0.7,15,207,303,68.3,3,14,21.4,166,193,86.0,38,96,39.6,212,36,11,0,27,41,12,5,2
367,Roberto,es ESP,GK,West Ham,33,1986,7.6,0,0,0,0,0,0,0,0.00,0.00,0,0,0.0,0.0,0,0.0,0.0,Matches,0,0.0,0.0,0,113,232,48.7,1,1,100.0,38,38,100.0,74,193,38.3,7,181,36,0,0,0,0,0,0
368,Patrick Roberts,eng ENG,MID,Norwich City,22,1997,0.3,0,0,0,0,0,0,0,0.00,0.00,0,0,0.0,0.0,0,0.0,0.0,Matches,0,0.0,0.0,0,7,10,70.0,0,0,0,6,7,85.7,1,3,33.3,9,1,0,0,0,0,1,0,0
369,Andrew Robertson,sco SCO,DEF,Liverpool,25,1994,26.2,1,0,0,15,4,0,26.7,0.57,0.15,0.07,0.25,1.2,1.2,0.08,-0.2,-0.2,Matches,7,5.6,+1.4,43,1718,2123,80.9,22,62,35.5,1365,1545,88.3,331,516,64.1,1682,136,32,4,16,226,128,47,19
370,Callum Robinson,ie IRL,FWD,Sheffield Utd,24,1995,7.5,1,0,0,13,3,0,23.1,1.73,0.40,0.08,0.33,2.1,2.1,0.16,-1.1,-1.1,Matches,1,0.5,+0.5,4,117,155,75.5,5,10,50.0,97,120,80.8,15,25,60.0,31,114,0,1,0,1,5,3,1
371,Rodri,es ESP,MID,Manchester City,23,1996,20.7,3,0,0,17,7,0,41.2,0.82,0.34,0.18,0.43,0.9,0.9,0.05,+2.1,+2.1,Matches,1,1.3,-0.3,27,1733,1871,92.6,15,30,50.0,1236,1303,94.9,482,538,89.6,248,1517,20,0,0,2,167,11,1
372,Jay Rodriguez,eng ENG,FWD,Burnley,30,1989,13.6,5,1,1,35,15,0,42.9,2.58,1.11,0.11,0.27,4.6,3.8,0.11,+0.4,+0.2,Matches,0,0.4,-0.4,4,205,301,68.1,15,35,42.9,170,227,74.9,20,39,51.3,15,221,2,0,0,0,9,2,0
373,Marcos Rojo,ar ARG,DEF,Manchester Utd,29,1990,1.3,0,0,0,1,0,0,0.0,0.75,0.00,0.00,0,0.1,0.1,0.11,-0.1,-0.1,Matches,0,0.0,0.0,0,37,55,67.3,0,1,0.0,28,32,87.5,9,22,40.9,39,5,2,0,0,8,3,0,0
374,Oriol Romeu,es ESP,MID,Southampton,27,1991,14.4,0,0,0,5,0,0,0.0,0.35,0.00,0.00,0,0.2,0.2,0.04,-0.2,-0.2,Matches,0,0.3,-0.3,9,549,670,81.9,8,14,57.1,427,497,85.9,114,159,71.7,126,458,10,1,0,1,48,10,2
375,Danny Rose,eng ENG,DEF,Newcastle Utd,29,1990,1.9,0,0,0,0,0,0,0,0.00,0.00,0,0,0.0,0.0,0,0.0,0.0,Matches,0,0.0,0.0,0,62,82,75.6,2,5,40.0,56,63,88.9,4,14,28.6,64,7,2,0,0,5,6,1,1
376,Danny Rose,eng ENG,DEF,Tottenham,29,1990,9.9,0,0,0,2,0,0,0.0,0.20,0.00,0.00,0,0.1,0.1,0.06,-0.1,-0.1,Matches,0,0.8,-0.8,10,435,572,76.0,5,21,23.8,361,410,88.0,69,141,48.9,412,67,17,0,1,74,34,12,4
377,Antonio Rüdiger,de GER,DEF,Chelsea,26,1993,11.5,2,0,0,8,3,0,37.5,0.70,0.26,0.25,0.67,0.4,0.4,0.05,+1.6,+1.6,Matches,0,0.3,-0.3,2,699,810,86.3,6,13,46.2,428,465,92.0,265,332,79.8,146,611,14,0,0,4,65,1,0
378,Lukas Rupp,de GER,FWD,Norwich City,28,1991,3.5,0,0,0,3,1,0,33.3,0.85,0.28,0.00,0.00,0.3,0.3,0.11,-0.3,-0.3,Matches,0,0.5,-0.5,4,92,123,74.8,5,10,50.0,79,95,83.2,8,18,44.4,24,91,1,2,0,1,5,2,1
379,Mathew Ryan,au AUS,GK,Brighton,27,1992,27.0,0,0,0,0,0,0,0,0.00,0.00,0,0,0.0,0.0,0,0.0,0.0,Matches,0,0.0,0.0,0,867,1058,81.9,0,2,0.0,478,480,99.6,389,576,67.5,131,712,39,0,0,0,6,0,0
380,Allan Saint-Maximin,fr FRA,FWD,Newcastle Utd,22,1997,13.0,1,0,0,29,12,0,41.4,2.23,0.92,0.03,0.08,2.0,2.0,0.07,-1.0,-1.0,Matches,1,2.1,-1.1,22,197,279,70.6,2,15,13.3,162,208,77.9,33,56,58.9,35,227,0,3,0,5,12,6,4
381,Romain Saïss,ma MAR,DEF,Wolves,29,1990,20.1,2,0,0,19,7,1,36.8,0.95,0.35,0.11,0.29,2.2,2.2,0.12,-0.2,-0.2,Matches,1,0.5,+0.5,6,842,1019,82.6,6,23,26.1,555,615,90.2,281,381,73.8,820,87,29,0,0,7,86,7,0
382,Bukayo Saka,eng ENG,DEF,Arsenal,17,2001,12.0,0,0,0,7,2,0,28.6,0.58,0.17,0.00,0.00,0.7,0.7,0.10,-0.7,-0.7,Matches,3,1.5,+1.5,11,454,581,78.1,7,34,20.6,385,448,85.9,62,99,62.6,385,100,8,1,3,81,28,11,3
383,Mamadou Sakho,fr FRA,DEF,Crystal Palace,29,1990,5.2,0,0,0,0,0,0,0,0.00,0.00,0,0,0.0,0.0,0,0.0,0.0,Matches,0,0.1,-0.1,1,235,266,88.3,1,3,33.3,165,183,90.2,69,80,86.3,203,45,6,0,0,0,16,1,0
384,Mohamed Salah,eg EGY,FWD,Liverpool,27,1992,23.0,15,3,3,92,38,3,41.3,4.00,1.65,0.13,0.32,14.1,11.8,0.13,+0.9,+0.2,Matches,6,5.5,+0.5,39,512,690,74.2,16,54,29.6,449,551,81.5,47,85,55.3,543,119,4,7,24,5,30,31,1
385,Mbwana Samatta,tz TAN,FWD,Aston Villa,26,1992,2.9,1,0,0,7,2,0,28.6,2.40,0.68,0.14,0.50,0.7,0.7,0.10,+0.3,+0.3,Matches,0,0.2,-0.2,3,39,49,79.6,1,2,50.0,35,41,85.4,3,6,50.0,6,31,0,0,0,0,1,0,0
386,Carlos Sánchez,co COL,MID,West Ham,33,1986,1.3,0,0,0,0,0,0,0,0.00,0.00,0,0,0.0,0.0,0,0.0,0.0,Matches,0,0.0,0.0,0,45,55,81.8,1,1,100.0,36,41,87.8,8,13,61.5,14,32,0,0,0,0,2,0,0
387,Davinson Sánchez,co COL,DEF,Tottenham,23,1996,19.0,0,0,0,5,3,0,60.0,0.26,0.16,0.00,0.00,0.6,0.6,0.12,-0.6,-0.6,Matches,0,0.0,0.0,1,920,1055,87.2,4,15,26.7,640,690,92.8,276,350,78.9,155,825,19,0,0,11,26,0,0
388,Ismaila Sarr,sn SEN,FWD,Watford,21,1998,11.7,3,0,0,30,7,0,23.3,2.56,0.60,0.10,0.43,3.4,3.4,0.11,-0.4,-0.4,Matches,2,1.2,+0.8,15,242,323,74.9,7,20,35.0,205,255,80.4,30,48,62.5,20,288,0,2,1,0,11,8,3
389,Fabian Schär,ch SUI,DEF,Newcastle Utd,27,1991,15.5,2,0,0,18,6,1,33.3,1.16,0.39,0.11,0.33,1.2,1.2,0.07,+0.8,+0.8,Matches,0,0.1,-0.1,3,445,613,72.6,5,11,45.5,263,307,85.7,177,295,60.0,85,462,36,0,0,22,60,2,0
390,Ezequiel Schelotto,it ITA,DEF,Brighton,30,1989,3.2,0,0,0,4,0,0,0.0,1.24,0.00,0.00,0,0.3,0.3,0.07,-0.3,-0.3,Matches,0,0.0,0.0,0,104,144,72.2,1,5,20.0,90,112,80.4,13,27,48.1,10,90,1,0,0,33,3,1,1
391,Jeffrey Schlupp,gh GHA,MID,Crystal Palace,26,1992,9.5,2,0,0,14,7,0,50.0,1.47,0.73,0.14,0.29,1.5,1.5,0.11,+0.5,+0.5,Matches,1,1.1,-0.1,7,209,278,75.2,6,11,54.5,176,211,83.4,27,56,48.2,187,47,3,1,0,15,26,4,1
392,Kasper Schmeichel,dk DEN,GK,Leicester City,32,1986,27.0,0,0,0,0,0,0,0,0.00,0.00,0,0,0.0,0.0,0,0.0,0.0,Matches,0,0.2,-0.2,1,650,853,76.2,1,3,33.3,323,325,99.4,326,525,62.1,49,652,83,0,0,0,2,0,0
393,Morgan Schneiderlin,fr FRA,MID,Everton,29,1989,11.1,0,0,0,6,0,0,0.0,0.54,0.00,0.00,0,0.3,0.3,0.06,-0.3,-0.3,Matches,0,0.2,-0.2,4,494,567,87.1,5,14,35.7,344,378,91.0,145,175,82.9,77,452,10,0,0,0,59,6,1
394,Ryan Sessegnon,eng ENG,DEF,Tottenham,19,2000,3.8,0,0,0,1,0,0,0.0,0.26,0.00,0.00,0,0.1,0.1,0.11,-0.1,-0.1,Matches,0,0.1,-0.1,2,145,195,74.4,1,8,12.5,122,143,85.3,22,44,50.0,151,11,2,0,1,24,13,2,1
395,Xherdan Shaqiri,ch SUI,FWD,Liverpool,27,1991,1.9,1,0,0,4,1,0,25.0,2.07,0.52,0.25,1.00,0.5,0.5,0.12,+0.5,+0.5,Matches,0,0.2,-0.2,3,83,101,82.2,1,2,50.0,65,74,87.8,17,25,68.0,75,17,2,0,4,5,11,3,2
396,Billy Sharp,eng ENG,FWD,Sheffield Utd,33,1986,6.6,2,0,0,8,3,0,37.5,1.21,0.45,0.25,0.67,1.4,1.4,0.18,+0.6,+0.6,Matches,0,1.2,-1.2,9,105,142,73.9,4,15,26.7,95,116,81.9,6,11,54.5,10,109,0,0,0,0,5,3,0
397,Luke Shaw,eng ENG,DEF,Manchester Utd,24,1995,11.7,0,0,0,7,4,0,57.1,0.60,0.34,0.00,0.00,0.3,0.3,0.05,-0.3,-0.3,Matches,0,0.5,-0.5,10,695,804,86.4,6,23,26.1,641,694,92.4,48,87,55.2,602,66,13,1,4,84,38,13,2
398,Jonjo Shelvey,eng ENG,MID,Newcastle Utd,27,1992,12.9,5,0,0,25,9,5,36.0,1.94,0.70,0.20,0.56,1.7,1.7,0.07,+3.3,+3.3,Matches,0,1.9,-1.9,25,371,526,70.5,4,11,36.4,217,256,84.8,150,259,57.9,61,438,26,2,37,1,62,10,1
399,Djibril Sidibé,fr FRA,DEF,Everton,27,1992,16.5,0,0,0,9,2,0,22.2,0.54,0.12,0.00,0.00,0.3,0.3,0.03,-0.3,-0.3,Matches,4,2.0,+2.0,17,713,918,77.7,9,36,25.0,564,663,85.1,140,219,63.9,115,601,14,0,1,149,44,10,4
400,Gylfi Sigurðsson,is ISL,MID,Everton,29,1989,20.2,1,0,0,34,11,3,32.4,1.68,0.54,0.03,0.09,2.5,2.5,0.07,-1.5,-1.5,Matches,2,3.5,-1.5,40,584,771,75.7,12,30,40.0,432,509,84.9,140,232,60.3,112,610,34,2,56,2,64,18,2
401,Bernardo Silva,pt POR,FWD,Manchester City,24,1994,16.0,5,0,0,36,13,0,36.1,2.25,0.81,0.14,0.38,4.6,4.6,0.13,+0.4,+0.4,Matches,5,3.8,+1.2,33,880,1025,85.9,18,46,39.1,748,832,89.9,114,147,77.6,900,65,8,3,15,22,40,21,7
402,David Silva,es ESP,MID,Manchester City,33,1986,14.0,3,0,0,31,9,3,29.0,2.21,0.64,0.10,0.33,4.1,4.1,0.13,-1.1,-1.1,Matches,7,3.4,+3.6,31,840,992,84.7,21,57,36.8,708,799,88.6,111,136,81.6,865,102,11,9,5,4,61,43,0
403,Jack Simpson,eng ENG,DEF,Bournemouth,22,1997,1.9,0,0,0,1,0,0,0.0,0.54,0.00,0.00,0,0.0,0.0,0.01,0.0,0.0,Matches,0,0.0,0.0,0,64,89,71.9,1,6,16.7,51,62,82.3,12,21,57.1,58,14,0,0,0,14,5,0,0
404,Moussa Sissoko,fr FRA,MID,Tottenham,29,1989,18.8,2,0,0,12,3,0,25.0,0.64,0.16,0.17,0.67,2.0,2.0,0.17,0.0,0.0,Matches,1,1.0,0.0,11,807,941,85.8,21,33,63.6,648,736,88.0,138,172,80.2,91,740,12,2,0,40,51,8,0
405,Oliver Skipp,eng ENG,DEF,Tottenham,18,2000,0.1,0,0,0,0,0,0,0,0.00,0.00,0,0,0.0,0.0,0,0.0,0.0,Matches,0,0.0,0.0,0,8,8,100.0,0,0,0,6,6,100.0,2,2,100.0,1,7,0,0,0,0,0,0,0
406,William Smallbone,ie IRL,MID,Southampton,19,2000,0.9,0,0,0,1,0,0,0.0,1.13,0.00,0.00,0,0.0,0.0,0.02,0.0,0.0,Matches,0,0.0,0.0,0,26,36,72.2,1,3,33.3,19,26,73.1,6,7,85.7,6,27,0,0,0,0,2,0,0
407,Adam Smith,eng ENG,DEF,Bournemouth,28,1991,15.3,0,0,0,4,1,0,25.0,0.26,0.07,0.00,0.00,0.6,0.6,0.14,-0.6,-0.6,Matches,1,0.6,+0.4,7,600,754,79.6,11,36,30.6,511,572,89.3,78,146,53.4,41,530,16,1,0,134,32,5,0
408,Emile Smith-Rowe,eng ENG,MID,Arsenal,19,2000,1.1,0,0,0,0,0,0,0,0.00,0.00,0,0,0.0,0.0,0,0.0,0.0,Matches,0,0.0,0.0,0,30,36,83.3,1,3,33.3,26,28,92.9,3,5,60.0,3,32,0,0,0,0,3,0,0
409,Robert Snodgrass,sco SCO,MID,West Ham,31,1987,16.7,5,0,0,21,10,0,47.6,1.26,0.60,0.24,0.50,2.5,2.5,0.12,+2.5,+2.5,Matches,5,2.8,+2.2,33,429,625,68.6,11,35,31.4,327,399,82.0,91,191,47.6,532,52,29,2,72,1,31,12,2
410,Cédric Soares,pt POR,DEF,Southampton,27,1991,14.5,0,0,0,10,4,0,40.0,0.69,0.28,0.00,0.00,0.6,0.6,0.06,-0.6,-0.6,Matches,1,1.2,-0.2,14,522,724,72.1,9,22,40.9,425,506,84.0,88,196,44.9,64,414,11,0,0,186,35,12,7
411,Dominic Solanke,eng ENG,FWD,Bournemouth,21,1997,12.9,0,0,0,24,5,0,20.8,1.87,0.39,0.00,0.00,2.1,2.1,0.09,-2.1,-2.1,Matches,1,1.0,0.0,11,236,319,74.0,16,33,48.5,202,257,78.6,18,29,62.1,32,226,1,0,0,0,22,9,1
412,Tomáš Souček,cz CZE,MID,West Ham,24,1995,2.5,0,0,0,1,1,0,100.0,0.41,0.41,0.00,0.00,0.1,0.1,0.11,-0.1,-0.1,Matches,0,0.0,0.0,0,31,57,54.4,0,2,0.0,27,47,57.4,4,8,50.0,5,36,0,0,1,0,2,0,0
413,Çağlar Söyüncü,tr TUR,DEF,Leicester City,23,1996,26.0,1,0,0,15,6,0,40.0,0.58,0.23,0.07,0.17,1.9,1.9,0.13,-0.9,-0.9,Matches,1,0.2,+0.8,3,1509,1649,91.5,9,23,39.1,1099,1158,94.9,401,468,85.7,325,1222,36,0,0,1,77,3,0
414,Dennis Srbeny,de GER,MID,Norwich City,25,1994,0.4,1,0,0,2,1,0,50.0,4.62,2.31,0.50,1.00,0.5,0.5,0.23,+0.5,+0.5,Matches,0,0.0,0.0,0,17,23,73.9,1,2,50.0,16,20,80.0,0,1,0.0,6,12,0,0,0,0,3,0,0
415,Jack Stacey,eng ENG,DEF,Bournemouth,23,1996,9.9,0,0,0,4,2,0,50.0,0.41,0.20,0.00,0.00,0.3,0.3,0.07,-0.3,-0.3,Matches,1,1.1,-0.1,6,337,462,72.9,8,33,24.2,289,343,84.3,40,86,46.5,37,313,3,0,1,76,19,3,1
416,Junior Stanislas,eng ENG,MID,Bournemouth,29,1989,1.5,0,0,0,2,1,1,50.0,1.35,0.68,0.00,0.00,0.2,0.2,0.08,-0.2,-0.2,Matches,0,0.1,-0.1,2,66,78,84.6,1,4,25.0,53,59,89.8,12,15,80.0,3,72,0,0,1,0,2,4,0
417,Jed Steer,eng ENG,GK,Aston Villa,26,1992,0.1,0,0,0,0,0,0,0,0.00,0.00,0,0,0.0,0.0,0,0.0,0.0,Matches,0,0.0,0.0,0,1,2,50.0,0,0,0,0,0,0,1,2,50.0,2,0,0,0,0,0,0,0,0
418,Dale Stephens,eng ENG,MID,Brighton,30,1989,21.6,0,0,0,14,2,0,14.3,0.65,0.09,0.00,0.00,0.5,0.5,0.04,-0.5,-0.5,Matches,1,0.7,+0.3,14,1205,1385,87.0,13,24,54.2,857,947,90.5,335,414,80.9,153,1159,11,3,0,4,116,15,1
419,Jack Stephens,eng ENG,DEF,Southampton,25,1994,18.3,1,0,0,6,1,0,16.7,0.33,0.05,0.17,1.00,0.8,0.8,0.13,+0.2,+0.2,Matches,3,0.8,+2.2,4,546,743,73.5,5,14,35.7,340,399,85.2,201,330,60.9,39,608,28,2,0,13,53,4,0
420,Raheem Sterling,eng ENG,FWD,Manchester City,24,1994,21.5,11,0,1,66,20,1,30.3,3.07,0.93,0.17,0.55,10.8,9.8,0.16,+0.2,+1.2,Matches,1,5.8,-4.8,35,723,914,79.1,12,64,18.8,659,767,85.9,52,83,62.7,115,754,0,3,0,10,22,38,6
421,Enda Stevens,ie IRL,DEF,Sheffield Utd,29,1990,26.5,2,0,0,15,4,0,26.7,0.57,0.15,0.13,0.50,0.8,0.8,0.06,+1.2,+1.2,Matches,2,3.5,-1.5,28,1022,1374,74.4,14,69,20.3,823,964,85.4,185,341,54.3,980,103,4,1,0,231,85,39,8
422,Marco Stiepermann,de GER,MID,Norwich City,28,1991,10.4,0,0,0,18,5,0,27.8,1.73,0.48,0.00,0.00,1.5,1.5,0.08,-1.5,-1.5,Matches,0,0.5,-0.5,9,247,333,74.2,14,33,42.4,206,252,81.7,27,48,56.3,282,31,0,3,0,1,26,7,0
423,John Stones,eng ENG,DEF,Manchester City,25,1994,10.1,0,0,0,6,1,0,16.7,0.60,0.10,0.00,0.00,0.6,0.6,0.11,-0.6,-0.6,Matches,0,0.1,-0.1,2,725,764,94.9,0,3,0.0,493,517,95.4,232,244,95.1,74,627,8,0,0,4,71,1,0
424,Isaac Success,ng NGA,FWD,Watford,23,1996,0.7,0,0,0,1,1,0,100.0,1.38,1.38,0.00,0.00,0.1,0.1,0.08,-0.1,-0.1,Matches,0,0.1,-0.1,1,14,21,66.7,3,4,75.0,10,16,62.5,1,1,100.0,1,15,0,0,0,0,0,2,0
425,Ki Sung-yueng,kr KOR,MID,Newcastle Utd,30,1989,1.5,0,0,0,0,0,0,0,0.00,0.00,0,0,0.0,0.0,0,0.0,0.0,Matches,0,0.1,-0.1,2,59,67,88.1,2,2,100.0,36,41,87.8,21,24,87.5,5,57,3,0,3,0,4,0,0
426,Andrew Surman,eng ENG,MID,Bournemouth,32,1986,2.6,0,0,0,1,0,0,0.0,0.38,0.00,0.00,0,0.0,0.0,0.03,0.0,0.0,Matches,0,0.0,0.0,1,102,127,80.3,5,5,100.0,73,89,82.0,24,33,72.7,95,13,7,0,2,0,6,1,0
427,Sam Surridge,eng ENG,FWD,Bournemouth,21,1998,0.2,0,0,0,0,0,0,0,0.00,0.00,0,0,0.0,0.0,0,0.0,0.0,Matches,0,0.0,0.0,0,2,3,66.7,0,0,0,2,3,66.7,0,0,0,0,2,0,0,0,0,1,0,0
428,Japhet Tanganga,eng ENG,DEF,Tottenham,20,1999,4.0,0,0,0,1,1,0,100.0,0.25,0.25,0.00,0.00,0.0,0.0,0.02,0.0,0.0,Matches,0,0.0,0.0,0,125,155,80.6,1,9,11.1,105,118,89.0,19,28,67.9,14,101,4,0,0,26,6,0,0
429,Matt Targett,eng ENG,DEF,Aston Villa,23,1995,17.8,1,0,0,6,4,1,66.7,0.34,0.22,0.17,0.25,0.4,0.4,0.07,+0.6,+0.6,Matches,2,2.5,-0.5,22,668,898,74.4,13,44,29.5,534,623,85.7,121,231,52.4,592,92,26,0,10,137,50,25,11
430,James Tarkowski,eng ENG,DEF,Burnley,26,1992,27.0,1,0,0,15,2,0,13.3,0.56,0.07,0.07,0.50,1.6,1.6,0.11,-0.6,-0.6,Matches,1,1.0,0.0,7,620,850,72.9,6,21,28.6,357,441,81.0,257,388,66.2,102,580,12,0,0,2,44,6,0
431,Charlie Taylor,eng ENG,DEF,Burnley,25,1993,13.3,0,0,0,1,0,0,0.0,0.08,0.00,0.00,0,0.0,0.0,0.03,0.0,0.0,Matches,0,0.9,-0.9,10,442,647,68.3,8,39,20.5,337,413,81.6,97,195,49.7,399,16,5,1,0,172,32,13,12
432,Neil Taylor,wal WAL,DEF,Aston Villa,30,1989,8.8,0,0,0,3,0,0,0.0,0.34,0.00,0.00,0,0.2,0.2,0.07,-0.2,-0.2,Matches,0,0.1,-0.1,1,297,375,79.2,5,16,31.3,253,286,88.5,39,73,53.4,208,82,0,0,0,71,14,1,0
433,Alexander Tettey,no NOR,MID,Norwich City,33,1986,18.2,1,0,0,18,3,0,16.7,0.99,0.17,0.06,0.33,0.6,0.6,0.03,+0.4,+0.4,Matches,1,0.8,+0.2,5,771,874,88.2,10,22,45.5,629,690,91.2,132,162,81.5,112,679,8,1,0,0,40,4,0
434,Youri Tielemans,be BEL,MID,Leicester City,22,1997,23.6,3,0,0,42,11,0,26.2,1.78,0.47,0.07,0.27,2.3,2.3,0.05,+0.7,+0.7,Matches,5,4.0,+1.0,34,1047,1295,80.8,26,46,56.5,809,934,86.6,212,315,67.3,236,982,28,8,14,11,112,28,4
435,Kieran Tierney,sco SCO,DEF,Arsenal,22,1997,3.3,0,0,0,2,0,0,0.0,0.60,0.00,0.00,0,0.1,0.1,0.04,-0.1,-0.1,Matches,0,0.5,-0.5,4,135,176,76.7,2,10,20.0,105,120,87.5,28,46,60.9,119,14,2,0,0,35,5,5,4
436,James Tomkins,eng ENG,DEF,Crystal Palace,30,1989,17.6,1,0,0,9,2,0,22.2,0.51,0.11,0.11,0.50,1.3,1.3,0.14,-0.3,-0.3,Matches,1,0.1,+0.9,2,505,626,80.7,6,14,42.9,311,347,89.6,188,265,70.9,81,474,26,0,0,3,21,1,0
437,Fikayo Tomori,eng ENG,DEF,Chelsea,21,1997,13.7,1,0,0,7,3,0,42.9,0.51,0.22,0.14,0.33,0.6,0.6,0.08,+0.4,+0.4,Matches,0,0.2,-0.2,4,920,1030,89.3,4,14,28.6,611,650,94.0,305,366,83.3,251,724,9,1,0,9,54,4,0
438,Lucas Torreira,uy URU,MID,Arsenal,23,1996,15.2,1,0,0,20,6,0,30.0,1.31,0.39,0.05,0.17,1.6,1.6,0.08,-0.6,-0.6,Matches,1,1.1,-0.1,14,720,821,87.7,9,25,36.0,517,570,90.7,194,226,85.8,78,687,22,1,11,2,41,3,0
439,Cenk Tosun,tr TUR,FWD,Everton,28,1991,3.2,1,0,0,11,3,0,27.3,3.41,0.93,0.09,0.33,0.8,0.8,0.07,+0.2,+0.2,Matches,0,0.1,-0.1,4,42,62,67.7,1,3,33.3,38,50,76.0,3,9,33.3,17,34,0,0,0,0,2,3,0
440,Cenk Tosun,tr TUR,FWD,Crystal Palace,28,1991,1.9,1,0,0,4,2,0,50.0,2.08,1.04,0.25,0.50,0.8,0.8,0.19,+0.2,+0.2,Matches,0,0.0,0.0,0,28,46,60.9,0,2,0.0,23,36,63.9,5,8,62.5,13,26,0,1,0,0,3,1,0
441,Andros Townsend,eng ENG,MID,Crystal Palace,28,1991,8.8,1,0,0,5,4,0,80.0,0.57,0.45,0.20,0.25,0.2,0.2,0.04,+0.8,+0.8,Matches,1,1.2,-0.2,8,189,274,69.0,6,18,33.3,156,186,83.9,27,70,38.6,198,71,1,0,4,3,12,7,3
442,Adama Traoré,es ESP,FWD,Wolves,23,1996,21.9,4,0,0,32,9,0,28.1,1.46,0.41,0.13,0.44,2.2,2.2,0.07,+1.8,+1.8,Matches,7,5.5,+1.5,37,457,713,64.1,5,50,10.0,380,509,74.7,72,154,46.8,68,566,0,3,0,35,33,15,2
443,Mark Travers,ie IRL,GK,Bournemouth,20,1999,1.0,0,0,0,0,0,0,0,0.00,0.00,0,0,0.0,0.0,0,0.0,0.0,Matches,0,0.0,0.0,0,23,32,71.9,0,0,0,12,12,100.0,11,20,55.0,3,24,1,0,0,0,0,0,0
444,Trézéguet,eg EGY,FWD,Aston Villa,24,1994,14.7,3,0,0,37,10,2,27.0,2.52,0.68,0.08,0.30,2.8,2.8,0.07,+0.2,+0.2,Matches,1,0.7,+0.3,15,221,325,68.0,7,24,29.2,179,222,80.6,35,79,44.3,17,273,2,1,10,7,11,7,4
445,Leandro Trossard,be BEL,FWD,Brighton,24,1994,14.1,3,0,0,25,9,0,36.0,1.77,0.64,0.12,0.33,2.6,2.6,0.10,+0.4,+0.4,Matches,3,3.1,-0.1,28,402,571,70.4,5,30,16.7,304,391,77.7,93,150,62.0,127,413,16,2,9,12,30,20,7
446,Tom Trybull,de GER,MID,Norwich City,26,1993,11.4,0,0,0,11,2,0,18.2,0.96,0.17,0.00,0.00,0.4,0.4,0.04,-0.4,-0.4,Matches,0,0.0,0.0,1,520,558,93.2,6,10,60.0,429,451,95.1,85,97,87.6,70,451,19,0,0,0,39,0,0
447,Axel Tuanzebe,eng ENG,DEF,Manchester Utd,21,1997,2.1,0,0,0,0,0,0,0,0.00,0.00,0,0,0.0,0.0,0,0.0,0.0,Matches,0,0.0,0.0,0,127,141,90.1,1,3,33.3,102,110,92.7,24,28,85.7,18,104,1,0,0,11,8,0,0
448,Yan Valery,fr FRA,DEF,Southampton,20,1999,6.2,0,0,0,2,1,0,50.0,0.32,0.16,0.00,0.00,0.2,0.2,0.12,-0.2,-0.2,Matches,0,0.7,-0.7,2,143,232,61.6,3,12,25.0,112,152,73.7,28,68,41.2,8,136,2,0,0,67,5,1,1
449,Jesús Vallejo,es ESP,DEF,Wolves,22,1997,1.8,0,0,0,0,0,0,0,0.00,0.00,0,0,0.0,0.0,0,0.0,0.0,Matches,0,0.0,0.0,0,81,104,77.9,1,1,100.0,50,59,84.7,30,44,68.2,5,94,1,0,0,0,7,1,0
450,Jamie Vardy,eng ENG,FWD,Leicester City,32,1987,24.4,17,3,4,56,29,0,51.8,2.30,1.19,0.25,0.48,13.4,10.3,0.20,+3.6,+3.7,Matches,4,3.4,+0.6,14,217,322,67.4,12,36,33.3,184,244,75.4,21,42,50.0,55,215,0,2,0,1,9,9,2
451,Indiana Vassilev,us USA,FWD,Aston Villa,18,2001,0.4,0,0,0,0,0,0,0,0.00,0.00,0,0,0.0,0.0,0,0.0,0.0,Matches,0,0.0,0.0,0,7,9,77.8,1,2,50.0,6,7,85.7,0,0,0,5,3,0,0,0,1,0,0,0
452,Jan Vertonghen,be BEL,DEF,Tottenham,32,1987,16.2,1,0,0,3,2,0,66.7,0.19,0.12,0.33,0.50,0.4,0.4,0.13,+0.6,+0.6,Matches,1,0.9,+0.1,3,826,976,84.6,4,21,19.0,604,662,91.2,218,293,74.4,641,222,35,0,0,53,49,0,0
453,Jannik Vestergaard,dk DEN,DEF,Southampton,26,1992,12.4,1,0,0,8,4,0,50.0,0.65,0.32,0.13,0.25,0.8,0.8,0.10,+0.2,+0.2,Matches,0,0.1,-0.1,3,417,518,80.5,5,7,71.4,307,346,88.7,105,165,63.6,162,275,15,1,0,26,42,3,0
454,Rúben Vinagre,pt POR,DEF,Wolves,20,1999,3.9,0,0,0,5,0,0,0.0,1.29,0.00,0.00,0,0.4,0.4,0.08,-0.4,-0.4,Matches,0,0.6,-0.6,4,143,196,73.0,0,13,0.0,121,139,87.1,22,44,50.0,143,10,3,0,0,37,8,5,5
455,Mario Vrančić,ba BIH,MID,Norwich City,30,1989,3.9,1,0,0,8,2,1,25.0,2.03,0.51,0.13,0.50,0.8,0.8,0.10,+0.2,+0.2,Matches,0,0.3,-0.3,6,197,247,79.8,4,8,50.0,156,173,90.2,37,66,56.1,180,45,7,2,0,0,13,2,0
456,Matěj Vydra,cz CZE,FWD,Burnley,27,1992,2.8,2,0,0,9,6,0,66.7,3.24,2.16,0.22,0.33,1.8,1.8,0.20,+0.2,+0.2,Matches,1,0.1,+0.9,2,20,29,69.0,1,1,100.0,19,27,70.4,0,1,0.0,4,16,0,0,0,1,3,0,0
457,Theo Walcott,eng ENG,MID,Everton,30,1989,10.7,1,0,0,25,8,0,32.0,2.34,0.75,0.04,0.13,2.3,2.3,0.09,-1.3,-1.3,Matches,2,1.7,+0.3,13,194,299,64.9,2,24,8.3,168,220,76.4,24,55,43.6,18,254,0,2,2,4,13,10,1
458,Kyle Walker,eng ENG,DEF,Manchester City,29,1990,20.1,1,0,0,12,2,0,16.7,0.60,0.10,0.08,0.50,0.8,0.8,0.06,+0.2,+0.2,Matches,2,1.5,+0.5,11,1386,1574,88.1,12,45,26.7,999,1083,92.2,375,446,84.1,39,1329,22,2,1,145,164,13,0
459,Kyle Walker-Peters,eng ENG,DEF,Tottenham,22,1997,2.7,0,0,0,1,0,0,0.0,0.37,0.00,0.00,0,0.0,0.0,0.03,0.0,0.0,Matches,0,0.1,-0.1,2,183,214,85.5,1,8,12.5,156,165,94.5,26,41,63.4,15,171,4,0,0,23,12,1,0
460,Kyle Walker-Peters,eng ENG,DEF,Southampton,22,1997,0.8,0,0,0,0,0,0,0,0.00,0.00,0,0,0.0,0.0,0,0.0,0.0,Matches,0,0.0,0.0,0,39,57,68.4,0,3,0.0,37,48,77.1,2,6,33.3,3,31,1,0,0,21,3,1,0
461,Aaron Wan-Bissaka,eng ENG,DEF,Manchester Utd,21,1997,23.9,0,0,0,7,1,0,14.3,0.29,0.04,0.00,0.00,0.4,0.4,0.06,-0.4,-0.4,Matches,2,2.3,-0.3,19,1183,1479,80.0,27,78,34.6,1059,1226,86.4,97,175,55.4,59,1098,11,0,0,274,83,4,0
462,Victor Wanyama,ke KEN,MID,Tottenham,28,1991,0.3,0,0,0,0,0,0,0,0.00,0.00,0,0,0.0,0.0,0,0.0,0.0,Matches,0,0.0,0.0,0,18,19,94.7,2,2,100.0,11,12,91.7,5,5,100.0,0,16,1,0,0,1,3,0,0
463,Joel Ward,eng ENG,DEF,Crystal Palace,29,1989,15.5,0,0,0,3,1,0,33.3,0.19,0.06,0.00,0.00,0.1,0.1,0.05,-0.1,-0.1,Matches,0,0.2,-0.2,4,574,758,75.7,15,41,36.6,458,538,85.1,101,179,56.4,61,476,9,0,0,164,46,4,2
464,James Ward-Prowse,eng ENG,MID,Southampton,24,1994,27.0,4,1,2,35,15,17,42.9,1.30,0.56,0.09,0.20,4.5,2.8,0.10,-0.5,+0.2,Matches,2,3.6,-1.6,43,955,1323,72.2,19,48,39.6,701,826,84.9,235,449,52.3,112,1015,59,3,127,42,84,18,1
465,Adam Webster,eng ENG,DEF,Brighton,24,1995,20.4,3,0,0,14,6,0,42.9,0.69,0.29,0.21,0.50,1.1,1.1,0.08,+1.9,+1.9,Matches,1,1.1,-0.1,9,1141,1338,85.3,6,21,28.6,771,852,90.5,364,465,78.3,248,949,35,1,0,31,55,5,1
466,Danny Welbeck,eng ENG,FWD,Watford,28,1990,2.9,0,0,0,5,2,0,40.0,1.72,0.69,0.00,0.00,0.6,0.6,0.13,-0.6,-0.6,Matches,0,0.1,-0.1,2,45,56,80.4,0,1,0.0,41,49,83.7,4,6,66.7,1,46,0,0,0,0,4,2,0
467,Ashley Westwood,eng ENG,MID,Burnley,29,1990,24.0,2,0,0,11,3,2,27.3,0.46,0.12,0.18,0.67,1.1,1.1,0.10,+0.9,+0.9,Matches,5,3.8,+1.2,34,850,1158,73.4,18,39,46.2,584,683,85.5,248,436,56.9,67,1029,43,6,66,2,102,13,4
468,Connor Wickham,eng ENG,FWD,Crystal Palace,26,1993,1.0,1,0,0,4,2,0,50.0,4.00,2.00,0.25,0.50,1.4,1.4,0.35,-0.4,-0.4,Matches,1,0.6,+0.4,2,29,44,65.9,2,5,40.0,23,32,71.9,4,7,57.1,5,16,0,0,0,1,2,0,0
469,Georginio Wijnaldum,nl NED,MID,Liverpool,28,1990,24.2,3,0,0,27,12,0,44.4,1.11,0.50,0.11,0.25,1.8,1.8,0.07,+1.2,+1.2,Matches,0,1.0,-1.0,10,1068,1176,90.8,20,39,51.3,893,956,93.4,155,181,85.6,129,973,11,4,0,11,97,17,0
470,Jetro Willems,nl NED,DEF,Newcastle Utd,25,1994,16.6,2,0,0,14,6,0,42.9,0.84,0.36,0.14,0.33,0.6,0.6,0.04,+1.4,+1.4,Matches,2,1.3,+0.7,16,408,582,70.1,6,26,23.1,321,387,82.9,81,169,47.9,336,91,10,0,1,121,30,13,5
471,Brandon Williams,eng ENG,DEF,Manchester Utd,18,2000,7.6,1,0,0,5,2,0,40.0,0.66,0.26,0.20,0.50,0.5,0.5,0.11,+0.5,+0.5,Matches,0,0.3,-0.3,9,346,422,82.0,4,10,40.0,299,343,87.2,43,69,62.3,121,238,5,0,1,45,17,12,1
472,Willian,br BRA,FWD,Chelsea,30,1988,20.4,4,1,1,49,15,4,30.6,2.41,0.74,0.06,0.20,3.6,2.8,0.06,+0.4,+0.2,Matches,4,4.0,0.0,43,860,1090,78.9,24,45,53.3,659,772,85.4,177,273,64.8,120,926,11,4,61,7,54,45,5
473,Joe Willock,eng ENG,MID,Arsenal,19,1999,6.4,0,0,0,8,3,0,37.5,1.25,0.47,0.00,0.00,0.8,0.8,0.10,-0.8,-0.8,Matches,0,0.5,-0.5,11,221,269,82.2,10,15,66.7,172,197,87.3,39,57,68.4,30,220,1,0,1,1,25,5,0
474,Jack Wilshere,eng ENG,MID,West Ham,27,1992,1.9,0,0,0,0,0,0,0,0.00,0.00,0,0,0.0,0.0,0,0.0,0.0,Matches,0,0.0,0.0,0,50,59,84.7,1,2,50.0,44,49,89.8,5,8,62.5,50,3,2,0,0,0,3,0,0
475,Callum Wilson,eng ENG,FWD,Bournemouth,27,1992,24.1,7,0,0,38,16,0,42.1,1.58,0.66,0.18,0.44,7.7,7.7,0.20,-0.7,-0.7,Matches,0,2.2,-2.2,21,263,396,66.4,17,51,33.3,218,302,72.2,28,43,65.1,42,298,0,5,0,1,24,10,1
476,Harry Wilson,wal WAL,MID,Bournemouth,22,1997,16.1,7,0,0,45,16,12,35.6,2.80,1.00,0.16,0.44,3.5,3.5,0.08,+3.5,+3.5,Matches,0,1.8,-1.8,15,382,503,75.9,6,31,19.4,284,332,85.5,92,140,65.7,427,46,7,6,15,8,30,19,2
477,Harry Winks,eng ENG,MID,Tottenham,23,1996,16.7,0,0,0,8,2,0,25.0,0.48,0.12,0.00,0.00,0.3,0.3,0.04,-0.3,-0.3,Matches,0,0.9,-0.9,13,1013,1151,88.0,13,24,54.2,764,823,92.8,236,304,77.6,144,965,22,4,6,4,111,13,1
478,Chris Wood,nz NZL,FWD,Burnley,27,1991,21.6,10,0,0,45,21,0,46.7,2.08,0.97,0.22,0.48,8.7,8.7,0.19,+1.3,+1.3,Matches,1,0.8,+0.2,15,244,375,65.1,15,30,50.0,209,310,67.4,20,35,57.1,44,204,0,0,0,1,8,5,0
479,Granit Xhaka,ch SUI,MID,Arsenal,26,1992,20.2,0,0,0,8,2,0,25.0,0.40,0.10,0.00,0.00,0.2,0.2,0.03,-0.2,-0.2,Matches,1,0.9,+0.1,12,1222,1383,88.4,7,20,35.0,875,952,91.9,340,411,82.7,1084,211,45,3,0,11,143,19,2
480,Andriy Yarmolenko,ua UKR,MID,West Ham,29,1989,9.2,3,0,0,20,9,1,45.0,2.17,0.98,0.15,0.33,1.5,1.5,0.07,+1.5,+1.5,Matches,1,2.5,-1.5,13,260,324,80.2,10,18,55.6,202,232,87.1,48,74,64.9,238,70,3,1,1,2,11,6,1
481,DeAndre Yedlin,us USA,DEF,Newcastle Utd,26,1993,8.6,1,0,0,1,1,0,100.0,0.12,0.12,1.00,1.00,0.7,0.7,0.68,+0.3,+0.3,Matches,0,0.2,-0.2,5,195,272,71.7,6,16,37.5,154,187,82.4,35,69,50.7,13,202,1,0,0,34,10,3,1
482,Maya Yoshida,jp JPN,DEF,Southampton,30,1988,6.2,0,0,0,4,3,0,75.0,0.65,0.48,0.00,0.00,0.6,0.6,0.14,-0.6,-0.6,Matches,0,0.0,0.0,0,207,247,83.8,3,4,75.0,151,167,90.4,53,76,69.7,49,174,5,0,0,3,10,1,0
483,Ashley Young,eng ENG,DEF,Manchester Utd,34,1985,10.6,0,0,0,3,0,0,0.0,0.28,0.00,0.00,0,0.1,0.1,0.04,-0.1,-0.1,Matches,0,1.2,-1.2,17,565,735,76.9,3,20,15.0,441,495,89.1,121,220,55.0,86,502,28,1,35,119,58,11,1
484,Pablo Zabaleta,ar ARG,DEF,West Ham,34,1985,6.5,0,0,0,1,0,0,0.0,0.15,0.00,0.00,0,0.1,0.1,0.06,-0.1,-0.1,Matches,0,0.4,-0.4,4,247,326,75.8,1,14,7.1,211,246,85.8,35,66,53.0,27,201,4,0,0,64,28,3,0
485,Wilfried Zaha,ci CIV,MID,Crystal Palace,26,1992,26.3,3,0,0,38,10,0,26.3,1.45,0.38,0.08,0.30,2.7,2.7,0.07,+0.3,+0.3,Matches,3,2.4,+0.6,27,704,898,78.4,15,59,25.4,595,707,84.2,94,132,71.2,117,742,1,0,0,22,39,53,8
486,Christoph Zimmermann,de GER,DEF,Norwich City,26,1993,14.4,0,0,0,6,1,0,16.7,0.42,0.07,0.00,0.00,0.4,0.4,0.07,-0.4,-0.4,Matches,1,0.0,+1.0,0,479,585,81.9,3,10,30.0,306,331,92.4,170,244,69.7,76,461,17,0,0,3,22,1,0
487,Oleksandr Zinchenko,ua UKR,DEF,Manchester City,22,1996,9.2,0,0,0,12,2,0,16.7,1.30,0.22,0.00,0.00,0.3,0.3,0.03,-0.3,-0.3,Matches,0,0.7,-0.7,12,743,824,90.2,8,16,50.0,618,666,92.8,117,142,82.4,657,58,5,1,1,68,71,18,9
488,Kurt Zouma,fr FRA,DEF,Chelsea,24,1994,19.0,0,0,0,12,4,0,33.3,0.63,0.21,0.00,0.00,0.6,0.6,0.05,-0.6,-0.6,Matches,0,0.2,-0.2,1,1218,1383,88.1,3,14,21.4,777,846,91.8,438,523,83.7,241,1051,22,0,0,4,73,2,0
